Barcode,EAN,Category,ItemName,BuyPrice,SellPrice,ShortcutForeColor,ShortcutBackColor,Status,Shortcut,ItemStock,ItemBrand,delay,unit,StockFaible,ShortCutOrder,startingprice,discount,fodec,tva,marge,buypriceht,sellpriceht,defaultsupplier
1,3610340232435,50,Garnier U.D SHP 200ML AVOCAT -KARITÉ,8.257,9.6,-1,-14774017,1,1,0.0,19,0,1,6.0,6,7.625,9.0,0.0,19.0,16.26,6.939,8.067,51.0
2,3610340318481,50,Garnier U.D SHP 200ML OLIVE MYTHIQUE,8.257,9.6,-1,-14774017,1,0,9.0,19,0,1,6.0,0,7.625,9.0,0.0,19.0,16.26,6.939,8.067,12.0
3,3610340232411,50,Garnier U.D SHP 200ML TRÉSOR DE MIEL,8.257,9.6,-1,-14774017,1,0,0.0,19,0,1,6.0,0,7.625,9.0,0.0,19.0,16.26,6.939,8.067,
4,3610340232428,50,Garnier U.D SHP 200ML RICIN ET D'AMANDE,8.257,9.6,-1,-14774017,1,0,13.0,19,0,1,3.0,0,7.625,9.0,0.0,19.0,16.26,6.939,8.067,
5,3610340232381,50,Garnier U.D SHP 200ML CAMOMILLE,8.166,9.6,-1,-14774017,1,0,1.0,19,0,1,6.0,0,7.625,10.0,0.0,19.0,17.55,6.863,8.067,
6,3610340652370,1,Garnier U.D SHP 200ML CHARBON NOIR,8.257,9.6,-1,-14774017,1,0,7.0,19,0,1,3.0,0,7.625,9.0,0.0,19.0,16.26,6.939,8.067,
7,3610340634284,1,Garnier U.D SHP 200ML LAIT D'AMANDE,8.166,9.6,-1,-14774017,1,0,0.0,19,0,1,6.0,0,7.625,10.0,0.0,19.0,17.55,6.863,8.067,
8,3610340652745,1,Garnier U.D SHP 400ML shp avocat karité,12.941,13.9,-1,-14774017,1,0,1.0,19,0,1,6.0,0,11.95,9.0,0.0,19.0,7.41,10.875,11.681,18.0
9,3600542418836,1,Garnier U.D SHP 400ML CAMOMILLE,12.941,13.9,-1,-14774017,1,0,0.0,19,0,1,3.0,0,11.95,9.0,0.0,19.0,7.41,10.875,11.681,
10,3610340652356,1,Garnier U.D SHP 400ML CHARBON NOIR,12.798,16.9,-1,-14774017,1,0,9.0,19,0,1,3.0,0,11.95,10.0,0.0,19.0,32.05,10.755,14.202,110.0
11,3610340078941,1,Garnier U.D SHP 400ML RICIN ET D'AMANDE,12.941,16.9,-1,-14774017,1,0,6.0,19,0,1,3.0,0,11.95,9.0,0.0,19.0,30.59,10.875,14.202,111.0
12,3610340027178,0,Garnier U.D SHP OLIVE MYTHIQUE 400ML,15.107,16.9,-1,-14774017,1,0,2.0,19,0,1,6.0,0,13.95,9.0,0.0,19.0,11.87,12.695,14.202,112.0
13,3610340033360,0,Garnier U.D shp trésors de miel 400ML,15.107,16.9,-1,-14774017,1,0,7.0,19,0,1,6.0,0,13.95,9.0,0.0,19.0,11.87,12.695,14.202,113.0
16,3600541702486,2,Garnier U.D A/SHP OLIVE MYTIQUE,9.425,11.3,-1,-14774017,1,0,6.0,19,0,1,6.0,0,8.8,10.0,0.0,19.0,19.9,7.92,9.496,
17,3610340584428,0,Garnier U.D A/SHP TRÉSOR DE MIEL,9.53,11.4,-1,-14774017,1,0,4.0,19,0,1,6.0,0,8.8,9.0,0.0,19.0,19.9,8.008,9.602,117.0
18,3610340079986,2,Garnier U.D A/SHP RINCIN D'AMANDE,9.52952,11.299151864,-1,-14774017,1,0,3.0,19,0,1,3.0,0,8.8,9.0,0.0,19.0,18.57,8.008,9.4950856,518.0
19,3610340584381,2,Garnier U.D A/SHP CAMOMILLE / MIEL,9.425,11.3,-1,-14774017,1,0,5.0,19,0,1,3.0,0,8.8,10.0,0.0,19.0,19.9,7.92,9.496,0.0
20,3610340652332,2,Garnier U.D A/SHP CHARBON NOIR ET HUILE DE NIGELLE,9.425,11.3,-1,-14774017,1,0,7.0,19,0,1,3.0,0,8.8,10.0,0.0,19.0,19.9,7.92,9.496,120.0
21,3610340634482,2,Garnier U.D A/SHP LAIT D'AMANDE,9.4248,11.3003352,-1,-14774017,1,0,5.0,19,0,1,3.0,0,8.8,10.0,0.0,19.0,19.9,7.92,9.49608,121.0
22,3600540539397,0,Garnier U.D CRÈME SANS RINÇAGE AVOCAT 200ML,17.055675,19.4997532275,-1,-14774017,1,0,5.0,19,0,1,2.0,0,15.75,9.0,0.0,19.0,14.33,14.3325,16.38634725,122.0
23,3600541696716,0,Garnier U.D CRÈME SANS RINÇAGE OLIVE 200ML,16.44,19.5,-1,-14774017,1,0,5.0,19,0,1,2.0,0,15.35,10.0,0.0,19.0,18.6,13.815,16.385,123.0
24,3600542164412,0,Garnier U.D CRÈME SANS RINÇAGE LAIT D'AMANDE 200ML,16.44,19.498,-1,-14774017,1,0,3.0,19,0,1,2.0,0,15.35,10.0,0.0,19.0,18.6,13.815,16.385,124.0
25,3600542402408,0,Garnier U.D CRÈME SANS RINÇAGE CHARBON 200ML,16.44,19.498,-1,-14774017,1,0,4.0,19,0,1,2.0,0,15.35,10.0,0.0,19.0,18.6,13.815,16.385,125.0
26,3600542375160,0,Garnier U.D CRÈME SANS RINÇAGE TRÉSOR 200ML,16.44,19.498,-1,-14774017,1,0,3.0,19,0,1,2.0,0,15.35,10.0,0.0,19.0,18.6,13.815,16.385,126.0
32,3600542509725,4,Garnier U.D MASQUE OLIVE 340ML,14.72744,17.499144208,-1,-14774017,1,0,6.0,19,0,1,3.0,0,13.6,9.0,0.0,19.0,18.82,12.376,14.7051632,132.0
33,3600542370158,4,Garnier  U.D MASQUE HAIRFOOD BANANE 390ML,18.796,21.6,-1,-14774017,1,0,1.0,9,0,1,3.0,0,17.55,10.0,0.0,19.0,14.9,15.795,18.148,133.0
34,3600542370318,4,Garnier U.D MASQUE HAIRFOOD PAPAYE 390 ML,18.796,21.6,-1,-14774017,1,0,5.0,9,0,1,3.0,0,17.55,10.0,0.0,19.0,14.9,15.795,18.148,134.0
35,3600542445931,4,Garnier U.D MASQUE HAIRFOOD ALOE VERA  390ML,18.796,21.6,-1,-14774017,1,0,6.0,19,0,1,3.0,0,17.55,10.0,0.0,19.0,14.9,15.795,18.148,135.0
36,3610340038778,4,Garnier U.D HUILE D'OLIVE 140ML,17.326,21.5,-1,-14774017,1,0,1.0,19,0,1,2.0,0,16.0,9.0,0.0,19.0,24.09,14.56,18.068,136.0
37,6192440000086,15,JET 7 GEL A COIFFER 150 GR,1.705,2.2,-1,-14774017,1,0,9.0,0,0,1,6.0,0,1.508,5.0,0.0,19.0,29.0,1.433,1.849,137.0
38,6192440000079,0,JET 7 GEL A COIFFER 350 GR,2.374,3.1,-1,-14774017,1,0,12.0,0,0,1,3.0,0,2.1,5.0,0.0,19.0,30.56,1.995,2.605,138.0
39,6192440000925,1,JET 7 SHP ROSEMARY ACTIVATE 500ML,4.274,5.8,-1,-14774017,1,0,4.0,0,0,1,3.0,0,3.781,5.0,0.0,19.0,35.7,3.592,4.874,139.0
40,6192440000888,1,JET 7 SHP KERATINE VEGETALE 500ML,4.2744205,5.8003886185,-1,-14774017,1,0,3.0,0,0,1,3.0,0,3.781,5.0,0.0,19.0,35.7,3.59195,4.87427615,140.0
41,6192440000895,1,JET 7 SHP ALOE VERA MAX 500ML,4.274,5.8,-1,-14774017,1,0,3.0,0,0,1,3.0,0,3.781,5.0,0.0,19.0,35.7,3.592,4.874,141.0
42,6192440002318,3,JET 7 G.D FRUTTI 500ML,4.409,5.5,-1,-14774017,1,0,4.0,0,0,1,3.0,0,3.9,5.0,0.0,19.0,24.74,3.705,4.622,0.0
43,6192440002349,0,JET 7 G.D FLORAL 500ML,4.409,5.0,-1,-14774017,1,0,4.0,0,0,1,3.0,0,3.9,5.0,0.0,19.0,13.4,3.705,4.201,143.0
44,6192440002325,3,JET 7 G.D CITRUS 500ML,4.409,5.5,-1,-14774017,1,0,4.0,0,0,1,3.0,0,3.9,5.0,0.0,19.0,24.74,3.705,4.622,144.0
45,6192440002332,3,JET 7 G.D EXOTIC 500ML,4.409,5.5,-1,-14774017,1,0,8.0,0,0,1,3.0,0,3.9,5.0,0.0,19.0,24.74,3.705,4.622,0.0
46,6192440002356,3,JET 7 G.D MARINZ 2EN1 500ML,4.409,5.5,-1,-14774017,1,0,4.0,0,0,1,3.0,0,3.9,5.0,0.0,19.0,24.74,3.705,4.622,146.0
47,6192440000390,0,JET 7 CIRE 40GR,1.306,1.7,-1,-14774017,1,0,17.0,0,0,1,6.0,0,1.155,5.0,0.0,19.0,30.2,1.097,1.428,147.0
48,6192440000369,15,JET 7 CIRE 100G,2.731,3.3,-1,-14774017,1,0,7.0,0,0,1,6.0,0,2.416,5.0,0.0,19.0,20.8,2.295,2.772,148.0
49,6192440000611,15,JET 7 CIRE 200 GR,3.7204755,4.501775355,-1,-14774017,1,0,13.0,0,0,1,3.0,0,3.291,5.0,0.0,19.0,21.0,3.12645,3.7830045,149.0
50,6192440000406,0,JET 7 CIRE 510 GR,8.479,9.9,-1,-14774017,1,0,3.0,0,0,1,3.0,0,7.5,5.0,0.0,19.0,16.76,7.125,8.319,150.0
51,6192440000420,20,JET 7 GEL A RASER 510 GR,4.296,5.6,-1,-14774017,1,0,11.0,0,0,1,3.0,0,3.8,5.0,0.0,19.0,30.35,3.61,4.706,151.0
52,6192440002219,20,JET 7 CREME A RASER COOL 320ML,5.031,6.6,-1,-14774017,1,0,4.0,0,0,1,2.0,0,4.45,5.0,0.0,19.0,31.2,4.228,5.547,152.0
53,6192440002202,20,JET 7 CREME A RASER MENTE 320ML,5.030725,6.4996967,-1,-14774017,1,0,3.0,0,0,1,2.0,0,4.45,5.0,0.0,19.0,29.2,4.2275,5.46193,553.0
54,6192440001922,0,JET 7 SHP KÉRATINE 55ML,0.982,1.203,-1,-14774017,1,0,19.0,0,0,1,3.0,0,0.825,0.0,0.0,19.0,22.5,0.825,1.011,154.0
55,6192440000710,0,JET 7 VASELINE 50ML,1.239,1.7,-1,-14774017,1,0,15.0,0,0,1,2.0,0,1.225,15.0,0.0,19.0,37.2,1.041,1.428,155.0
56,6192440000024,15,JET 7 GEL A COIFFER 1 KG,4.239375,4.896478125,-1,-14774017,1,0,14.0,0,0,1,3.0,0,3.75,5.0,0.0,19.0,15.5,3.5625,4.1146875,156.0
57,8697926025242,0,CLASS CIRE BLUE POWER 150 ML,5.236,6.901048,-1,-14774017,1,0,7.0,0,0,1,6.0,0,4.4,0.0,0.0,19.0,31.8,4.4,5.7992,157.0
58,8697926025235,0,CLASS CIRE ORANGE POWER 150 ML,5.236,6.901048,-1,-14774017,1,0,11.0,0,0,1,6.0,0,4.4,0.0,0.0,19.0,31.8,4.4,5.7992,158.0
59,8697926024283,15,CLASS CIRE PURPLE POWER 150 ML,5.236,6.9,-1,-14774017,1,0,3.0,0,0,1,6.0,0,4.4,0.0,0.0,19.0,31.8,4.4,5.799,159.0
60,8697926025259,0,CLASS CIRE RED POWER 150 ML,5.236,6.901048,-1,-14774017,1,0,9.0,0,0,1,6.0,0,4.4,0.0,0.0,19.0,31.8,4.4,5.7992,160.0
61,8697926025228,0,CLASS CIRE WHITE POWER 150 ML,5.236,6.901,-1,-14774017,1,0,10.0,0,0,1,6.0,0,4.4,0.0,0.0,19.0,31.8,4.4,5.799,161.0
62,8697926024269,15,CLASS CIRE YELLOW POWER 150 ML,5.236,6.9,-1,-14774017,1,0,0.0,0,0,1,6.0,0,4.4,0.0,0.0,19.0,31.8,4.4,5.799,162.0
63,8697926024177,12,CLASS DEO HOMME 2+1 AUSTERE 150ML,3.844,9.999,-1,-14774017,1,0,0.0,20,0,1,12.0,0,3.8,15.0,0.0,19.0,160.15,3.23,8.403,163.0
64,8697926020322,12,CLASS DEO HOMME 2+1 CHOCO 150ML,3.844,9.999,-1,-14774017,1,0,-1.0,20,0,1,12.0,0,3.8,15.0,0.0,19.0,160.15,3.23,8.403,164.0
65,8697926024153,12,CLASS DEO HOMME BY GRAY 150ML,3.844,4.8,-1,-14774017,1,0,9.0,0,0,1,6.0,0,3.8,15.0,0.0,19.0,24.9,3.23,4.034,165.0
66,8697926020308,12,CLASS DEO HOMME CITIES  150ML,3.844,4.8,-1,-14774017,1,0,5.0,0,0,1,6.0,0,3.8,15.0,0.0,19.0,24.9,3.23,4.034,166.0
67,8697926020254,12,CLASS DEO FEMME INNOCENCE 150ML,3.844,4.8,-1,-14774017,1,0,0.0,0,0,1,12.0,0,3.8,15.0,0.0,19.0,24.9,3.23,4.034,167.0
68,8697926020247,12,CLASS DEO FEMME ADDICT 150ML,3.844,4.8,-1,-14774017,1,0,0.0,0,0,1,12.0,0,3.8,15.0,0.0,19.0,24.9,3.23,4.034,168.0
69,6192005200586,0,CLASS E.D.T FOR MEN 100ML,18.207,23.696,-1,-14774017,1,0,6.0,0,0,1,2.0,0,18.0,15.0,0.0,19.0,30.15,15.3,19.913,169.0
70,8697926015434,0,CLASS MASQUE ARGAN OIL 1000ML,10.121,14.4,-1,-14774017,1,0,18.0,0,0,1,3.0,0,13.5,37.0,0.0,19.0,42.3,8.505,12.103,170.0
71,8697926015458,0,CLASS MASQUE GARLIC EXTRACT 1000ML,10.121,14.4,-1,-14774017,1,0,14.0,0,0,1,3.0,0,13.5,37.0,0.0,19.0,42.3,8.505,12.103,171.0
72,8697926015441,0,CLASS MASQUE KERATINE 1000ML,10.121,14.4,-1,-14774017,1,0,14.0,0,0,1,3.0,0,13.5,37.0,0.0,19.0,42.3,8.505,12.103,172.0
73,8697926025785,1,CLASS SHP ARGAN OIL 1000ML,9.446,13.9,-1,-14774017,1,0,0.0,0,0,1,3.0,0,12.6,37.0,0.0,19.0,47.1,7.938,11.677,173.0
74,8697926025778,1,CLASS SHP KERATIN  1000ML,9.44622,13.89538962,-1,-14774017,1,0,5.0,0,0,1,3.0,0,12.6,37.0,0.0,19.0,47.1,7.938,11.676798,174.0
75,8697926025761,0,CLASS SHP LEMON & MENT  1000ML,9.446,13.9,-1,-14774017,1,0,8.0,0,0,1,3.0,0,12.6,37.0,0.0,19.0,47.15,7.938,11.681,175.0
76,8697926025754,1,CLASS SHP DRAGON FRUIT EXTRACT 1000ML,9.44622,13.89538962,-1,-14774017,1,0,14.0,0,0,1,3.0,0,12.6,37.0,0.0,19.0,47.1,7.938,11.676798,176.0
77,8697926025792,0,CLASS SHP PROVITAMIN B5 1000ML,9.446,13.9,-1,-14774017,1,0,7.0,0,0,1,3.0,0,12.6,37.0,0.0,19.0,47.15,7.938,11.681,177.0
82,4005900699084,3,NIVEA G.D LOVE ADVENTURE 250ML,6.928775,8.89931861,-1,-14774017,1,0,10.0,21,0,1,3.0,0,6.85,15.0,0.0,19.0,28.44,5.8225,7.478419,182.0
83,4005900793355,0,NIVEA G.D WATERLILY 250 ML,6.929,8.9,-1,-14774017,1,0,7.0,21,0,1,3.0,0,6.85,15.0,0.0,19.0,28.44,5.823,7.479,183.0
84,4005808780914,3,NIVEA G.D POWER FRESH 250 ML,6.928775,8.89931861,-1,-14774017,1,0,0.0,21,0,1,3.0,0,6.85,15.0,0.0,19.0,28.44,5.8225,7.478419,184.0
85,4005900368560,3,NIVEA G.D PROTECT&CARE 250ML,6.987,8.9,-1,-14774017,1,0,0.0,21,0,1,3.0,0,6.85,15.0,0.0,20.0,27.37,5.823,7.417,
86,4005900699046,3,NIVEA G.D SENSITIVE 250 ML,6.928775,8.89931861,-1,-14774017,1,0,2.0,21,0,1,3.0,0,6.85,15.0,0.0,19.0,28.44,5.8225,7.478419,186.0
87,4005900699367,3,NIVEA G.D CRÈME ALOÉ 250 ML,6.929,8.9,-1,-14774017,1,0,3.0,21,0,1,6.0,0,6.85,15.0,0.0,19.0,28.44,5.823,7.479,187.0
88,4005808123834,3,NIVEA G.D CRÈME SOFT 250 ML,6.929,8.9,-1,-14774017,1,0,1.0,21,0,1,3.0,0,6.85,15.0,0.0,19.0,28.44,5.823,7.479,
89,4005900730916,3,NIVEA G.D APRICOT 250 ML,6.929,8.9,-1,-14774017,1,0,0.0,21,0,1,3.0,0,6.85,15.0,0.0,19.0,28.44,5.823,7.479,
90,4005900831675,3,NIVEA G.D BOOST 250 ML,6.929,8.9,-1,-14774017,1,0,0.0,21,0,1,3.0,0,6.85,15.0,0.0,19.0,28.44,5.823,7.479,
91,4005900833006,3,NIVEA G.D VITALITY 250 ML,6.929,8.9,-1,-14774017,1,0,0.0,21,0,1,3.0,0,6.85,15.0,0.0,19.0,28.44,5.823,7.479,191.0
92,9005800286754,9,NIVEA LAIT DE CORPS ALOE&HYDRATION 250 ML,17.196,22.4,-1,-14774017,1,0,0.0,21,0,1,3.0,0,17.0,15.0,0.0,19.0,30.25,14.45,18.821,0.0
93,4005900418197,9,NIVEA LAIT DE CORPS DOUCEUR 250 ML,17.196,20.901,-1,-14774017,1,0,1.0,21,0,1,3.0,0,17.0,15.0,0.0,19.0,21.55,14.45,17.564,
94,4005900418135,9,NIVEA LAIT DE CORPS EXPRESS 250 ML,17.196,20.901,-1,-14774017,1,0,5.0,21,0,1,3.0,0,17.0,15.0,0.0,19.0,21.55,14.45,17.564,
95,4005900417930,9,NIVEA LAIT DE CORPS NOURRISSANT 250 ML,17.196,20.901,-1,-14774017,1,0,0.0,21,0,1,3.0,0,17.0,15.0,0.0,19.0,21.55,14.45,17.564,
96,4005900709356,0,NIVEA SHP 2EN1 250ML,6.63,8.9,-1,-14774017,1,0,6.0,21,0,1,2.0,0,6.555,15.0,0.0,19.0,34.23,5.572,7.479,196.0
97,4005900023346,0,NIVEA  SHP ANTI-PELLICULAIRE 250ML,6.63,8.9,-1,-14774017,1,0,11.0,21,0,1,2.0,0,6.555,15.0,0.0,19.0,34.23,5.572,7.479,197.0
98,4005900495617,0,NIVEA SHP DEEP 250ML,6.6303825,8.89996242975,-1,-14774017,1,0,5.0,21,0,1,2.0,0,6.555,15.0,0.0,19.0,34.23,5.57175,7.478960025,198.0
99,4005900686084,0,NIVEA SHP ACTIVE CLEAN 250 ML,6.63,8.9,-1,-14774017,1,0,7.0,21,0,1,2.0,0,6.555,15.0,0.0,19.0,34.23,5.572,7.479,199.0
100,42349730,9,NIVEA creme care ÉCLAIRCISSANTE 200ML,14.667,19.1,-1,-14774017,1,0,3.0,21,0,1,3.0,0,14.5,15.0,0.0,19.0,30.23,12.325,16.051,0.0
101,42333364,9,NIVEA creme care ÉCLAIRCISSANTE 100 ML,10.621,13.8,-1,-14774017,1,0,7.0,21,0,1,3.0,0,10.5,15.0,0.0,19.0,29.9,8.925,11.594,0.0
102,4005800001192,9,NIVEA creme 150ML,7.58625,9.90005625,-1,-14774017,1,0,4.0,21,0,1,3.0,0,7.5,15.0,0.0,19.0,30.5,6.375,8.319375,1102.0
103,4005808173457,9,NIVEA creme 60ML,4.704,5.9,-1,-14774017,1,0,14.0,21,0,1,3.0,0,4.65,15.0,0.0,19.0,25.42,3.953,4.958,1103.0
104,40058153,9,NIVEA creme 30ML,2.782,3.6,-1,-14774017,1,0,0.0,21,0,1,3.0,0,2.75,15.0,0.0,19.0,29.5,2.338,3.028,0.0
105,4005900683397,7,NIVEA CREME NETTOYANTE DOUCEUR 150ML,14.97,19.4,-1,-14774017,1,0,3.0,21,0,1,3.0,0,14.8,15.0,0.0,19.0,29.6,12.58,16.304,5105.0
106,4005900890504,0,NIVEA creme SOFT 200ML,13.645,15.701,-1,-14774017,1,0,6.0,21,0,1,6.0,0,12.6,9.0,0.0,19.0,15.07,11.466,13.194,1106.0
107,4005808890590,9,NIVEA creme SOFT 100ML,8.4966,10.9011378,-1,-14774017,1,0,14.0,21,0,1,6.0,0,8.4,15.0,0.0,19.0,28.3,7.14,9.16062,1107.0
108,42207269,9,NIVEA creme SOFT 50ML,4.8552,6.3044772,-1,-14774017,1,0,1.0,21,0,1,3.0,0,4.8,15.0,0.0,19.0,29.85,4.08,5.29788,5108.0
109,4005808890576,9,NIVEA creme SOFT TUBE 75ML,7.586,9.897,-1,-14774017,1,0,0.0,21,0,1,3.0,0,7.5,15.0,0.0,19.0,30.46,6.375,8.317,1109.0
110,4005900142665,7,NIVEA BB CREME ESSENTIALS 50 ML,19.219,24.9,-1,-14774017,1,0,2.0,21,0,1,2.0,0,19.0,15.0,0.0,19.0,29.56,16.15,20.924,0.0
111,4005900572950,7,NIVEA LAIT DÉMAQUILLANT CAMOMILLE 200ML,15.678,18.9,-1,-14774017,1,0,3.0,21,0,1,2.0,0,15.5,15.0,0.0,19.0,20.55,13.175,15.882,0.0
112,4005900420664,7,NIVEA MICILLAIRE ROSE CARE 150 ML,16.184,20.9,-1,-14774017,1,0,4.0,21,0,1,2.0,0,16.0,15.0,0.0,19.0,29.15,13.6,17.564,0.0
113,4005808668649,7,NIVEA GEL NETTOYANT LOTUS SACRÉ 150 ML,14.97,19.4,-1,-14774017,1,0,6.0,21,0,1,2.0,0,14.8,15.0,0.0,19.0,29.6,12.58,16.304,0.0
114,4005808669646,7,NIVEA FACE WASH OCEAN ALGAE 150 ML,14.97,19.4,-1,-14774017,1,0,4.0,21,0,1,2.0,0,14.8,15.0,0.0,19.0,29.6,12.58,16.304,0.0
115,4005808588763,20,NIVEA aprés rasage SENSIBLE 100ML,13.858,16.7,-1,-14774017,1,0,0.0,21,0,1,2.0,0,13.7,15.0,0.0,19.0,20.5,11.645,14.032,0.0
116,4005808753475,20,NIVEA aprés rasage PROTECT & CARE 100ML,13.858,16.7,-1,-14774017,1,0,0.0,21,0,1,2.0,0,13.7,15.0,0.0,19.0,20.5,11.645,14.032,0.0
117,4005808223039,20,NIVEA gel a raser PROTECT & CARE 200ML,13.655,17.8,-1,-14774017,1,0,0.0,21,0,1,2.0,0,13.5,15.0,0.0,19.0,30.35,11.475,14.958,0.0
118,4005808222919,20,NIVEA gel a raser SENSITIVE 200ML,13.655,17.75,-1,-14774017,1,0,0.0,21,0,1,2.0,0,13.5,15.0,0.0,19.0,30.0,11.475,14.918,0.0
119,4005900498144,20,NIVEA gel a raser DEEP 200ML,13.655,17.8,-1,-14774017,1,0,0.0,21,0,1,2.0,0,13.5,15.0,0.0,19.0,30.35,11.475,14.958,0.0
120,4005900498380,20,NIVEA aprés rasage deep 100ML,13.858,16.7,-1,-14774017,1,0,0.0,21,0,1,2.0,0,13.7,15.0,0.0,19.0,20.5,11.645,14.032,0.0
121,4005900737090,12,NIVEA deo femme CLEAN PROTECT 200ML,9.609,12.5,-1,-14774017,1,0,0.0,21,0,1,3.0,0,9.5,15.0,0.0,19.0,30.08,8.075,10.504,
122,4005900755520,12,NIVEA deo femme DOUBLE EFFECT 200ML,9.60925,12.4997124,-1,-14774017,1,0,2.0,21,0,1,3.0,0,9.5,15.0,0.0,19.0,30.08,8.075,10.50396,1122.0
123,4005808816194,0,NIVEA deo femme FRESH NATURAL 0% ALu 200ML,12.138,12.502,-1,-14774017,1,0,8.0,21,0,1,3.0,0,10.2,0.0,0.0,19.0,3.0,10.2,10.506,1123.0
124,4005900034847,12,NIVEA deo femme INVISIBLE BLACK & WHITE 200ML,9.609,12.5,-1,-14774017,1,0,0.0,21,0,1,3.0,0,9.5,15.0,0.0,19.0,30.08,8.075,10.504,
125,4005900371935,12,NIVEA deo femme INVISIBLE FRESH B&W 200ML,9.609,12.5,-1,-14774017,1,0,0.0,21,0,1,3.0,0,9.5,15.0,0.0,19.0,30.08,8.075,10.504,
126,4005900731838,12,NIVEA deo femme INVISIBLE PURE  B&W 200ML,9.609,12.5,-1,-14774017,1,0,0.0,21,0,1,3.0,0,9.5,15.0,0.0,19.0,30.08,8.075,10.504,
127,4005900755483,12,NIVEA deo femme PEARL & BEAUTY 200ML,9.609,12.5,-1,-14774017,1,0,0.0,21,0,1,3.0,0,9.5,15.0,0.0,19.0,30.08,8.075,10.504,
128,4005900242914,12,NIVEA deo femme PROTECT & CARE 200ML,9.609,12.5,-1,-14774017,1,0,0.0,21,0,1,3.0,0,9.5,15.0,0.0,19.0,30.08,8.075,10.504,
129,4005808828845,0,NIVEA deo homme COOL KICK  200ML,12.138,12.502,-1,-14774017,1,0,20.0,21,0,1,3.0,0,10.2,0.0,0.0,19.0,3.0,10.2,10.506,1129.0
130,4005900493033,12,NIVEA deo homme DEEP DARK WOOD 200ML,9.609,12.5,-1,-14774017,1,0,0.0,21,0,1,3.0,0,9.5,15.0,0.0,19.0,30.08,8.075,10.504,
131,4005900862020,12,NIVEA deo homme DEEP ESPRESSO 200ML,9.609,12.5,-1,-14774017,1,0,0.0,21,0,1,3.0,0,9.5,15.0,0.0,19.0,30.08,8.075,10.504,
132,4005808293674,12,NIVEA deo homme DRY IMPACT 200ML,9.609,12.5,-1,-14774017,1,0,0.0,21,0,1,3.0,0,9.5,15.0,0.0,19.0,30.08,8.075,10.504,
133,4005900755247,0,NIVEA deo homme FRESH ACTIVE 200ML,12.138,12.502,-1,-14774017,1,0,2.0,21,0,1,3.0,0,10.2,0.0,0.0,19.0,3.0,10.2,10.506,1133.0
134,4005900755643,12,NIVEA deo homme FRESH OCEAN 200ML,9.609,12.5,-1,-14774017,1,0,0.0,21,0,1,2.0,0,9.5,15.0,0.0,19.0,30.08,8.075,10.504,
135,4005900755407,12,NIVEA deo homme FRESH POWER 200ML,9.609,12.5,-1,-14774017,1,0,0.0,21,0,1,3.0,0,9.5,15.0,0.0,19.0,30.08,8.075,10.504,
136,4005900035684,12,NIVEA deo homme INVISIBLE BLACK & WHITE  200ML,9.609,12.49,-1,-14774017,1,0,0.0,21,0,1,3.0,0,9.5,15.0,0.0,19.0,30.0,8.075,10.498,0.0
137,4005900243485,0,NIVEA deo homme protect care   200ML,12.138,12.502,-1,-14774017,1,0,20.0,21,0,1,3.0,0,10.2,0.0,0.0,19.0,3.0,10.2,10.506,1137.0
138,4005900737120,14,NIVEA BILLE FEMME CLEAN PROTECT 50ML,7.2828,9.5,-1,-14774017,1,0,6.0,21,0,1,4.0,0,7.2,15.0,0.0,19.0,30.5,6.12,7.9866,1138.0
139,42345275,14,NIVEA BILLE FEMME DOUBLE EFFECT 50ML,7.283,9.5,-1,-14774017,1,0,0.0,21,0,1,4.0,0,7.2,15.0,0.0,19.0,30.5,6.12,7.987,0.0
140,4005900493019,14,NIVEA BILLE FEMME DRY FRESH 50ML,7.2828,9.5,-1,-14774017,1,0,8.0,21,0,1,4.0,0,7.2,15.0,0.0,19.0,30.5,6.12,7.9866,1140.0
141,42360353,14,NIVEA BILLE FEMME FRESH FLOWER 50ML,7.283,9.5,-1,-14774017,1,0,0.0,21,0,1,4.0,0,7.2,15.0,0.0,19.0,30.5,6.12,7.987,0.0
142,42417965,14,NIVEA BILLE FEMME FRESH NATURAL 0% ALUMINIUM 50ML,7.283,9.5,-1,-14774017,1,0,1.0,21,0,1,4.0,0,7.2,15.0,0.0,19.0,30.5,6.12,7.987,0.0
143,42345312,14,NIVEA BILLE FEMME INVISIBLE B&W FRESH 50ML,7.283,9.5,-1,-14774017,1,0,2.0,21,0,1,4.0,0,7.2,15.0,0.0,19.0,30.5,6.12,7.987,0.0
144,42345121,14,NIVEA BILLE FEMME INVISIBLE B&W PURE 50ML,7.283,8.7,-1,-14774017,1,0,1.0,21,0,1,4.0,0,7.2,15.0,0.0,19.0,19.46,6.12,7.311,0.0
145,4005900034991,14,NIVEA BILLE FEMME INVISIBLE BLACK & WHITE 50ML,7.2828,9.5,-1,-14774017,1,0,11.0,21,0,1,4.0,0,7.2,15.0,0.0,19.0,30.5,6.12,7.9866,1145.0
146,4005808837359,14,NIVEA BILLE FEMME PEARL & BEAUTY 50ML,7.283,9.5,-1,-14774017,1,0,5.0,21,0,1,4.0,0,7.2,15.0,0.0,19.0,30.5,6.12,7.987,0.0
147,4005900542571,0,NIVEA BILLE FEMME SILKY SMOOTH 50ML,7.687,8.7,-1,-14774017,1,0,10.0,21,0,1,4.0,0,7.6,15.0,0.0,19.0,13.17,6.46,7.311,1147.0
148,4005900731340,14,NIVEA BILLE FEMME FRESH ORANGE 50 ML,7.283,9.5,-1,-14774017,1,0,3.0,21,0,1,4.0,0,7.2,15.0,0.0,19.0,30.5,6.12,7.987,0.0
149,4005900731319,14,NIVEA BILLE FEMME FRESH CHERRY 50 M,7.283,9.5,-1,-14774017,1,0,4.0,21,0,1,4.0,0,7.2,15.0,0.0,19.0,30.5,6.12,7.987,0.0
150,42355182,14,NIVEA BILLE DEEP DARK WOOD HOMME 50ML,7.2828,9.5,-1,-14774017,1,0,5.0,21,0,1,4.0,0,7.2,15.0,0.0,19.0,30.5,6.12,7.9866,1150.0
151,40065601,14,NIVEA BILLE HOMME DEEP ESPRESSO 50ML,7.2828,9.5,-1,-14774017,1,0,4.0,21,0,1,4.0,0,7.2,15.0,0.0,19.0,30.5,6.12,7.9866,1151.0
152,4005808293803,14,NIVEA BILLE HOMME DRY IMPACTE 50ML,7.283,9.5,-1,-14774017,1,0,0.0,21,0,1,4.0,0,7.2,15.0,0.0,19.0,30.5,6.12,7.987,0.0
153,4005808828081,0,NIVEA BILLE HOMME FRESH ACTIVE 50ML,7.283,9.504,-1,-14774017,1,0,4.0,21,0,1,4.0,0,7.2,15.0,0.0,19.0,30.5,6.12,7.987,1153.0
154,42419334,14,NIVEA BILLE HOMME FRESH OCEAN 50ML,7.283,9.5,-1,-14774017,1,0,0.0,21,0,1,4.0,0,7.2,15.0,0.0,19.0,30.5,6.12,7.987,0.0
155,4005808532452,14,NIVEA BILLE HOMME FRESH POWER 50ML,7.283,9.5,-1,-14774017,1,0,0.0,21,0,1,4.0,0,7.2,15.0,0.0,19.0,30.5,6.12,7.987,0.0
156,42345503,14,NIVEA BILLE HOMME B&W FRESH 50ML,7.283,9.5,-1,-14774017,1,0,2.0,21,0,1,4.0,0,7.2,15.0,0.0,19.0,30.5,6.12,7.987,0.0
157,4005900035837,14,NIVEA BILLE HOMME INVISIBLE BLACK & WHITE 50ML,7.283,9.5,-1,-14774017,1,0,6.0,21,0,1,2.0,0,7.2,15.0,0.0,19.0,30.5,6.12,7.987,0.0
158,4005900243553,14,NIVEA BILLE HOMME PROTECT & CARE 50ML,7.283,9.5,-1,-14774017,1,0,0.0,21,0,1,4.0,0,7.2,15.0,0.0,19.0,30.5,6.12,7.987,0.0
159,4005900720092,10,NIVEA SUN APRÉS SOLEIL HYDRATANT 200 ML,21.343,27.8,-1,-14774017,1,0,5.0,21,0,1,2.0,0,21.1,15.0,0.0,19.0,30.26,17.935,23.362,0.0
160,4005808654024,10,NIVEA SUN CAROTENE SUN LOTION 200 ML,25.035,32.6,-1,-14774017,1,0,3.0,21,0,1,2.0,0,24.75,15.0,0.0,19.0,30.22,21.038,27.396,
161,4005900363695,0,NIVEA SUN KIDS SWIM & PLAY 150 ML,40.035,45.3,-1,-14774017,1,0,7.0,21,0,1,2.0,0,47.1,15.0,0.0,0.0,13.13,40.035,45.292,
162,4005900241238,10,NIVEA SUN HUILE CAROTÈNE BRONZAGE DORÉ 200 ML,22.556,29.5,-1,-14774017,1,0,5.0,21,0,1,2.0,0,22.3,15.0,0.0,19.0,30.79,18.955,24.79,0.0
163,4005900465726,10,NIVEA SUN PROTECT & BRONZE 200 ML,38.842,50.5,-1,-14774017,1,0,6.0,21,0,1,2.0,0,38.4,15.0,0.0,19.0,30.02,32.64,42.437,0.0
164,4005808804344,10,NIVEA SUN APRÉS SOLEIL FRAICHEUR 200 ML,21.343,27.8,-1,-14774017,1,0,6.0,21,0,1,2.0,0,21.1,15.0,0.0,19.0,30.26,17.935,23.362,0.0
165,4005900460301,19,NIVEA SUN SHINE CONTROL 50ML,36.313,47.2,-1,-14774017,1,0,9.0,21,0,1,2.0,0,35.9,15.0,0.0,19.0,29.97,30.515,39.66,0.0
166,4005900907981,13,NIVEA STICK HOMME FRESH ACTIVE 50ML,9.002,11.7,-1,-14774017,1,0,14.0,21,0,1,3.0,0,8.9,15.0,0.0,19.0,29.95,7.565,9.831,1166.0
167,4005900907899,13,NIVEA STICK HOMME INVISIBLE POWER B&W 50ML,8.598,11.7,-1,-14774017,1,0,14.0,21,0,1,3.0,0,8.5,15.0,0.0,19.0,36.1,7.225,9.833,0.0
168,4005900907929,13,NIVEA STICK HOMME DRY IMPACT 50ML,9.002,11.7,-1,-14774017,1,0,8.0,21,0,1,3.0,0,8.9,15.0,0.0,19.0,29.95,7.565,9.831,1168.0
169,4005900907950,0,NIVEA STICK HOMME COOL KICK 50ML,8.598,11.199,-1,-14774017,1,0,13.0,21,0,1,3.0,0,8.5,15.0,0.0,19.0,30.25,7.225,9.411,1169.0
170,4005900908049,0,NIVEA STICK FEMME INVISIBLE BLACK & WHITE 50ML,9.002,11.2,-1,-14774017,1,0,4.0,21,0,1,3.0,0,8.9,15.0,0.0,19.0,24.41,7.565,9.412,1170.0
171,4005900908070,0,NIVEA STICK FEMME DRY COMFORT 50ML,9.002,11.2,-1,-14774017,1,0,4.0,21,0,1,3.0,0,8.9,15.0,0.0,19.0,24.41,7.565,9.412,1171.0
172,4005900908131,0,NIVEA STICK FEMME FRESH NATURAL 50ML,9.002,11.2,-1,-14774017,1,0,7.0,21,0,1,3.0,0,8.9,15.0,0.0,19.0,24.41,7.565,9.412,1172.0
173,4005900908193,0,NIVEA STICK FEMME CLEAN PROTECT 50ML,9.002,11.2,-1,-14774017,1,0,3.0,21,0,1,3.0,0,8.9,15.0,0.0,19.0,24.41,7.565,9.412,1173.0
174,3610340650819,1,Elsève shp ARGININE RESIST 200ML,11.046,13.8,-1,-14774017,1,0,2.0,22,0,1,6.0,0,10.2,9.0,0.0,19.0,24.94,9.282,11.597,1174.0
175,3610340636493,0,Elsève shp DREAM LONG 200ML,10.61242,12.600126266,-1,-14774017,1,0,7.0,22,0,1,6.0,0,9.8,9.0,0.0,19.0,18.73,8.918,10.5883414,1175.0
176,3610340232503,1,Elsève shp huil extra cheveux secs 200ML,10.61242,12.600126266,-1,-14774017,1,0,6.0,22,0,1,3.0,0,9.8,9.0,0.0,19.0,18.73,8.918,10.5883414,1176.0
177,3054080004028,1,Elsève shp MULTIVITAMINES 2 EN 1- 250ML,10.07097,12.599790567,-1,-14774017,1,0,0.0,22,0,1,3.0,0,9.3,9.0,0.0,19.0,25.11,8.463,10.5880593,1177.0
178,3610340322389,0,Elsève shp TOTAL REPAIR 5 200ML,10.396,12.6,-1,-14774017,1,0,5.0,22,0,1,3.0,0,9.6,9.0,0.0,19.0,21.2,8.736,10.588,1178.0
179,3610340653643,1,Elsève shp STRAIGHT 72H 200ML,10.07097,12.599790567,-1,-14774017,1,0,8.0,22,0,1,6.0,0,9.3,9.0,0.0,19.0,25.11,8.463,10.5880593,1179.0
180,3610340649691,1,Elsève shp ARGININE RESIST 400ML,18.842,22.801,-1,-14774017,1,0,2.0,22,0,1,6.0,0,17.4,9.0,0.0,19.0,21.01,15.834,19.161,1180.0
181,3610340636547,1,Elsève shp DREAM LONG 400ML,18.84246,19.899522006,-1,-14774017,1,0,8.0,22,0,1,6.0,0,17.4,9.0,0.0,19.0,5.61,15.834,16.7222874,1181.0
182,3610340007071,1,Elsève shp COLOR-VIVE  400ML,18.84246,19.899522006,-1,-14774017,1,0,6.0,22,0,1,6.0,0,17.4,9.0,0.0,19.0,5.61,15.834,16.7222874,1182.0
183,3610340023019,1,Elsève shp H.EXT CHEVEUX NORMAUX 400ML,18.842,19.9,-1,-14774017,1,0,0.0,22,0,1,3.0,0,17.4,9.0,0.0,19.0,5.61,15.834,16.722,1183.0
184,3610340038075,1,Elsève shp H.EXT CHEVEUX SECS 400ML,18.84246,19.899522006,-1,-14774017,1,0,8.0,22,0,1,3.0,0,17.4,9.0,0.0,19.0,5.61,15.834,16.7222874,1184.0
185,3610340655203,0,Elsève shp HYALURON 400 ML,18.842,22.801,-1,-14774017,1,0,7.0,22,0,1,6.0,0,17.4,9.0,0.0,19.0,21.01,15.834,19.161,1185.0
186,3610340653667,1,Elsève shp STRAIGHT 72H 400ML,18.6354,19.89888012,-1,-14774017,1,0,4.0,22,0,1,6.0,0,17.4,10.0,0.0,19.0,6.78,15.66,16.721748,1186.0
187,3610340653681,2,Elsève a/shp STRAIGHT 72H 200ML,11.5668,12.90045204,-1,-14774017,1,0,9.0,22,0,1,6.0,0,10.8,10.0,0.0,19.0,11.53,9.72,10.840716,1187.0
188,3610340649776,2,Elsève a/shp ARGININE RESIST 200ML,12.102,14.4,-1,-14774017,1,0,6.0,22,0,1,6.0,0,11.3,10.0,0.0,19.0,19.0,10.17,12.102,0.0
189,3610340636790,2,Elsève a/shp DREAM LONG 200ML,11.5668,12.90045204,-1,-14774017,1,0,8.0,22,0,1,6.0,0,10.8,10.0,0.0,19.0,11.53,9.72,10.840716,1189.0
190,3610340020346,0,Elsève a/shp H.EXT CHEVEUX NORMAUX 200ML,11.995,12.9,-1,-14774017,1,0,5.0,22,0,1,3.0,0,11.2,10.0,0.0,19.0,7.54,10.08,10.84,1190.0
191,3610340655180,0,Elsève a/shp HYALURON 200ML,12.691,14.5,-1,-14774017,1,0,4.0,22,0,1,6.0,0,11.85,10.0,0.0,19.0,14.25,10.665,12.185,1191.0
192,3610340006500,2,Elsève a/shp NUTRI FILTRE 200ML,11.567,12.9,-1,-14774017,1,0,4.0,22,0,1,3.0,0,10.8,10.0,0.0,19.0,11.53,9.72,10.841,1192.0
193,3610340006746,2,Elsève a/shp TOTAL REPAIR 5 - 200ML,11.567,12.9,-1,-14774017,1,0,3.0,22,0,1,3.0,0,10.8,10.0,0.0,19.0,11.53,9.72,10.841,
196,3610340653872,4,ELSÉVE OIL REP D.L STRAIGHT 300ML,20.188,23.901,-1,-14774017,1,0,4.0,22,0,1,3.0,0,18.85,10.0,0.0,19.0,18.39,16.965,20.085,
197,3610340650697,4,ELSÉVE OIL REP FULL RESIST 300ML,20.188,23.901,-1,-14774017,1,0,6.0,22,0,1,3.0,0,18.85,10.0,0.0,19.0,18.39,16.965,20.085,
198,3610340022708,4,ELSÉVE OIL REP H.EXTRA 125ML,11.674,13.5,-1,-14774017,1,0,3.0,22,0,1,3.0,0,10.9,10.0,0.0,19.0,15.6,9.81,11.34,0.0
199,3610340017476,4,ELSÉVE OIL REP H.EXTRA 300ML,19.278,22.9,-1,-14774017,1,0,3.0,22,0,1,3.0,0,18.0,10.0,0.0,19.0,18.79,16.2,19.244,
200,3610340028557,0,ELSÉVE OIL REP TOTAL REPAIR 5 300ML,18.368,22.899,-1,-14774017,1,0,6.0,22,0,1,3.0,0,17.15,10.0,0.0,19.0,24.67,15.435,19.243,1200.0
201,3600523925735,0,Elsève Masque color vive  310ML,18.51045,21.899713395,-1,-14774017,1,0,3.0,22,0,1,3.0,0,18.3,15.0,0.0,19.0,18.31,15.555,18.4031205,1201.0
202,3600523925773,4,Elsève Masque DREAM LONG 310ML,18.207,21.8993796,-1,-14774017,1,0,6.0,22,0,1,3.0,0,18.0,15.0,0.0,19.0,20.28,15.3,18.40284,1202.0
203,3600524042455,0,Elsève Masque HYALURON 310ML,20.382,23.301,-1,-14774017,1,0,3.0,22,0,1,3.0,0,20.15,15.0,0.0,19.0,14.32,17.128,19.581,1203.0
204,3600523883806,4,ELSÉVE CRÈME SANS RINÇAGE FULL RESIST 200ML,14.26215,20.501840625,-1,-14774017,1,0,3.0,22,0,1,2.0,0,14.1,15.0,0.0,19.0,43.75,11.985,17.2284375,1204.0
205,3600523586301,4,ELSÉVE CRÈME SANS RINÇAGE DREAM LONG 200ML,14.26215,20.501840625,-1,-14774017,1,0,3.0,22,0,1,2.0,0,14.1,15.0,0.0,19.0,43.75,11.985,17.2284375,1205.0
206,3600524053314,4,ELSÉVE CRÈME SANS RINÇAGE  HAYALLURON 200ML,15.678,20.5,-1,-14774017,1,0,4.0,22,0,1,2.0,0,15.5,15.0,0.0,19.0,30.75,13.175,17.226,0.0
207,3061375114010,0,EXCELLENCE 1.0 NOIR,26.805,29.901,-1,-14774017,1,0,5.0,22,0,1,2.0,0,26.5,15.0,0.0,19.0,11.55,22.525,25.127,1207.0
208,3600522832003,6,EXCELLENCE 3.0 CHÂTAIN FONCÉ,25.288,29.9,-1,-14774017,1,0,2.0,22,0,1,2.0,0,25.0,15.0,0.0,19.0,18.24,21.25,25.126,
209,3061375115017,0,EXCELLENCE 3 CHATIN FONCÉ,26.805,29.9,-1,-14774017,1,0,4.0,22,0,1,2.0,0,26.5,15.0,0.0,19.0,11.55,22.525,25.127,1209.0
210,3061375116014,6,EXCELLENCE 4 CHÂTAIN,25.288,29.9,-1,-14774017,1,0,4.0,22,0,1,2.0,0,25.0,15.0,0.0,19.0,18.24,21.25,25.126,1210.0
211,3061375119015,0,EXCELLENCE  5 CHÂTAIN CLAIR,25.288,29.9,-1,-14774017,1,0,3.0,22,0,1,2.0,0,25.0,15.0,0.0,19.0,18.24,21.25,25.126,1211.0
212,3061375122015,0,EXCELLENCE 6 BLOND FONCÉ,26.805,29.9,-1,-14774017,1,0,3.0,22,0,1,2.0,0,26.5,15.0,0.0,19.0,11.55,22.525,25.127,1212.0
213,3600520619101,0,EXCELLENCE 6.1 BLOND FONCÉ CENDRÉ,26.805,29.9,-1,-14774017,1,0,3.0,22,0,1,2.0,0,26.5,15.0,0.0,19.0,11.55,22.525,25.127,1213.0
214,3600520619002,0,EXCELLENCE 7.1 BLOND CENDRÉ,26.805,29.901,-1,-14774017,1,0,2.0,22,0,1,2.0,0,26.5,15.0,0.0,19.0,11.55,22.525,25.127,1214.0
215,3600522490432,6,EXCELLENCE 8 BLOND CLAIR,25.288,29.9,-1,-14774017,1,0,5.0,22,0,1,2.0,0,25.0,15.0,0.0,19.0,18.24,21.25,25.126,1215.0
216,3061375128017,0,EXCELLENCE 8.1 BLOND CLAIR CENDRÉ,26.805,29.901,-1,-14774017,1,0,3.0,22,0,1,2.0,0,26.5,15.0,0.0,19.0,11.55,22.525,25.127,1216.0
217,3600522490388,6,EXCELLENCE 9 BLOND TRÈS CLAIR,25.288,29.9,-1,-14774017,1,0,2.0,22,0,1,2.0,0,25.0,15.0,0.0,19.0,18.24,21.25,25.126,
218,3600520887593,0,EXCELLENCE 9.1 BLOND TRÈS CLAIR CENDRÉ,26.805,29.901,-1,-14774017,1,0,4.0,22,0,1,2.0,0,26.5,15.0,0.0,19.0,11.55,22.525,25.127,1218.0
219,3600520977737,6,CASTING  N°300 CHÂTAIN FONCÉ,22.304,29.899,-1,-14774017,1,0,4.0,23,0,1,2.0,0,22.05,15.0,0.0,19.0,34.05,18.743,25.125,
220,3600520978635,6,CASTING  N°400 CHÂTAIN,22.304,29.899,-1,-14774017,1,0,4.0,23,0,1,2.0,0,22.05,15.0,0.0,19.0,34.05,18.743,25.125,
221,3600520977751,6,CASTING  N°415 MARRON GLACE,22.304,29.899,-1,-14774017,1,0,2.0,23,0,1,2.0,0,22.05,15.0,0.0,19.0,34.05,18.743,25.125,1221.0
222,3600520977768,0,CASTING  N°426 AUBURN GOURMAND,22.304,29.899,-1,-14774017,1,0,5.0,23,0,1,2.0,0,22.05,15.0,0.0,19.0,34.05,18.743,25.125,1222.0
223,3600520978642,6,CASTING  N°500 CHÂTAIN CLAIRE,22.304,29.899,-1,-14774017,1,0,4.0,23,0,1,2.0,0,22.05,15.0,0.0,19.0,34.05,18.743,25.125,1223.0
224,3600520977775,6,CASTING  N°515 CHOCOLAT GLACE,22.304,29.899,-1,-14774017,1,0,1.0,23,0,1,2.0,0,22.05,15.0,0.0,19.0,34.05,18.743,25.125,
225,3600521188064,6,CASTING  N°535 CHOCOLAT,22.304,29.899,-1,-14774017,1,0,3.0,23,0,1,2.0,0,22.05,15.0,0.0,19.0,34.05,18.743,25.125,
226,3600521604809,6,CASTING  N°734 MIEL AMBRE,22.304,32.999,-1,-14774017,1,0,0.0,23,0,1,2.0,0,22.05,15.0,0.0,19.0,47.95,18.743,27.73,1226.0
227,3600523193288,0,MAGIC RETOUCH 1 LE NOIR,18.8139,23.09970642,-1,-14774017,1,0,5.0,24,0,1,2.0,0,18.6,15.0,0.0,19.0,22.78,15.81,19.411518,1227.0
228,3600523193295,0,MAGIC RETOUCH 2 CHATIN FONCEE,18.814,23.1,-1,-14774017,1,0,6.0,24,0,1,2.0,0,18.6,15.0,0.0,19.0,22.78,15.81,19.412,1228.0
229,3600523193301,0,MAGIC RETOUCH 3 LE CHÂTAIN,18.814,23.1,-1,-14774017,1,0,5.0,24,0,1,2.0,0,18.6,15.0,0.0,19.0,22.78,15.81,19.412,1229.0
230,3600523193318,0,MAGIC RETOUCH 4 LE BLOND FONCE,18.814,23.1,-1,-14774017,1,0,5.0,24,0,1,2.0,0,18.6,15.0,0.0,19.0,22.78,15.81,19.412,1230.0
231,3600523193325,6,MAGIC RETOUCH  5 LE BLOND,17.802,23.1,-1,-14774017,1,0,5.0,24,0,1,2.0,0,17.6,15.0,0.0,19.0,29.75,14.96,19.411,0.0
232,3054080011569,0,L'oréal STUDIO LINE GEL 6 150ML,14.5656,17.59961448,-1,-14774017,1,0,4.0,24,0,1,2.0,0,15.3,20.0,0.0,19.0,20.83,12.24,14.789592,1232.0
233,3600520121734,15,STUDIO LINE GEL 6 BLEU 150ML,13.423,17.5,-1,-14774017,1,0,0.0,24,0,1,2.0,0,14.1,20.0,0.0,19.0,30.35,11.28,14.703,0.0
234,3054080043317,0,L'oréal STUDIO LINE GEL 8 150ML,14.5656,17.59961448,-1,-14774017,1,0,5.0,24,0,1,2.0,0,15.3,20.0,0.0,19.0,20.83,12.24,14.789592,1234.0
235,3600542326452,0,Garnier eau micellaire rose 400ML,20.197,24.5,-1,-14774017,1,0,2.0,0,0,1,3.0,0,18.25,7.0,0.0,19.0,21.3,16.973,20.588,1235.0
236,3600541744509,7,Garnier eau micellaire biphase 400ML,22.134,28.8,-1,-14774017,1,0,3.0,0,0,1,3.0,0,20.0,7.0,0.0,19.0,30.12,18.6,24.202,0.0
237,3600541358447,0,Garnier eau micellaire tout en 1    400ML,19.921,23.801,-1,-14774017,1,0,5.0,0,0,1,3.0,0,18.0,7.0,0.0,19.0,19.48,16.74,20.001,1237.0
238,3600542444088,7,Garnier eau micellaire vitamin C 400ML,18.26055,23.7021939,-1,-14774017,1,0,0.0,0,0,1,3.0,0,16.5,7.0,0.0,19.0,29.8,15.345,19.91781,1238.0
239,3600542146463,7,Garnier eau micellaire biphase 100ML,10.071,13.1,-1,-14774017,1,0,3.0,0,0,1,3.0,0,9.1,7.0,0.0,19.0,30.1,8.463,11.01,0.0
240,3600542146470,7,Garnier eau micellaire tout en 1    100ML,8.023575,10.3993555575,-1,-14774017,1,0,3.0,0,0,1,3.0,0,7.25,7.0,0.0,19.0,29.61,6.7425,8.73895425,1240.0
241,3600541893443,7,Garnier gel nettoyant charbon  200ML,21.249,27.6,-1,-14774017,1,0,5.0,0,0,1,2.0,0,19.2,7.0,0.0,19.0,29.9,17.856,23.195,0.0
242,3600541115033,7,GARNIER GOMMAGE INTENSIVE 150ML,18.593,24.2,-1,-14774017,1,0,2.0,0,0,1,2.0,0,16.8,7.0,0.0,19.0,30.16,15.624,20.336,0.0
243,3610340015335,0,Garnier color naturel noir N°1,10.514,12.6,-1,-14774017,1,0,10.0,0,0,1,8.0,0,9.5,7.0,0.0,19.0,19.84,8.835,10.588,1243.0
244,3610340015380,0,Garnier color naturel chatain foncé N°3,10.514,12.6,-1,-14774017,1,0,6.0,0,0,1,8.0,0,9.5,7.0,0.0,19.0,19.84,8.835,10.588,
245,3610340015434,0,Garnier color natural chatin N°4,10.846,12.6,-1,-14774017,1,0,7.0,0,0,1,8.0,0,9.8,7.0,0.0,19.0,16.18,9.114,10.589,1245.0
246,3610340015533,6,Garnier color natural blond foncé N°6,10.514,12.6,-1,-14774017,1,0,6.0,0,0,1,8.0,0,9.5,7.0,0.0,19.0,19.84,8.835,10.588,1246.0
247,3610340016288,6,Garnier color natural chocolat N° 6.34,10.514,12.6,-1,-14774017,1,0,5.0,0,0,1,8.0,0,9.5,7.0,0.0,19.0,19.84,8.835,10.588,1247.0
248,3610340015588,0,Garnier color natural blond N°7,10.612,12.6,-1,-14774017,1,0,4.0,0,0,1,8.0,0,9.8,9.0,0.0,19.0,18.73,8.918,10.588,1248.0
249,3610340015786,0,Garnier color natural blond cendré N° 7.1,10.846,12.6,-1,-14774017,1,0,6.0,0,0,1,8.0,0,9.8,7.0,0.0,19.0,16.18,9.114,10.589,1249.0
250,3610340016080,6,Garnier color natural blond doré N°7.3,10.514,12.6,-1,-14774017,1,0,9.0,0,0,1,8.0,0,9.5,7.0,0.0,19.0,19.84,8.835,10.588,
251,3610340025426,0,Garnier color naturel CHÂTAIN CHEVREUIL N° 7.7,10.846,12.6,-1,-14774017,1,0,5.0,0,0,1,8.0,0,9.8,7.0,0.0,19.0,16.18,9.114,10.589,1251.0
252,3610340015632,0,Garnier color natural blond clair N°8,10.846,12.6,-1,-14774017,1,0,7.0,0,0,1,8.0,0,9.8,7.0,0.0,19.0,16.18,9.114,10.589,1252.0
253,3610340015830,0,Garnier color natural blond clair cendré N°8.1,10.846,12.6,-1,-14774017,1,0,7.0,9,0,1,8.0,0,9.8,7.0,0.0,19.0,16.18,9.114,10.589,1253.0
254,3610340647093,6,Garnier color natural blond trés clair N°9,10.514,12.6,-1,-14774017,1,0,8.0,0,0,1,8.0,0,9.5,7.0,0.0,19.0,19.84,8.835,10.588,
255,3610340017728,6,Garnier color natura blond trés claire sendré N°9.1,10.514,12.6,-1,-14774017,1,0,8.0,0,0,1,8.0,0,9.5,7.0,0.0,19.0,19.84,8.835,10.588,1255.0
256,3610340015687,0,Garnier color naturel blond ultra clair N°10,10.846,12.6,-1,-14774017,1,0,7.0,0,0,1,6.0,0,9.8,7.0,0.0,19.0,16.18,9.114,10.589,1256.0
257,3600542097024,7,Garnier masque tissu charbon pur 28g,9.157,11.9,-1,-14774017,1,0,10.0,0,0,1,2.0,0,8.1,5.0,0.0,19.0,30.0,7.695,10.004,0.0
258,3600541943506,7,Garnier masque tissu hydra bomb 28g,9.157,11.9,-1,-14774017,1,0,16.0,0,0,1,2.0,0,8.1,5.0,0.0,19.0,30.0,7.695,10.004,0.0
259,3600541944664,7,Garnier masque tissu hydra bomb 28g,9.157,11.9,-1,-14774017,1,0,17.0,0,0,1,2.0,0,8.1,5.0,0.0,19.0,30.0,7.695,10.004,0.0
260,7702018490080,20,GILLETTE BLEU III *3 SENSITIVE,8.19315,9.801465345,-1,-14774017,1,0,3.0,26,0,1,2.0,0,8.1,15.0,0.0,19.0,19.63,6.885,8.2365255,1260.0
261,7702018457229,20,GILLETTE BLEU III *3 COOLING,8.193,10.7,-1,-14774017,1,0,0.0,26,0,1,2.0,0,8.1,15.0,0.0,19.0,30.59,6.885,8.991,0.0
262,7702018489831,20,GILLETTE BLEU III*6 COMFORT,14.66675,17.6001,-1,-14774017,1,0,3.0,26,0,1,2.0,0,14.5,15.0,0.0,19.0,20.0,12.325,14.79,1262.0
263,7702018490165,20,GILLETTE BLEU III *6 SENSITIVE,14.667,17.6,-1,-14774017,1,0,0.0,26,0,1,2.0,0,14.5,15.0,0.0,19.0,20.0,12.325,14.79,5263.0
264,7702018457281,20,GILLETTE BLEU III *6 COOLING,14.66675,17.6001,-1,-14774017,1,0,4.0,26,0,1,2.0,0,14.5,15.0,0.0,19.0,20.0,12.325,14.79,1264.0
265,7702018069286,20,Gillette SIMPLY VÉNUS  // 8+4,13.447,17.4999258,-1,-14774017,1,0,5.0,0,0,1,2.0,0,11.3,0.0,0.0,19.0,30.14,11.3,14.70582,1265.0
266,7702018069361,20,GILLETTE BLEU II pour femme 5+2,8.925,11.6,-1,-14774017,1,0,1.0,26,0,1,3.0,0,7.5,0.0,0.0,19.0,30.0,7.5,9.75,0.0
267,7702018069255,0,SIMPLY VÉNUS  /// 4+1,16.66,20.7,-1,-14774017,1,0,21.0,0,0,1,2.0,0,14.0,0.0,0.0,19.0,24.25,14.0,17.395,1267.0
268,7702018978120,13,GILLETTE STICK COOL WAVE,12.852,14.901894,-1,-14774017,1,0,6.0,26,0,1,3.0,0,10.8,0.0,0.0,19.0,15.95,10.8,12.5226,1268.0
269,3574669907927,0,JOHNSON SHP GOLD 750ML,14.481,18.799,-1,-14774017,1,0,0.0,0,0,1,3.0,0,14.15,14.0,0.0,19.0,29.82,12.169,15.798,1269.0
270,3574661104058,5,JOHNSON COLOGNE FLORAL 100ML,6.854,8.91,-1,-14774017,1,0,12.0,0,0,1,4.0,0,6.4,10.0,0.0,19.0,30.0,5.76,7.488,0.0
271,6111079033036,5,JOHNSON HUILE ALOÉ VERA 100ML,6.372,8.28,-1,-14774017,1,0,0.0,0,0,1,3.0,0,5.95,10.0,0.0,19.0,30.0,5.355,6.962,0.0
272,3574669908115,5,JOHNSON LAIT DE TOILETTE 100ML,7.443,9.7,-1,-14774017,1,0,5.0,0,0,1,3.0,0,6.95,10.0,0.0,19.0,30.3,6.255,8.15,0.0
273,6192003697531,0,JOHNSON COFFRET 5 PRODUITS,26.567,34.5,-1,-14774017,1,0,5.0,0,0,1,2.0,0,23.5,5.0,0.0,19.0,29.86,22.325,28.991,1273.0
274,6111079002087,5,JOHNSON HUILE 100ML,5.676,7.4,-1,-14774017,1,0,0.0,0,0,1,4.0,0,5.3,10.0,0.0,19.0,30.4,4.77,6.22,0.0
275,3574661587745,19,Johnsons lave main 300ml MENTHE,6.962,8.1,-1,-14774017,1,0,3.0,0,0,1,0.0,0,6.5,10.0,0.0,19.0,16.35,5.85,6.806,0.0
276,3574661587028,19,Johnsons lave main 300ml CITRON,6.962,8.1,-1,-14774017,1,0,1.0,0,0,1,0.0,0,6.5,10.0,0.0,19.0,16.35,5.85,6.806,0.0
277,3574661336411,7,NEUTROGENA CRÈME NETTOYANTE ANTI-POINTS NOIRS 150ML,17.975,23.4,-1,-14774017,1,0,3.0,9,0,1,2.0,0,15.9,5.0,0.0,19.0,30.2,15.105,19.667,1277.0
278,3574661333571,0,Neutrogena GEL NETTOYANT ANTI-BOUTONS 200ML,17.975,23.4,-1,-14774017,1,0,0.0,9,0,1,2.0,0,15.9,5.0,0.0,19.0,30.2,15.105,19.667,
279,3574661450919,7,EAU MICELLAIRE HYDRO BOOST 400ML,22.045,28.7,-1,-14774017,1,0,3.0,9,0,1,3.0,0,19.5,5.0,0.0,19.0,30.2,18.525,24.12,0.0
280,3574661450537,7,NEUTROGENA eau miclaire skin deox 400ML,22.045,28.7,-1,-14774017,1,0,5.0,9,0,1,2.0,0,19.5,5.0,0.0,19.0,30.2,18.525,24.12,0.0
281,8002110383709,9,CRÈME MAIN SANS PARFUM 50 ML,8.988,11.6,-1,-14774017,1,0,4.0,9,0,1,2.0,0,7.95,5.0,0.0,19.0,29.0,7.553,9.743,0.0
282,4012273123009,9,CRÈME MAIN L'ORIGINAL 50 ML,8.988,11.6,-1,-14774017,1,0,3.0,9,0,1,2.0,0,7.95,5.0,0.0,19.0,29.0,7.553,9.743,0.0
283,3058320021028,12,NARTA DEO FEMME FLORALE 200ML,12.317,15.8,-1,-14774017,1,0,0.0,10,0,1,3.0,0,11.5,10.0,0.0,19.0,28.28,10.35,13.277,
284,3600550845624,12,NARTA DEO FEMME FRESHISSIME 200ML,12.317,15.8,-1,-14774017,1,0,0.0,0,0,1,4.0,0,11.5,10.0,0.0,19.0,28.28,10.35,13.277,
285,3600551146157,0,NARTA DEO HOMME-BACTIPUR ZINC 200ML,14.34,15.801,-1,-14774017,1,0,4.0,0,0,1,4.0,0,12.05,0.0,0.0,19.0,10.19,12.05,13.278,1285.0
286,3600550964707,12,NARTA DEO HOMME CLASSIC 200ML,12.317,15.8,-1,-14774017,1,0,1.0,0,0,1,4.0,0,11.5,10.0,0.0,19.0,28.28,10.35,13.277,
287,3600551146263,12,NARTA DEO HOMME INVISIMAX 0% 200ML,12.317,15.8,-1,-14774017,1,0,1.0,0,0,1,4.0,0,11.5,10.0,0.0,19.0,28.28,10.35,13.277,
288,8411104004573,0,BYLY CRÈME DEO BRISE MARINE,3.338,4.399,-1,-14774017,1,0,28.0,0,0,1,2.0,0,3.3,15.0,0.0,19.0,31.8,2.805,3.697,1288.0
289,8411104004610,9,BYLY CRÈME DEO FRESH NATURE,3.33795,4.3994181,-1,-14774017,1,0,20.0,0,0,1,2.0,0,3.3,15.0,0.0,19.0,31.8,2.805,3.69699,1289.0
290,4005900555540,9,LABELLO ORIGINAL,5.563,6.5,-1,-14774017,1,0,0.0,0,0,1,2.0,0,5.5,15.0,0.0,19.0,16.84,4.675,5.462,0.0
291,4005900547507,0,LABELLO BLACKBERRY SHINE,5.563,7.8,-1,-14774017,1,0,2.0,0,0,1,2.0,0,5.5,15.0,0.0,19.0,40.2,4.675,6.554,1291.0
292,4005900555717,9,LABELLO CHERRY SHINE,5.563,6.5,-1,-14774017,1,0,0.0,0,0,1,2.0,0,5.5,15.0,0.0,19.0,16.84,4.675,5.462,0.0
293,3600551027906,0,NARTA BILLE HOMME INVISMAX 0%,10.496,13.9,-1,-14774017,1,0,3.0,10,0,1,3.0,0,9.8,10.0,0.0,19.0,32.43,8.82,11.68,
294,6990577325801,21,SHARK BRIQUET,0.336,0.5,-1,-14774017,1,0,206.0,0,0,1,2.0,0,0.282,0.0,0.0,19.0,49.0,0.282,0.42,0.0
295,8412765508905,21,CLIPPER BRIQUET GM,1.58627,2.00028647,-1,-14774017,1,0,64.0,0,0,1,2.0,0,1.333,0.0,0.0,19.0,26.1,1.333,1.680913,1295.0
298,3382114210993,11,ROVENA PARFUM CHANCY 20ML,3.719,4.83,-1,-14774017,0,0,0.0,0,0,1,2.0,0,3.125,0.0,0.0,19.0,30.0,3.125,4.063,0.0
306,3014260099299,24,ORAL-B BROSSE A DENTS  ENFANT ( 3-5 ANS ),5.156,6.7,-1,-14774017,1,0,37.0,0,0,1,2.0,0,4.333,0.0,0.0,19.0,30.0,4.333,5.633,0.0
307,3600550454048,1,MIXA BÉBÉ SHP CLASSIQUE 250ML,10.288,12.6,-1,-14774017,1,0,2.0,0,0,1,4.0,0,9.5,9.0,0.0,19.0,22.5,8.645,10.59,0.0
308,3574661381824,9,LPM CRÉME DE DOUCHE SUBLIMANTE 250ML,7.14,8.5,-1,-14774017,1,0,2.0,0,0,1,2.0,0,6.0,0.0,0.0,19.0,19.04,6.0,7.142,0.0
309,3574661578491,3,LPM GD  LAIT DE VANILLE 250ML,5.944,7.75,-1,-14774017,1,0,0.0,0,0,1,2.0,0,5.55,10.0,0.0,19.0,30.4,4.995,6.513,0.0
310,3574661319308,3,LPM GD GRENADE 250ML (Gratuit),0.001,0.0,-1,-14774017,1,0,0.0,0,0,1,2.0,0,5.55,99.99,0.0,19.0,1.0,0.001,0.001,0.0
311,3574661319216,3,LPM GD AU PAYS DU MIEL 250ML,5.944,7.75,-1,-14774017,1,0,0.0,0,0,1,2.0,0,5.55,10.0,0.0,19.0,30.4,4.995,6.513,0.0
312,4015600756758,17,CREST dentifrices 100ml COMPLETE 7,5.257,6.9,-1,-14774017,1,0,10.0,0,0,1,2.0,0,4.65,5.0,0.0,19.0,31.2,4.418,5.796,
313,5410076418145,17,CREST dentifrices 100ml 3D WHITE,5.257,6.85,-1,-14774017,1,0,5.0,0,0,1,2.0,0,4.65,5.0,0.0,19.0,30.3,4.418,5.757,1313.0
314,8006540331392,17,FIXODENT CRÈME ADHÉSIVE MENTHE,15.173,19.8,-1,-14774017,1,0,11.0,22,0,1,2.0,0,12.75,0.0,0.0,19.0,30.5,12.75,16.639,0.0
315,8006540331231,17,FIXODENT CRÈME ADHÉSIVE NEUTRAL,15.173,19.8,-1,-14774017,1,0,50.0,22,0,1,2.0,0,12.75,0.0,0.0,19.0,30.5,12.75,16.639,0.0
316,6192016401019,8,ZINA SUCRE MIEL 200GR,2.826,3.702,-1,-14774017,1,0,26.0,35,0,1,2.0,0,2.5,5.0,0.0,19.0,31.0,2.375,3.111,1316.0
317,6192016401644,8,ZINA SUCRE ROSE 200GR,2.826,3.702,-1,-14774017,1,0,36.0,35,0,1,2.0,0,2.5,5.0,0.0,19.0,31.0,2.375,3.111,1317.0
318,6192016401002,8,ZINA SUCRE SIMPLE200GR,2.544,3.3,-1,-14774017,1,0,28.0,35,0,1,2.0,0,2.25,5.0,0.0,19.0,29.7,2.138,2.773,1318.0
319,6222001555653,20,SHARK LAME SUPER STAINLESS,1.071,1.4,-1,-14774017,1,0,7.0,12,0,1,2.0,0,0.9,0.0,0.0,19.0,30.5,0.9,1.175,0.0
320,8904304581321,20,RK LAME STAINLESS,0.893,1.196,-1,-14774017,1,0,32.0,23,0,1,2.0,0,0.75,0.0,0.0,19.0,34.0,0.75,1.005,1320.0
321,3760082620035,7,COTON PLUS DISQUES 80PIÉCES,3.927,4.8997179,-1,-14774017,1,0,27.0,0,0,1,6.0,0,3.3,0.0,0.0,19.0,24.77,3.3,4.11741,1321.0
322,6192016401583,8,DERME SUCRE NÉROLI 250GR,4.205817,5.505414453,-1,-14774017,1,0,14.0,36,0,1,2.0,0,3.927,10.0,0.0,19.0,30.9,3.5343,4.6263987,21322.0
323,6192016401040,8,DERME SUCRE ROSE 250GR,4.205817,5.505414453,-1,-14774017,1,0,19.0,36,0,1,2.0,0,3.927,10.0,0.0,19.0,30.9,3.5343,4.6263987,1323.0
324,3574660002522,7,CLEAN AND CLEAR DEEP ACTION CREAM 150ML,18.653,24.3,-1,-14774017,1,0,2.0,37,0,1,2.0,0,16.5,5.0,0.0,19.0,30.28,15.675,20.421,0.0
325,3574660002515,7,CLEAN AND CLEAR  DAILY WASH 150ML,18.653,24.301,-1,-14774017,1,0,3.0,37,0,1,2.0,0,16.5,5.0,0.0,19.0,30.28,15.675,20.421,
326,8682835415567,15,RENES NECK STRIP PACK,12.138,15.90078,-1,-14774017,1,0,3.0,24,0,1,2.0,0,12.0,15.0,0.0,19.0,31.0,10.2,13.362,1326.0
327,5287000234894,15,Eelegance gel hair 500gr GRIS,6.423025,8.4013167,-1,-14774017,1,0,4.0,38,0,1,2.0,0,6.35,15.0,0.0,19.0,30.8,5.3975,7.05993,1327.0
328,5285001951482,15,Eelegance gel hair 500gr VIOLET,6.423,8.4,-1,-14774017,1,0,1.0,38,0,1,2.0,0,6.35,15.0,0.0,19.0,30.8,5.398,7.061,
329,5287000234900,15,Eelegance gel hair 500gr BLEU CIEL,6.423025,8.4013167,-1,-14774017,1,0,1.0,38,0,1,2.0,0,6.35,15.0,0.0,19.0,30.8,5.3975,7.05993,1329.0
330,5285001951369,0,Eelegance gel hair 500gr MELITAIRE,6.423,8.402,-1,-14774017,1,0,2.0,38,0,1,2.0,0,6.35,15.0,0.0,19.0,30.8,5.398,7.061,1330.0
331,5287000234931,15,Eelegance gel hair 500gr VERT,6.423025,8.4013167,-1,-14774017,1,0,6.0,38,0,1,2.0,0,6.35,15.0,0.0,19.0,30.8,5.3975,7.05993,1331.0
332,5285001951208,0,Eelegance gel hair 250gr BLEU CIEL,4.998,5.7996792,-1,-14774017,1,0,9.0,38,0,1,2.0,0,4.2,0.0,0.0,19.0,16.04,4.2,4.87368,1332.0
333,5285001951260,0,Eelegance gel hair 250gr VIOLET,4.998,5.7996792,-1,-14774017,1,0,9.0,38,0,1,2.0,0,4.2,0.0,0.0,19.0,16.04,4.2,4.87368,1333.0
334,5285001951291,0,Eelegance gel hair 250gr MELITAIRE,4.998,5.7996792,-1,-14774017,1,0,10.0,38,0,1,2.0,0,4.2,0.0,0.0,19.0,16.04,4.2,4.87368,1334.0
335,5285001951215,0,Eelegance gel hair 250gr JAUNE,4.998,5.7996792,-1,-14774017,1,0,11.0,38,0,1,2.0,0,4.2,0.0,0.0,19.0,16.04,4.2,4.87368,1335.0
336,5285001951192,0,Eelegance gel hair 250gr GRIS,4.998,5.7996792,-1,-14774017,1,0,11.0,38,0,1,2.0,0,4.2,0.0,0.0,19.0,16.04,4.2,4.87368,1336.0
337,5285001951635,0,Eelegance gel hair 100gr MELITAIRE,1.904,2.2,-1,-14774017,1,0,23.0,38,0,1,2.0,0,1.6,0.0,0.0,19.0,15.52,1.6,1.848,1337.0
338,5285001951550,15,Eelegance gel hair 100gr ROSE,1.618,2.1,-1,-14774017,1,0,0.0,38,0,1,2.0,0,1.6,15.0,0.0,19.0,30.0,1.36,1.768,
339,5285001951543,0,Eelegance gel hair 100gr BLEU CIEL,1.904,2.2,-1,-14774017,1,0,2.0,38,0,1,2.0,0,1.6,0.0,0.0,19.0,15.52,1.6,1.848,1339.0
340,5285001951536,0,Eelegance gel hair 100gr GRIS,1.904,2.2,-1,-14774017,1,0,27.0,38,0,1,2.0,0,1.6,0.0,0.0,19.0,15.52,1.6,1.848,1340.0
341,5285001951574,15,Eelegance gel hair 100gr VERT,1.618,2.1,-1,-14774017,1,0,10.0,38,0,1,2.0,0,1.6,15.0,0.0,19.0,30.0,1.36,1.768,1341.0
342,5283022002541,16,ELEGANCE DISOLVANT VERT 65ML,1.51725,1.90111425,-1,-14774017,1,0,13.0,38,0,1,2.0,0,1.5,15.0,0.0,19.0,25.3,1.275,1.597575,1342.0
343,5283022002534,16,ELEGANCE DISOLVANT  ROSE 65ML,1.51725,1.90111425,-1,-14774017,1,0,5.0,38,0,1,2.0,0,1.5,15.0,0.0,19.0,25.3,1.275,1.597575,1343.0
344,5283022002626,16,ELEGANCE DISOLVANT   JAUNE 65ML,1.51725,1.90111425,-1,-14774017,1,0,12.0,38,0,1,2.0,0,1.5,15.0,0.0,19.0,25.3,1.275,1.597575,1344.0
345,6192005223592,11,LELLA PARFUM SENSUELLE 90ML,21.242,27.61,-1,-14774017,1,0,0.0,39,0,1,2.0,0,21.0,15.0,0.0,19.0,30.0,17.85,23.205,0.0
346,6192005224728,11,LELLA PARFUM OUD 90ML,21.242,27.4,-1,-14774017,1,0,2.0,39,0,1,2.0,0,21.0,15.0,0.0,19.0,29.0,17.85,23.027,0.0
347,6192005224711,11,LELLA PARFUM ORIENTALE 90ML,21.2415,27.401535,-1,-14774017,1,0,5.0,39,0,1,2.0,0,21.0,15.0,0.0,19.0,29.0,17.85,23.0265,1347.0
348,6192005223608,11,LELLA PARFUM BELLE 90ML,21.242,27.61,-1,-14774017,1,0,0.0,39,0,1,2.0,0,21.0,15.0,0.0,19.0,30.0,17.85,23.205,0.0
349,6192005226050,0,LELLA COFFRET SENSUELLE,29.7381,29.98790004,-1,-14774017,1,0,1.0,39,0,1,2.0,0,29.4,15.0,0.0,19.0,0.84,24.99,25.199916,1349.0
350,6192005226043,18,LELLA COFFRET IRRÉSISTIBLE,29.738,29.988,-1,-14774017,1,0,4.0,39,0,1,2.0,0,29.4,15.0,0.0,19.0,0.84,24.99,25.2,1350.0
351,6192005226036,18,LELLA COFFRET BELLE,29.738,29.988,-1,-14774017,1,0,1.0,39,0,1,2.0,0,29.4,15.0,0.0,19.0,0.84,24.99,25.2,1351.0
352,6192005227071,12,LELLA DEO OUD 150ML,3.331,3.33,-1,-14774017,1,0,0.0,39,0,1,2.0,0,3.85,27.3,0.0,19.0,0.0,2.799,2.799,0.0
353,6192005227088,12,LELLA DEO ORIENTALE 150ML,3.894,4.99,-1,-14774017,1,0,0.0,39,0,1,2.0,0,3.85,15.0,0.0,19.0,28.1,3.273,4.193,0.0
354,6192005223653,12,LELLA DEO SENSUELLE 150ML,3.299,3.3,-1,-14774017,1,0,0.0,39,0,1,2.0,0,3.85,28.0,0.0,19.0,0.0,2.772,2.772,0.0
355,6192005223677,12,LELLA DEO IRRÉRISTIBLE 150ML,3.299,3.3,-1,-14774017,1,0,0.0,39,0,1,2.0,0,3.85,28.0,0.0,19.0,0.0,2.772,2.772,0.0
356,6192005211247,14,BILLE LELLA MISS 50ML,2.63,3.6,-1,-14774017,1,0,3.0,39,0,1,2.0,0,2.6,15.0,0.0,19.0,37.0,2.21,3.028,0.0
357,6192005212763,14,BILLE LELLA TAJ MOON 50ML,2.63,3.6,-1,-14774017,1,0,0.0,39,0,1,2.0,0,2.6,15.0,0.0,19.0,37.0,2.21,3.028,0.0
358,6192005212756,14,BILLE LELLA SENSUALITY 50ML,2.63,3.6,-1,-14774017,1,0,0.0,39,0,1,2.0,0,2.6,15.0,0.0,19.0,37.0,2.21,3.028,0.0
359,6192005211254,14,BILLE LELLA DESIRE 50ML,2.63,3.33,-1,-14774017,1,0,1.0,39,0,1,2.0,0,2.6,15.0,0.0,19.0,26.55,2.21,2.797,0.0
360,3017561550032,11,BIEN ETRE COLOGNE FRAÎCHEUR 250ML,22.61,29.39,-1,-14774017,1,0,2.0,0,0,1,2.0,0,20.0,5.0,0.0,19.0,30.0,19.0,24.7,0.0
361,3017561550018,11,BIEN ETRE COLOGNE NATURELLE  250ML,22.61,29.39,-1,-14774017,1,0,2.0,0,0,1,2.0,0,20.0,5.0,0.0,19.0,30.0,19.0,24.7,0.0
362,3017561550025,11,BIEN ETRE  COLOGNE LAVANDE 250ML,22.61,29.39,-1,-14774017,1,0,0.0,0,0,1,2.0,0,20.0,5.0,0.0,19.0,30.0,19.0,24.7,0.0
363,8003510002207,15,INTESA STYLING  500ML,10.1745,11.904165,-1,-14774017,1,0,2.0,28,0,1,2.0,0,9.5,10.0,0.0,19.0,17.0,8.55,10.0035,1363.0
364,5285001952168,0,ELEGANCE SERUM 300ML,26.775,29.8,-1,-14774017,1,0,3.0,38,0,1,2.0,0,25.0,10.0,0.0,19.0,11.3,22.5,25.043,1364.0
365,5285001952328,4,ELEGANCE  SERUM 120ML,15.958,18.001,-1,-14774017,1,0,4.0,38,0,1,2.0,0,14.9,10.0,0.0,19.0,12.8,13.41,15.126,1365.0
366,5283022020828,4,ELEGANCE  SERUM 60ML,7.6041,9.9005382,-1,-14774017,1,0,6.0,38,0,1,2.0,0,7.1,10.0,0.0,19.0,30.2,6.39,8.31978,1366.0
367,8697926017520,4,REDIST SERUM ARGAN OIL KERATIN 125ML,14.994,18.0,-1,-14774017,1,0,3.0,29,0,1,2.0,0,14.0,10.0,0.0,19.0,20.05,12.6,15.126,1367.0
368,5287000234627,15,ELSADA GEL ROSE (Promo) 250GR,3.0,3.33,-1,-14774017,1,0,19.0,41,0,1,2.0,0,2.521,0.0,0.0,19.0,11.0,2.521,2.798,0.0
369,5287000234092,15,ELSADA GEL GRIS (Promo)  250GR,3.0,3.33,-1,-14774017,1,0,22.0,41,0,1,2.0,0,2.521,0.0,0.0,19.0,11.0,2.521,2.798,0.0
370,5285001953332,0,ELSADA GEL MELITAIRE (Promo)  250GR,3.0,3.33,-1,-14774017,1,0,6.0,41,0,1,2.0,0,2.521,0.0,0.0,19.0,11.0,2.521,2.798,0.0
371,3574661638768,17,LISTERINE 500ml PROTECTION DENTS ET GENCIVES,8.83575,11.499728625,-1,-14774017,1,0,5.0,1,0,1,2.0,0,8.25,10.0,0.0,19.0,30.15,7.425,9.6636375,1371.0
372,3574661634951,17,LISTERINE 500ml FRAÎCHEUR GOÛT PLUS LÉGER,8.83575,11.499728625,-1,-14774017,1,0,1.0,1,0,1,2.0,0,8.25,10.0,0.0,19.0,30.15,7.425,9.6636375,1372.0
373,3574661638393,17,LISTERINE 500ml BLANCHEUR GOÛT PLUS LÉGER,8.83575,11.499728625,-1,-14774017,1,0,10.0,1,0,1,2.0,0,8.25,10.0,0.0,19.0,30.15,7.425,9.6636375,1373.0
374,3574661634982,17,LISTERINE 500ml TOTAL CARE 6EN1,8.83575,11.499728625,-1,-14774017,1,0,7.0,1,0,1,2.0,0,8.25,10.0,0.0,19.0,30.15,7.425,9.6636375,1374.0
375,3574661638706,17,LISTERINE 500ml TOTAL CARE ANTI TARTRE,10.0674,13.0976874,-1,-14774017,1,0,4.0,1,0,1,2.0,0,9.4,10.0,0.0,19.0,30.1,8.46,11.00646,1375.0
376,3574661634937,17,LISTERINE 500ml FRAÎCHEUR INTENSE,8.836,11.5,-1,-14774017,1,0,0.0,1,0,1,2.0,0,8.25,10.0,0.0,19.0,30.15,7.425,9.664,
377,312547811217,17,LISTERINE   FRESH BURST - ANTISEPTOC 500ML,8.836,11.5,-1,-14774017,1,0,0.0,1,0,1,2.0,0,8.25,10.0,0.0,19.0,30.15,7.425,9.664,0.0
378,3574661634944,17,LISTERINE   FRAICHEUR GOUT PLUS LÉGER 250ML,6.426,7.698348,-1,-14774017,1,0,4.0,1,0,1,2.0,0,6.0,10.0,0.0,19.0,19.8,5.4,6.4692,1378.0
379,3574661634920,17,LISTERINE   FRAICHEUR INTENSE 250 ML,6.426,7.7,-1,-14774017,1,0,0.0,1,0,1,2.0,0,6.0,10.0,0.0,19.0,19.8,5.4,6.469,0.0
380,3574661638737,17,LISTERINE   PROTECTION DENTS ET GENCIVES 250 ML,6.426,7.698348,-1,-14774017,1,0,4.0,1,0,1,2.0,0,6.0,10.0,0.0,19.0,19.8,5.4,6.4692,1380.0
381,3574661634975,17,LISTERINE   TOTAL CARE 6EN1 250 ML,6.426,7.698348,-1,-14774017,1,0,4.0,1,0,1,2.0,0,6.0,10.0,0.0,19.0,19.8,5.4,6.4692,1381.0
382,3574661253350,17,LISTERINE   THÉ VERT 250ML,6.426,7.698348,-1,-14774017,1,0,5.0,1,0,1,2.0,0,6.0,10.0,0.0,19.0,19.8,5.4,6.4692,1382.0
383,3600550166668,1,F.P SHP EXPERT COULEUR 750ML,17.218,24.4,-1,-14774017,1,0,3.0,2,0,1,2.0,0,15.9,9.0,0.0,19.0,41.71,14.469,20.504,0.0
384,3600550166583,1,F.P SHP EXPERT NUTRITION 750ML,17.218,22.9,-1,-14774017,1,0,0.0,2,0,1,2.0,0,15.9,9.0,0.0,19.0,33.0,14.469,19.244,0.0
385,3600550255560,1,F.P SHP EXPERT NUTRITION (+) 750ML,17.21811,24.399783681,-1,-14774017,1,0,3.0,2,0,1,2.0,0,15.9,9.0,0.0,19.0,41.71,14.469,20.5040199,5385.0
386,3600550166781,2,F.P A/SHP EXPERT NUTRITION 750ML,17.218,22.9,-1,-14774017,1,0,0.0,2,0,1,2.0,0,15.9,9.0,0.0,19.0,33.0,14.469,19.244,0.0
387,3600550166828,2,F.P A/SHP EXPERT RÉPARATION 750ML,17.218,24.4,-1,-14774017,1,0,2.0,2,0,1,2.0,0,15.9,9.0,0.0,19.0,41.71,14.469,20.504,0.0
388,3600550258226,2,F.P A/SHP EXPERT NUTRITION (+) 750ML,17.218,22.9,-1,-14774017,1,0,0.0,2,0,1,2.0,0,15.9,9.0,0.0,19.0,33.0,14.469,19.244,0.0
389,3600550817591,4,DESSANGE MASQUE N-EXTRÊME 3 ACTION 250ML,21.658,25.99,-1,-14774017,1,0,3.0,3,0,1,2.0,0,20.0,9.0,0.0,19.0,20.0,18.2,21.84,
390,3600550817584,1,DESSANGE SHP NUTRI EXTRÊME 250ML,15.702,16.7,-1,-14774017,1,0,4.0,3,0,1,2.0,0,14.5,9.0,0.0,19.0,6.35,13.195,14.033,0.0
391,3600550153415,1,DESSANGE SHP NUTRI-EXTRÊME RICHESSE 250ML,15.702,16.7,-1,-14774017,1,0,3.0,3,0,1,2.0,0,14.5,9.0,0.0,19.0,6.36,13.195,14.034,0.0
392,3600550274783,1,DESSANGE SHP EXTRÊME 3 HUILE 250ML,15.70205,16.699130175,-1,-14774017,1,0,6.0,3,0,1,2.0,0,14.5,9.0,0.0,19.0,6.35,13.195,14.0328825,1392.0
393,887930414585,23,KODAK TORCHE  LED FLASHLIGHT ULTRA 165,55.5,66.7,-1,-14774017,1,0,2.0,4,0,1,2.0,0,58.298,20.0,0.0,19.0,20.18,46.638,56.05,0.0
394,887930419481,23,KODAK TORCHE  LED FLASHLIGHT RECHARGEABLE HANDY 150R,52.487,68.3,-1,-14774017,1,0,2.0,4,0,1,2.0,0,55.133,20.0,0.0,19.0,30.13,44.106,57.395,0.0
395,887930419498,0,KODAK TORCHE RECHARGEABLE MULTI-UTIL,56.318,73.5,-1,-14774017,1,0,2.0,0,0,1,2.0,0,59.157,20.0,0.0,19.0,30.51,47.326,61.765,0.0
396,887930413878,23,KODAK TORCHE HEADLAMP 5W 300 LUMENS + 3 PILES AAA,26.906,34.98,-1,-14774017,1,0,1.0,4,0,1,2.0,0,28.263,20.0,0.0,19.0,30.0,22.61,29.393,1396.0
397,887930412468,23,KODAK TORCHE 9 LED rouge  AVEC 3 PILES,9.176,11.9,-1,-14774017,1,0,2.0,4,0,1,2.0,0,8.568,10.0,0.0,19.0,29.65,7.711,9.997,0.0
398,5000394127562,0,DURACELL PLUS POWER D2 (R20),18.207,21.6,-1,-14774017,1,0,7.0,5,0,1,2.0,0,17.0,10.0,0.0,19.0,18.64,15.3,18.152,1398.0
399,5000394127531,22,DURACELL R 14 PLUS POWER,12.424,16.2,-1,-14774017,1,0,8.0,5,0,1,2.0,0,11.6,10.0,0.0,19.0,30.4,10.44,13.614,0.0
400,5000394152456,22,DURACELL  AA 10 EXTRA LIFE,20.825,27.07,-1,-14774017,1,0,21.0,5,0,1,2.0,0,17.5,0.0,0.0,19.0,30.0,17.5,22.75,0.0
402,5000394152458,22,DURACELL  AA 6 EXTRA LIFE,15.797,17.5,-1,-14774017,1,0,2.0,5,0,1,2.0,0,14.75,10.0,0.0,19.0,10.78,13.275,14.706,1402.0
403,5000394152526,22,DURACELL  AAA 6 EXTRA LIFE,15.797,18.8,-1,-14774017,1,0,3.0,5,0,1,2.0,0,14.75,10.0,0.0,19.0,19.01,13.275,15.799,1403.0
404,0104043752174649,22,DURACELL HEARING 675 B6,14.78,19.2,-1,-14774017,1,0,2.0,5,0,1,2.0,0,13.8,10.0,0.0,19.0,29.91,12.42,16.135,0.0
405,887930954029,22,KODAK  AAA B2 RECHARGEABLE 1000 MAH,15.225,19.8,-1,-14774017,1,0,5.0,4,0,1,2.0,0,15.052,15.0,0.0,19.0,30.05,12.794,16.639,0.0
406,887930955088,22,KODAK  AA B2 RECHARGEABLE 2600 MAH,24.66,32.0,-1,-14774017,1,0,4.0,4,0,1,2.0,0,24.38,15.0,0.0,19.0,29.77,20.723,26.892,0.0
407,887930944723,22,KODAK NANO CHARGEUR +4P AA 2100,61.045,79.4,-1,-14774017,1,0,1.0,4,0,1,2.0,0,73.283,30.0,0.0,19.0,30.07,51.298,66.723,0.0
408,887930952872,22,KODAK  AAA B2 ALKALINE,3.8556,4.9004676,-1,-14774017,1,0,14.0,4,0,1,2.0,0,3.6,10.0,0.0,19.0,27.1,3.24,4.11804,1408.0
409,887930952810,22,KODAK  AAA B4 ALKALINE,6.29748,8.2,-1,-14774017,1,0,7.0,4,0,1,2.0,0,5.88,10.0,0.0,19.0,30.21,5.292,6.8907132,1409.0
410,887930952865,22,KODAK AA B4 ALKALINE,6.297,8.2,-1,-14774017,1,0,0.0,4,0,1,2.0,0,5.88,10.0,0.0,19.0,30.18,5.292,6.889,0.0
411,887930396010,22,KODAK LR1,3.856,5.0,-1,-14774017,1,0,3.0,4,0,1,2.0,0,3.6,10.0,0.0,19.0,29.7,3.24,4.202,0.0
412,887930952858,22,KODAK ALKALINE 9V,8.033,10.5,-1,-14774017,1,0,2.0,4,0,1,2.0,0,7.5,10.0,0.0,19.0,30.75,6.75,8.826,0.0
414,887930952841,22,KODAK R20 ALKALINE,13.28,17.3,-1,-14774017,1,0,3.0,4,0,1,2.0,0,12.4,10.0,0.0,19.0,30.27,11.16,14.538,0.0
415,6931717812430,0,CARTHAGE PILE AA  B2,0.344,1.0,-1,-14774017,1,0,185.0,6,0,1,12.0,0,0.298,3.0,0.0,19.0,190.7,0.289,0.84,8415.0
416,6931717812454,22,CARTHAGE PILE AAA  B2,0.6664,0.9996,-1,-14774017,1,0,8.0,6,0,1,12.0,0,0.56,0.0,0.0,19.0,50.0,0.56,0.84,1416.0
417,6931717812478,22,CARTHAGE  R20 B2,3.793,4.9,-1,-14774017,1,0,0.0,6,0,1,12.0,0,3.75,15.0,0.0,19.0,29.2,3.188,4.119,0.0
431,887930986334,22,KODAK A 76 LR44,1.607,2.1,-1,-14774017,1,0,0.0,4,0,1,2.0,0,1.5,10.0,0.0,19.0,30.55,1.35,1.762,0.0
432,887930636055,22,KODAK A 23 12V,3.749,4.9,-1,-14774017,1,0,4.0,4,0,1,2.0,0,3.5,10.0,0.0,19.0,30.58,3.15,4.113,0.0
433,887930414370,22,KODAK A27 12V,4.284,5.6,-1,-14774017,1,0,2.0,4,0,1,2.0,0,4.0,10.0,0.0,19.0,30.65,3.6,4.703,0.0
434,887930414745,22,KODAK CR 1616 3V,3.9627,5.2030251,-1,-14774017,1,0,3.0,4,0,1,2.0,0,3.7,10.0,0.0,19.0,31.3,3.33,4.37229,1434.0
435,887930414325,22,KODAK CR 1620 3V,3.9627,5.1990624,-1,-14774017,1,0,3.0,4,0,1,2.0,0,3.7,10.0,0.0,19.0,31.2,3.33,4.36896,1435.0
436,887930414332,22,KODAK CR 1632 3V,3.963,5.2,-1,-14774017,1,0,3.0,4,0,1,2.0,0,3.7,10.0,0.0,19.0,31.22,3.33,4.37,0.0
437,887930380514,22,KODAK CR 2025 3V,3.213,4.2,-1,-14774017,1,0,0.0,4,0,1,2.0,0,3.0,10.0,0.0,19.0,30.65,2.7,3.528,0.0
438,887930506198,22,KODAK CR 2032 3V,3.213,4.2,-1,-14774017,1,0,1.0,4,0,1,2.0,0,3.0,10.0,0.0,19.0,30.71,2.7,3.529,
439,887930956238,22,KODAK CR2 3V,14.887,19.4,-1,-14774017,1,0,2.0,4,0,1,2.0,0,13.9,10.0,0.0,19.0,30.31,12.51,16.302,0.0
440,887930423297,22,KODAK HEARING 13 B6,10.121,13.2,-1,-14774017,1,0,2.0,4,0,1,2.0,0,9.45,10.0,0.0,19.0,30.45,8.505,11.095,0.0
441,887930951059,22,KODAK R14 EXTRA HEAVY DUTY,3.534,4.6,-1,-14774017,1,0,5.0,4,0,1,2.0,0,3.3,10.0,0.0,19.0,30.0,2.97,3.861,0.0
442,887930953435,22,KODAK 9V EXTRA HEAVY DUTY,3.834,4.9,-1,-14774017,1,0,2.0,4,0,1,2.0,0,3.58,10.0,0.0,19.0,27.8,3.222,4.118,0.0
443,887930953329,22,KODAK AAA 4  EXTRA HEAVY DUTY,3.1059,3.9,-1,-14774017,1,0,27.0,4,0,1,2.0,0,2.9,10.0,0.0,19.0,25.56,2.61,3.277116,1443.0
444,887930414912,22,KODAK AAA 1 EXTRA HEAVY DUTY,0.742,1.0,-1,-14774017,1,0,0.0,4,0,1,2.0,0,0.693,10.0,0.0,19.0,34.61,0.624,0.84,0.0
445,887930414905,22,KODAK AA 1  EXTRA HEAVY DUTY,0.742,1.0,-1,-14774017,1,0,1.0,4,0,1,2.0,0,0.693,10.0,0.0,19.0,34.61,0.624,0.84,0.0
446,887930951042,0,KODAK AA 4  EXTRA HEAVY DUTY,2.971,3.9,-1,-14774017,1,0,4.0,4,0,1,2.0,0,2.774,10.0,0.0,19.0,31.25,2.497,3.277,1446.0
447,8888021301564,22,ENERGIZER  AAA2 RECHARGEABLE,20.63,26.9,-1,-14774017,1,0,5.0,7,0,1,2.0,0,19.7,12.0,0.0,19.0,30.4,17.336,22.606,0.0
448,8888021301779,0,ENERGIZER CR 2032,3.856,5.0,-1,-14774017,1,0,12.0,7,0,1,2.0,0,3.6,10.0,0.0,19.0,29.69,3.24,4.202,1448.0
449,8888021300116,22,ENERGIZER A 23 12 V,4.498,5.902,-1,-14774017,1,0,4.0,7,0,1,2.0,0,4.2,10.0,0.0,19.0,31.2,3.78,4.959,
450,8888021300369,22,ENERGIZER A 27  12V,4.498,5.9,-1,-14774017,1,0,5.0,7,0,1,2.0,0,4.2,10.0,0.0,19.0,31.2,3.78,4.959,0.0
451,4043752334517,22,MAXELL HEARING 13  B6,11.781,15.3,-1,-14774017,1,0,3.0,8,0,1,2.0,0,11.0,10.0,0.0,19.0,29.85,9.9,12.855,0.0
452,4043752334500,22,MAXELL HEARING 675 B6,11.781,15.3,-1,-14774017,1,0,2.0,8,0,1,2.0,0,11.0,10.0,0.0,19.0,29.85,9.9,12.855,0.0
453,5285001951239,0,Eelegance gel hair 250gr VERT,4.998,5.7996792,-1,-14774017,1,0,12.0,38,0,1,2.0,0,4.2,0.0,0.0,19.0,16.04,4.2,4.87368,1453.0
455,25010200,21,CLIPPER BRIQUET  PM,1.04125,1.353625,-1,-14774017,1,1,52.0,0,0,1,2.0,1,0.875,0.0,0.0,19.0,30.0,0.875,1.1375,1455.0
456,25040101,21,BRIQUET BTB,0.321,0.5,-1,-14774017,1,1,10.0,0,0,1,2.0,0,0.27,0.0,0.0,19.0,55.0,0.27,0.419,0.0
457,3600542416139,2,Garnier U.D A/SHP HAIRFOOD PAPAYA 350ML,14.03,18.9,-1,-14774017,1,0,8.0,9,0,1,2.0,0,13.1,10.0,0.0,19.0,34.71,11.79,15.882,1457.0
458,3600542416153,2,Garnier U.D A/SHP HAIRFOOD ALEOVERA 350ML,16.303,21.9617713,-1,-14774017,1,0,8.0,9,0,1,2.0,0,13.7,0.0,0.0,19.0,34.71,13.7,18.45527,1458.0
459,3600542416092,1,Garnier U.D SHP HAIRFOOD BANANE 350ML,14.459,18.9,-1,-14774017,1,0,7.0,9,0,1,2.0,0,13.5,10.0,0.0,19.0,30.72,12.15,15.882,1459.0
460,3610340584398,2,Garnier U.D A/SHP AVOCAT 200ML,9.425,11.3,-1,-14774017,1,0,0.0,9,0,1,2.0,0,8.8,10.0,0.0,19.0,19.9,7.92,9.496,0.0
461,3600542418799,1,Garnier U.D ABRICOT & COTON 400ML,12.798,14.7,-1,-14774017,1,0,0.0,9,0,1,2.0,0,11.95,10.0,0.0,19.0,14.85,10.755,12.352,0.0
462,3600542556699,0,Garnier U.D OIL REP AVOCAT 200ML,10.54935,11.96085303,-1,-14774017,1,0,6.0,9,0,1,3.0,0,9.85,10.0,0.0,19.0,13.38,8.865,10.051137,1462.0
463,7702018978106,15,GILLETTE STICK ARCTIC ICE,11.95236,14.89861674,-1,-14774017,1,0,9.0,26,0,1,3.0,0,10.8,7.0,0.0,19.0,24.65,10.044,12.519846,1463.0
464,4015600810849,0,GILLETTE STICK POWER RUSH,11.95236,14.89861674,-1,-14774017,1,0,8.0,26,0,1,3.0,0,10.8,7.0,0.0,19.0,24.65,10.044,12.519846,1464.0
465,7702018271788,0,GILLETTE STICK SPORT,11.95236,14.89861674,-1,-14774017,1,0,9.0,26,0,1,3.0,0,10.8,7.0,0.0,19.0,24.65,10.044,12.519846,1465.0
466,6192448800497,0,CLASS DESINFECTANT  500 ML 75%,5.2,6.8,-1,-14774017,1,0,2.0,20,0,1,2.0,0,5.462,20.0,0.0,19.0,30.8,4.37,5.716,0.0
467,7702018494149,0,GILLETTE BLEU III,2.053,2.697,-1,-14774017,1,0,83.0,26,0,1,10.0,0,2.3,25.0,0.0,19.0,31.39,1.725,2.266,1467.0
468,3014260265885,0,GILETTE BLEU II,0.929,1.203,-1,-14774017,1,0,27.0,26,0,1,10.0,0,1.041,25.0,0.0,19.0,29.4,0.781,1.011,1468.0
469,6194000000,19,BOZINO BAVETTE,0.193,0.25,-1,-14774017,1,1,1939.0,0,0,1,2.0,1,0.27,40.0,0.0,19.0,30.0,0.162,0.211,0.0
470,010CLASS DESINFECTON,0,CLASS DESINFECTANT 1 L,9.095,11.8,-1,-14774017,1,0,1.0,0,0,1,2.0,0,10.0,15.0,0.0,7.0,29.75,8.5,11.029,0.0
471,3058320028263,14,NARTA BILLE HOMME CLASIQUE,10.496,12.7,-1,-14774017,1,0,-1.0,10,0,1,3.0,0,9.8,10.0,0.0,19.0,21.0,8.82,10.672,0.0
472,3600550261523,14,NARTA BILLE HOMME PROT 5,10.496,12.7,-1,-14774017,1,0,0.0,10,0,1,3.0,0,9.8,10.0,0.0,19.0,21.0,8.82,10.672,0.0
473,3600551027708,14,NARTA BILLE FEMME  INVISIBLE 0 %,10.496,12.7,-1,-14774017,1,0,4.0,10,0,1,3.0,0,9.8,10.0,0.0,19.0,21.0,8.82,10.672,5473.0
474,3600550964738,14,NARTA BILLE FEMME iNVISIBLE,10.496,12.7,-1,-14774017,1,0,0.0,10,0,1,3.0,0,9.8,10.0,0.0,19.0,21.0,8.82,10.672,0.0
475,3600550362404,14,NARTA BILLE FEMME IMPECCABLE,10.496,12.7,-1,-14774017,1,0,3.0,10,0,1,3.0,0,9.8,10.0,0.0,19.0,21.0,8.82,10.672,0.0
476,3600550964721,0,NARTA BILLE FEMME BIO EFFICACITE 50 ML,11.733,13.901,-1,-14774017,1,0,5.0,10,0,1,3.0,0,10.955,10.0,0.0,19.0,18.47,9.86,11.681,5476.0
477,3600550964677,14,NARTA BILLE FEMME PROT 5,9.913,12.7,-1,-14774017,1,0,2.0,10,0,1,3.0,0,9.8,15.0,0.0,19.0,28.11,8.33,10.672,0.0
478,3600551146140,0,NARTA DEO HOMME PROT 5  200ML,13.049,15.9,-1,-14774017,1,0,3.0,10,0,1,4.0,0,12.05,9.0,0.0,19.0,21.84,10.966,13.361,1478.0
479,3600550964646,12,NARTA DEO HOMME INVISMAX 200 ML,12.317,15.8,-1,-14774017,1,0,0.0,10,0,1,4.0,0,11.5,10.0,0.0,19.0,28.28,10.35,13.277,
480,3600550288292,12,NARTA DEO FEMME bacti pur 200 ML,12.317,15.8,-1,-14774017,1,0,2.0,10,0,1,4.0,0,11.5,10.0,0.0,19.0,28.28,10.35,13.277,1480.0
481,3600550964684,12,NARTA DEO FEMME COLOGNE 200 ML,12.317,15.8,-1,-14774017,1,0,2.0,10,0,1,2.0,0,11.5,10.0,0.0,19.0,28.28,10.35,13.277,
482,3600550362374,12,NARTA DEO FEMME IMPECCABLE 200 ML,12.317,15.8,-1,-14774017,1,0,0.0,10,0,1,4.0,0,11.5,10.0,0.0,19.0,28.28,10.35,13.277,
483,3600551146195,0,NARTA DEO FEMME PROT 5 200 ML,13.0662,15.79964904,-1,-14774017,1,0,11.0,10,0,1,4.0,0,12.2,10.0,0.0,19.0,20.92,10.98,13.277016,1483.0
484,3600550964691,12,NARTA DEO FEMME INVISBLE 200 ML,12.317,15.8,-1,-14774017,1,0,0.0,10,0,1,4.0,0,11.5,10.0,0.0,19.0,28.28,10.35,13.277,1484.0
485,3600550235104,15,Vivellle Dop Blindée,9.282,9.7,-1,-14774017,1,0,1.0,11,0,1,2.0,0,7.8,0.0,0.0,19.0,4.5,7.8,8.151,0.0
486,3600550164169,15,Vivelle Dop Gel Effet Mouillé,9.282,9.7,-1,-14774017,1,0,0.0,11,0,1,0.0,0,7.8,0.0,0.0,19.0,4.5,7.8,8.151,0.0
487,3600550546033,15,Vivelle Dop Gel Extreme,9.282,9.7,-1,-14774017,1,0,0.0,11,0,1,2.0,0,7.8,0.0,0.0,19.0,4.5,7.8,8.151,0.0
488,3600550546057,15,Vivelle Dop Gel Extra-forte,9.282,9.7,-1,-14774017,1,0,0.0,11,0,1,2.0,0,7.8,0.0,0.0,19.0,4.5,7.8,8.151,0.0
489,3600550546040,15,Vivelle Dop Gel Béton,9.282,9.7,-1,-14774017,1,0,0.0,11,0,1,2.0,0,7.8,0.0,0.0,19.0,4.5,7.8,8.151,0.0
490,4895122318951,22,uniros R20 extra heavy duty,4.248,5.6,-1,-14774017,1,0,0.0,12,0,1,2.0,0,4.2,15.0,0.0,19.0,31.85,3.57,4.707,0.0
491,8710732230492,0,Cricket Briquet  fusion,1.376,1.802,-1,-14774017,1,0,16.0,13,0,1,2.0,0,1.36,15.0,0.0,19.0,31.0,1.156,1.514,1491.0
513,6194012127108,33,SAC CADEAU PM 40-12-127 GRIS,2.399,3.12,-1,-14774017,1,0,0.0,0,0,1,2.0,0,2.016,0.0,0.0,19.0,30.0,2.016,2.621,5513.0
514,6194012127207,33,SAC CADEAU PM 40-12-127 ROSE,2.399,3.12,-1,-14774017,1,0,0.0,0,0,1,2.0,0,2.016,0.0,0.0,19.0,30.0,2.016,2.621,0.0
515,6194061270008,33,SAC CADEAU PM 40-6-127 MULTICOLOR,2.399,3.12,-1,-14774017,1,0,0.0,0,0,1,2.0,0,2.016,0.0,0.0,19.0,30.0,2.016,2.621,0.0
516,6194091270009,33,SAC CADEAU PM 40-9-127 BLANC,2.399,3.12,-1,-14774017,1,0,0.0,0,0,1,2.0,0,2.016,0.0,0.0,19.0,30.0,2.016,2.621,5516.0
517,6191227000004,33,SAC-CADEAU-MM 40-1227 DORE,3.0,3.9,-1,-14774017,1,0,12.0,0,0,1,2.0,0,2.521,0.0,0.0,19.0,30.0,2.521,3.277,0.0
518,6194011127000,33,SAC-CADEAU-MM 40-1127 NOIR AVEC MOTIF DORE,3.8,4.94,-1,-14774017,1,0,7.0,0,0,1,2.0,0,3.193,0.0,0.0,19.0,30.0,3.193,4.151,0.0
519,6194016270015,33,SAC-CADEAU-MM 40-1627-BLANC,3.0,3.9,-1,-14774017,1,0,11.0,0,0,1,2.0,0,2.521,0.0,0.0,19.0,30.0,2.521,3.277,0.0
520,6194016270107,33,SAC-CADEAU-MM 40-1627 NOIR,3.8,4.94,-1,-14774017,1,0,23.0,0,0,1,2.0,0,3.193,0.0,0.0,19.0,30.0,3.193,4.151,0.0
521,8695122001589,26,Ensemble Pelle a poussier,15.29,19.88,-1,-14774017,1,0,2.0,0,0,1,2.0,0,12.849,0.0,0.0,19.0,30.0,12.849,16.704,0.0
522,8681695492756,26,Gants Ignifugés,4.564,5.5,-1,-14774017,1,0,11.0,0,0,1,2.0,0,3.835,0.0,0.0,19.0,20.52,3.835,4.622,
523,8698532591244,26,Sofpince Verre plastique avec paille,1.925,2.5,-1,-14774017,1,0,0.0,0,0,1,2.0,0,1.618,0.0,0.0,19.0,30.0,1.618,2.103,
524,8698532513383,26,Crochet decoratif 2PCS,1.651,2.2,-1,-14774017,1,0,1.0,0,0,1,2.0,0,1.387,0.0,0.0,19.0,33.5,1.387,1.852,0.0
525,8698532590780,26,Boite a déjeneux 600 ml,3.025,3.9,-1,-14774017,1,0,0.0,0,0,1,2.0,0,2.542,0.0,0.0,19.0,29.05,2.542,3.28,0.0
526,8698532591435,26,Range couverts orca,9.35,12.2,-1,-14774017,1,0,3.0,0,0,1,2.0,0,7.857,0.0,0.0,19.0,30.5,7.857,10.253,0.0
527,8680398794921,26,Telly Passoire N°1,4.95,6.45,-1,-14774017,1,0,0.0,0,0,1,2.0,0,4.16,0.0,0.0,19.0,30.25,4.16,5.418,0.0
528,8695122007697,26,Eponge de lavage voiture,1.651,2.2,-1,-14774017,1,0,0.0,0,0,1,2.0,0,1.387,0.0,0.0,19.0,33.5,1.387,1.852,0.0
529,8698532591275,26,Goublet a jus avec paille flexible,2.86,3.7,-1,-14774017,1,0,0.0,0,0,1,2.0,0,2.403,0.0,0.0,19.0,29.5,2.403,3.112,0.0
530,8698532590728,26,Découpe Biscuit 4 pcs,2.75,3.6,-1,-14774017,1,0,11.0,0,0,1,2.0,0,2.311,0.0,0.0,19.0,30.8,2.311,3.023,0.0
531,8698532593200,26,Entennoir PM,1.209,1.6,-1,-14774017,1,0,0.0,0,0,1,2.0,0,1.016,0.0,0.0,19.0,32.3,1.016,1.344,0.0
532,8680398794839,26,Tasse a bec souple,1.925,2.5,-1,-14774017,1,0,0.0,0,0,1,2.0,0,1.618,0.0,0.0,19.0,30.0,1.618,2.103,0.0
533,8699878652828,26,boite de conservation REC 750ml,2.475,3.2,-1,-14774017,1,0,2.0,0,0,1,2.0,0,2.08,0.0,0.0,19.0,29.3,2.08,2.689,0.0
534,8680398794884,26,Boite avec motif rec 500ml,3.464,4.5,-1,-14774017,1,0,0.0,0,0,1,2.0,0,2.911,0.0,0.0,19.0,30.0,2.911,3.784,0.0
535,8698532591589,26,Boite conservation Aria 1200 ml,3.464,4.5,-1,-14774017,1,0,0.0,0,0,1,2.0,0,2.911,0.0,0.0,19.0,30.0,2.911,3.784,0.0
536,8698532591558,26,Boite de conservation Aria 400ml,2.035,2.6,-1,-14774017,1,0,1.0,0,0,1,2.0,0,1.71,0.0,0.0,19.0,27.8,1.71,2.185,0.0
537,8692531005504,26,Bac Récuperateur de déchet 2.2lt,5.171,6.7,-1,-14774017,1,0,9.0,0,0,1,2.0,0,4.345,0.0,0.0,19.0,29.6,4.345,5.631,0.0
538,8680398794938,26,Telly Passoire N°2,7.699,9.6,-1,-14774017,1,0,0.0,0,0,1,2.0,0,6.47,0.0,0.0,19.0,24.7,6.47,8.068,0.0
539,8695122001992,26,Porte Savon (Promo),2.729,3.5,-1,-14774017,1,0,0.0,0,0,1,2.0,0,2.293,0.0,0.0,19.0,28.4,2.293,2.944,21539.0
540,8680858301232,26,Boite Epice Fourlines 600CC,3.63,4.5,-1,-14774017,1,0,3.0,0,0,1,2.0,0,3.05,0.0,0.0,19.0,24.0,3.05,3.782,0.0
541,8695122001770,26,Raclette de sol 55 cm,7.699,9.9,-1,-14774017,1,0,2.0,0,0,1,2.0,0,6.47,0.0,0.0,19.0,28.59,6.47,8.32,0.0
542,8680398794983,26,Passoire à Thé Telly,1.925,2.5,-1,-14774017,1,0,0.0,0,0,1,2.0,0,1.618,0.0,0.0,19.0,30.0,1.618,2.103,0.0
543,8698532590599,26,Verre à mesure 500 ml,2.475,3.2,-1,-14774017,1,0,0.0,0,0,1,2.0,0,2.08,0.0,0.0,19.0,29.4,2.08,2.692,0.0
544,8698532590766,26,Decoupe Biscuit Pratique,3.85,5.0,-1,-14774017,1,0,5.0,0,0,1,2.0,0,3.235,0.0,0.0,19.0,30.0,3.235,4.206,0.0
545,8695122002524,26,Crochet Lunia,2.31,3.0,-1,-14774017,1,0,0.0,0,0,1,2.0,0,1.941,0.0,0.0,19.0,30.0,1.941,2.523,0.0
546,8695122002531,26,Crochet Lunia 3pcs,2.31,3.0,-1,-14774017,1,0,0.0,0,0,1,2.0,0,1.941,0.0,0.0,19.0,30.0,1.941,2.523,0.0
547,8695122002548,26,Crochet Lunia 5 pcs,3.63,4.7,-1,-14774017,1,0,0.0,0,0,1,2.0,0,3.05,0.0,0.0,19.0,29.6,3.05,3.953,0.0
548,8695122003071,26,Tapette à Mouches,1.43,1.9,-1,-14774017,1,0,0.0,0,0,1,2.0,0,1.202,0.0,0.0,19.0,33.0,1.202,1.599,0.0
549,8695122006270,26,Bouteille Aqua 500ml poly,5.939,7.8,-1,-14774017,1,0,0.0,0,0,1,2.0,0,4.991,0.0,0.0,19.0,31.35,4.991,6.556,0.0
550,8695122006492,26,Porte savon (Promo),1.98,3.33,-1,-14774017,1,0,3.0,0,0,1,2.0,0,1.664,0.0,0.0,19.0,68.0,1.664,2.796,0.0
551,8692531005313,0,Louche my chef  anti-feu,3.976,5.0,-1,-14774017,1,0,7.0,0,0,1,2.0,0,3.341,0.0,0.0,19.0,25.75,3.341,4.201,
552,8692531005320,0,Cuillere my chef anti-feu,3.976,5.0,-1,-14774017,1,0,2.0,0,0,1,2.0,0,3.341,0.0,0.0,19.0,25.75,3.341,4.201,
553,8692531005344,0,Pelle my chef anti-feu,3.976,5.0,-1,-14774017,1,0,4.0,0,0,1,2.0,0,3.341,0.0,0.0,19.0,25.75,3.341,4.201,
554,8698532510580,26,Brosse en silicone oeufs N°1,3.025,3.95,-1,-14774017,1,0,1.0,0,0,1,2.0,0,2.542,0.0,0.0,19.0,30.55,2.542,3.319,0.0
555,8698532591565,26,Boite de conservation Aria 550ml,2.35,3.1,-1,-14774017,1,0,0.0,0,0,1,2.0,0,1.975,0.0,0.0,19.0,32.0,1.975,2.607,0.0
556,8698532591572,26,Boite de conservation 850 ml,2.75,3.6,-1,-14774017,1,0,0.0,0,0,1,2.0,0,2.311,0.0,0.0,19.0,30.9,2.311,3.025,0.0
557,8680858301263,26,Boite Epice Fourlines 1000 cc,3.3,4.95,-1,-14774017,1,0,1.0,0,0,1,2.0,0,2.773,0.0,0.0,19.0,50.1,2.773,4.162,
558,8680858301225,26,Boite Epice Fourlines 500 cc,2.9,3.5,-1,-14774017,1,0,4.0,0,0,1,2.0,0,2.437,0.0,0.0,19.0,20.7,2.437,2.941,0.0
559,8680858301218,26,Boite Epice Fourlines 425 cc,2.86,3.5,-1,-14774017,1,0,0.0,0,0,1,2.0,0,2.403,0.0,0.0,19.0,22.5,2.403,2.944,0.0
560,8680858301201,26,Boite Epice Fourlines 300 cc,2.639,3.5,-1,-14774017,1,0,3.0,0,0,1,2.0,0,2.218,0.0,0.0,19.0,32.6,2.218,2.941,0.0
561,8680858302024,26,Saliére 80ml,1.869,2.4,-1,-14774017,1,0,6.0,0,0,1,2.0,0,1.571,0.0,0.0,19.0,28.5,1.571,2.019,0.0
562,8680858302048,26,Salliére 80ml,2.0,2.6,-1,-14774017,1,0,5.0,0,0,1,2.0,0,1.681,0.0,0.0,19.0,30.0,1.681,2.185,0.0
563,8680858304158,26,Presse argumes 420 ml,4.676,4.9,-1,-14774017,1,0,4.0,0,0,1,2.0,0,3.929,0.0,0.0,19.0,4.8,3.929,4.118,
564,8680858303908,26,Bouteille milk 1L,5.5,6.6,-1,-14774017,1,0,3.0,0,0,1,2.0,0,4.622,0.0,0.0,19.0,20.0,4.622,5.546,
565,8695122004900,26,Bouteille d'eau 500 ml,3.85,5.0,-1,-14774017,1,0,5.0,0,0,1,2.0,0,3.235,0.0,0.0,19.0,30.0,3.235,4.206,0.0
566,8695122004887,26,Gourde waterfresh 250 ml,2.419,3.2,-1,-14774017,1,0,0.0,0,0,1,2.0,0,2.033,0.0,0.0,19.0,32.4,2.033,2.692,0.0
567,8695122004917,26,Bouteille d'eau 750 ml,4.618,6.0,-1,-14774017,1,0,8.0,0,0,1,2.0,0,3.881,0.0,0.0,19.0,30.0,3.881,5.045,0.0
568,8695122001756,26,Raclette de sol 40 cm,5.775,6.9,-1,-14774017,1,0,1.0,0,0,1,2.0,0,4.853,0.0,0.0,19.0,19.49,4.853,5.799,0.0
569,8695122001824,26,Raclette à vitre damla 20 cm,1.98,3.3,-1,-14774017,1,0,0.0,0,0,1,2.0,0,1.664,0.0,0.0,19.0,66.66,1.664,2.773,0.0
570,8695122001527,26,Brosse à Bouteille,3.08,4.0,-1,-14774017,1,0,5.0,0,0,1,2.0,0,2.588,0.0,0.0,19.0,30.0,2.588,3.364,0.0
571,8695122001084,26,Brosse Lave Evier Oval,1.98,2.6,-1,-14774017,1,0,0.0,0,0,1,2.0,0,1.664,0.0,0.0,19.0,31.4,1.664,2.186,0.0
572,8695122001114,26,Brosse Multi-usage,1.98,2.57,-1,-14774017,1,0,0.0,0,0,1,2.0,0,1.664,0.0,0.0,19.0,30.0,1.664,2.163,0.0
573,8695122001121,26,Brosse Multi-usage,2.2,2.86,-1,-14774017,1,0,0.0,0,0,1,2.0,0,1.849,0.0,0.0,19.0,30.0,1.849,2.404,0.0
574,8695122004634,26,Deboucheur,3.63,4.8,-1,-14774017,1,0,0.0,0,0,1,2.0,0,3.05,0.0,0.0,19.0,32.3,3.05,4.035,0.0
575,8681149151420,26,Bouteille d'eau 1000 CC Organic,4.0,5.2,-1,-14774017,1,0,0.0,0,0,1,2.0,0,3.361,0.0,0.0,19.0,30.0,3.361,4.369,0.0
576,8681149155114,26,Bouteille Sigma 750 cc barok blanc,2.75,3.6,-1,-14774017,1,0,0.0,0,0,1,2.0,0,2.311,0.0,0.0,19.0,31.0,2.311,3.027,0.0
577,8681149152342,26,Bouteille Multi-usage 750 cc,3.0,3.9,-1,-14774017,1,0,1.0,0,0,1,2.0,0,2.521,0.0,0.0,19.0,30.0,2.521,3.277,0.0
578,8681149152281,26,Bouteille d'huile 750 cc or-gris,3.0,3.9,-1,-14774017,1,0,1.0,0,0,1,2.0,0,2.521,0.0,0.0,19.0,30.0,2.521,3.277,0.0
579,8681149155176,26,Bouteille Sigma 750 cc gold papatya,2.75,3.6,-1,-14774017,1,0,1.0,0,0,1,2.0,0,2.311,0.0,0.0,19.0,31.0,2.311,3.027,0.0
580,8681149155190,26,Bouteille Sigma 750 cc Alize blanc,2.75,3.6,-1,-14774017,1,0,0.0,0,0,1,2.0,0,2.311,0.0,0.0,19.0,31.0,2.311,3.027,0.0
581,8681149155152,26,Bouteille Sigma 750 CC blanc Papatya,2.75,3.6,-1,-14774017,1,0,2.0,0,0,1,2.0,0,2.311,0.0,0.0,19.0,31.0,2.311,3.027,0.0
582,8681149155138,26,Bouteille Sigma 750 cc Gold Barok,2.75,3.6,-1,-14774017,1,0,0.0,0,0,1,2.0,0,2.311,0.0,0.0,19.0,31.0,2.311,3.027,0.0
583,8681149151482,26,Bouteille D'huile 1000 mc Noir-BLANC,4.501,5.8,-1,-14774017,1,0,0.0,0,0,1,2.0,0,3.782,0.0,0.0,19.0,28.88,3.782,4.874,0.0
584,8681149151406,26,Bouteille D'EAU 1000 cc degrade,4.0,5.2,-1,-14774017,1,0,2.0,0,0,1,2.0,0,3.361,0.0,0.0,19.0,30.0,3.361,4.369,0.0
585,8681149155213,26,Bouteille sigma 750 cc alize gold,2.75,3.6,-1,-14774017,1,0,0.0,0,0,1,2.0,0,2.311,0.0,0.0,19.0,31.0,2.311,3.027,0.0
586,8681149152687,26,Bouteille D'huile  250 cc noir -vert,2.25,2.95,-1,-14774017,1,0,0.0,0,0,1,2.0,0,1.891,0.0,0.0,19.0,30.9,1.891,2.475,0.0
587,8698532593217,26,Entennoir GM,1.651,2.2,-1,-14774017,1,0,7.0,0,0,1,2.0,0,1.387,0.0,0.0,19.0,33.5,1.387,1.852,0.0
588,8680398794945,26,Telly passoire N°3,9.0,11.7,-1,-14774017,1,0,0.0,0,0,1,2.0,0,7.563,0.0,0.0,19.0,30.0,7.563,9.832,0.0
589,8698532591169,26,Goblet 30 cl,1.209,1.6,-1,-14774017,1,0,0.0,0,0,1,2.0,0,1.016,0.0,0.0,19.0,32.0,1.016,1.341,0.0
590,8692531002695,0,Bol Mini Bonny 0.5 L,2.144,2.8,-1,-14774017,1,0,3.0,0,0,1,2.0,0,1.802,0.0,0.0,19.0,30.57,1.802,2.353,
591,8692531002831,26,Bol midi Bonny 1.75 L,3.575,4.5,-1,-14774017,1,0,3.0,0,0,1,2.0,0,3.004,0.0,0.0,19.0,26.0,3.004,3.785,0.0
592,8692531002701,26,Bol Maxi Bonny 3 L,5.61,7.0,-1,-14774017,1,0,2.0,0,0,1,2.0,0,4.714,0.0,0.0,19.0,24.8,4.714,5.883,0.0
593,8699878651180,26,Planche a decouper GM 30.5x20.5,7.974,10.35,-1,-14774017,1,0,2.0,0,0,1,2.0,0,6.701,0.0,0.0,19.0,29.8,6.701,8.698,0.0
594,8699878652675,26,Boite de conservation micro 750 ml,2.5,3.2,-1,-14774017,1,0,0.0,0,0,1,2.0,0,2.101,0.0,0.0,19.0,28.15,2.101,2.692,0.0
595,8699878652873,26,Boite de conservation REC 2.5 L,7.15,9.3,-1,-14774017,1,0,3.0,0,0,1,2.0,0,6.008,0.0,0.0,19.0,30.1,6.008,7.816,0.0
596,8681149128248,26,Plateau a gateau Milas 28 cm,10.999,11.6,-1,-14774017,1,0,0.0,0,0,1,2.0,0,9.243,0.0,0.0,19.0,5.45,9.243,9.747,0.0
597,8681695492084,26,Crochet de cuisine avec image 2 pcs,1.98,2.6,-1,-14774017,1,0,0.0,0,0,1,2.0,0,1.664,0.0,0.0,19.0,31.3,1.664,2.185,5597.0
598,6224008421085,26,Bol en verre Circle 132 ml coffret de 6,6.6,8.0,-1,-14774017,1,0,0.0,0,0,1,2.0,0,5.546,0.0,0.0,19.0,21.2,5.546,6.722,0.0
599,6224008421115,26,Bol en verre Square 125 ml coffret de 6,6.6,8.0,-1,-14774017,1,0,12.0,0,0,1,2.0,0,5.546,0.0,0.0,19.0,21.2,5.546,6.722,0.0
600,9424280000009,26,Couteau multifonctions 28 cm,11.438,14.9,-1,-14774017,1,0,3.0,0,0,1,2.0,0,9.612,0.0,0.0,19.0,30.25,9.612,12.52,0.0
601,9424220000007,26,couteau 22 cm titiz,5.39,7.0,-1,-14774017,1,0,0.0,0,0,1,2.0,0,4.529,0.0,0.0,19.0,29.85,4.529,5.881,0.0
602,9424270000002,26,Couteau Chef 27 cm Titiz,10.616,13.8,-1,-14774017,1,0,6.0,0,0,1,2.0,0,8.921,0.0,0.0,19.0,30.0,8.921,11.597,0.0
603,9424300000002,26,couteau a pain 30 cm,12.815,16.6,-1,-14774017,1,0,5.0,0,0,1,2.0,0,10.769,0.0,0.0,19.0,29.55,10.769,13.951,0.0
604,9424230000004,26,Couteau  a hacher 23 cm Titiz,6.434,8.4,-1,-14774017,1,0,3.0,0,0,1,2.0,0,5.407,0.0,0.0,19.0,30.6,5.407,7.062,0.0
605,8681917081218,34,jaspe Papier cuison 10pcs,2.914,3.2,-1,-14774017,1,1,15.0,0,0,1,2.0,0,2.449,0.0,0.0,19.0,9.8,2.449,2.689,5605.0
606,8003653032703,26,Tonika leve toile d'arange recharge,12.045,15.7,-1,-14774017,1,0,5.0,0,0,1,2.0,0,10.122,0.0,0.0,19.0,30.34,10.122,13.193,
607,8008990000842,26,Set tanika brosse toilette,9.79,10.9,-1,-14774017,1,0,0.0,0,0,1,2.0,0,8.227,0.0,0.0,19.0,11.35,8.227,9.161,
608,6132171300505,26,raclette Sol metal 55cm,10.724,12.87,-1,-14774017,1,0,6.0,0,0,1,2.0,0,9.012,0.0,0.0,19.0,20.0,9.012,10.814,0.0
609,6132171300956,26,raclette crochet 55 cm,9.57,11.5,-1,-14774017,1,0,-1.0,0,0,1,2.0,0,8.042,0.0,0.0,19.0,20.15,8.042,9.662,0.0
610,8681917081201,34,STEPY sac de cuisson,2.5752433,3.3014619106,-1,-14774017,1,0,32.0,0,0,1,2.0,0,2.231,3.0,0.0,19.0,28.2,2.16407,2.77433774,5610.0
611,6132171300895,26,raclette crochet 45 cm,8.084,9.7,-1,-14774017,1,0,0.0,0,0,1,2.0,0,6.793,0.0,0.0,19.0,20.0,6.793,8.152,0.0
612,6133624000973,26,Raclette Vitre GM cirta,3.08,4.0,-1,-14774017,1,0,7.0,0,0,1,2.0,0,2.588,0.0,0.0,19.0,30.0,2.588,3.364,0.0
613,8681917081003,26,STEPY Sac Poubelle Jombo 80x110,6.05,7.5,-1,-14774017,1,0,0.0,0,0,1,2.0,0,5.084,0.0,0.0,19.0,24.0,5.084,6.304,0.0
614,6133624000966,26,Raclette Vitre PM cirta,2.53,3.3,-1,-14774017,1,0,4.0,0,0,1,2.0,0,2.126,0.0,0.0,19.0,30.3,2.126,2.77,0.0
615,6132171300499,26,Raclette de sol Metal 45 cm,9.461,12.299,-1,-14774017,1,0,10.0,0,0,1,2.0,0,7.95,0.0,0.0,19.0,30.0,7.95,10.335,
616,8690245201236,57,Sac Poubelle Meduim 55x60,1.651,2.2,-1,-14774017,1,1,15.0,0,0,1,2.0,0,1.387,0.0,0.0,19.0,33.2,1.387,1.847,
617,6133624000874,26,citra brosse Tete de loup bp01,6.2,6.9,-1,-14774017,1,0,6.0,0,0,1,2.0,0,5.21,0.0,0.0,19.0,11.3,5.21,5.799,
618,6132171301182,26,Raclette vitre kibex 28 cm,6.05,7.3,-1,-14774017,1,0,3.0,0,0,1,2.0,0,5.084,0.0,0.0,19.0,20.59,5.084,6.131,0.0
619,8692730505201,26,Batonnets coton tiges carre 200,2.585,3.35,-1,-14774017,1,0,0.0,0,0,1,2.0,0,2.172,0.0,0.0,19.0,29.5,2.172,2.813,0.0
620,8008990006790,26,Brosse vaisseles ecologica vert,4.346,5.6,-1,-14774017,1,0,0.0,0,0,1,2.0,0,3.652,0.0,0.0,19.0,28.85,3.652,4.706,0.0
621,6222004198673,26,Pince a linge super-migo 20,4.399,5.8,-1,-14774017,1,0,29.0,0,0,1,2.0,0,3.697,0.0,0.0,19.0,31.89,3.697,4.876,0.0
622,8682960505430,35,Noxes savon orchide 55gr,0.934,1.2,-1,-14774017,1,0,0.0,42,0,1,2.0,0,0.785,0.0,0.0,19.0,28.5,0.785,1.009,0.0
623,8682960505416,35,Noxes Savon Pomme 55gr,0.934,1.2,-1,-14774017,1,0,0.0,42,0,1,2.0,0,0.785,0.0,0.0,19.0,28.5,0.785,1.009,0.0
624,8682960505447,35,Noxes Savon Aloe Vera 55gr,0.934,1.2,-1,-14774017,1,0,1.0,42,0,1,2.0,0,0.785,0.0,0.0,19.0,28.5,0.785,1.009,0.0
625,8682960500169,35,Doxa Savon  150 gr elegance,2.639,3.2,-1,-14774017,1,0,-2.0,0,0,1,2.0,0,2.218,0.0,0.0,19.0,21.1,2.218,2.686,0.0
626,8682960500176,35,Doxa Savon  150 gr white pearl,2.639,3.2,-1,-14774017,1,0,1.0,0,0,1,2.0,0,2.218,0.0,0.0,19.0,21.1,2.218,2.686,0.0
627,8682960502705,35,Doxa Savon  beauty 150 gr Rose,2.639,3.2,-1,-14774017,1,0,10.0,0,0,1,2.0,0,2.218,0.0,0.0,19.0,21.1,2.218,2.686,0.0
628,8682960502736,35,Doxa Savon  beauty  150 gr lavande,2.639,3.2,-1,-14774017,1,0,0.0,0,0,1,2.0,0,2.218,0.0,0.0,19.0,21.1,2.218,2.686,0.0
629,6253009212156,30,Al-emlaq Super Gel 500 gr,5.664,7.4,-1,-14774017,1,0,14.0,0,0,1,2.0,0,4.76,0.0,0.0,19.0,30.6,4.76,6.217,0.0
630,8690245201267,57,Sac poubelle Jombo 80x110,4.62,6.0,-1,-14774017,1,1,18.0,0,0,1,2.0,0,3.882,0.0,0.0,19.0,30.0,3.882,5.047,
631,9001378240105,26,corde a linge plas 20 m,5.005,6.5,-1,-14774017,1,0,0.0,0,0,1,2.0,0,4.206,0.0,0.0,19.0,29.8,4.206,5.459,0.0
632,9001378240129,26,Corde a linge metal plastifie,5.72,7.4,-1,-14774017,1,0,0.0,0,0,1,2.0,0,4.807,0.0,0.0,19.0,29.37,4.807,6.219,0.0
633,8681917081058,57,STEPY Sac poubelle 55X60  NOIR,1.925,2.5,-1,-14774017,1,1,24.0,0,0,1,2.0,0,1.618,0.0,0.0,19.0,29.85,1.618,2.101,
634,8681917081027,57,STEPY Sac poubelle xlarge noir 72x95,4.839,6.3,-1,-14774017,1,1,2.0,0,0,1,2.0,0,4.066,0.0,0.0,19.0,30.2,4.066,5.294,
636,6133624000577,26,Cirta Brosse toilette,7.095,9.2,-1,-14774017,1,0,7.0,0,0,1,2.0,0,5.962,0.0,0.0,19.0,29.7,5.962,7.733,
637,8681917082949,26,Balais plat+essoreur intense 360°,55.44,72.07,-1,-14774017,1,0,0.0,0,0,1,2.0,0,46.588,0.0,0.0,19.0,30.0,46.588,60.564,0.0
638,8681917081263,36,STEPY Papier Aluminium 5m,2.75,3.3,-1,-14774017,1,0,16.0,0,0,1,2.0,0,2.311,0.0,0.0,19.0,20.0,2.311,2.773,
639,6133624001000,26,Manche Cirta 130 cm,2.38,3.5,-1,-14774017,1,0,1.0,0,0,1,2.0,0,2.0,0.0,0.0,19.0,47.05,2.0,2.941,0.0
640,6132171300994,26,Manche a bois 1.4 m kibex,6.05,7.8,-1,-14774017,1,0,0.0,0,0,1,2.0,0,5.084,0.0,0.0,19.0,28.92,5.084,6.554,0.0
641,8008990000668,26,Brosse Vetements adhesif,9.514,12.4,-1,-14774017,1,0,0.0,0,0,1,2.0,0,7.995,0.0,0.0,19.0,30.3,7.995,10.417,0.0
642,8008990005236,26,Brosse vaisselle avec eponge,4.729,6.2,-1,-14774017,1,0,7.0,0,0,1,2.0,0,3.974,0.0,0.0,19.0,31.15,3.974,5.212,0.0
643,8008990005250,26,Brosse vaisseles Tonkita Rouge,3.684,4.8,-1,-14774017,1,0,0.0,0,0,1,2.0,0,3.096,0.0,0.0,19.0,30.4,3.096,4.037,0.0
644,8008990009685,26,Eponge massage silouette,2.742,3.5,-1,-14774017,1,0,3.0,0,0,1,2.0,0,2.304,0.0,0.0,19.0,27.55,2.304,2.939,0.0
645,8008990006318,26,Eponge massage ovale aquamassag,4.179,5.5,-1,-14774017,1,0,7.0,0,0,1,2.0,0,3.512,0.0,0.0,19.0,31.6,3.512,4.622,0.0
646,6192433200608,26,Jex eponge  color 2,1.96,2.55,-1,-14774017,1,0,0.0,0,0,1,2.0,0,1.647,0.0,0.0,19.0,30.0,1.647,2.141,0.0
647,6192433200776,26,Eponge Biface,2.887,3.75,-1,-14774017,1,0,-3.0,0,0,1,2.0,0,2.426,0.0,0.0,19.0,30.0,2.426,3.154,0.0
648,6192433202657,26,Serpilliere microfibre 2en1,8.658,11.3,-1,-14774017,1,0,0.0,0,0,1,2.0,0,7.276,0.0,0.0,19.0,30.5,7.276,9.495,0.0
649,6192433200592,26,Jex eponge jombo 2+1 gratuit,3.267,4.3,-1,-14774017,1,0,1.0,0,0,1,2.0,0,2.745,0.0,0.0,19.0,31.5,2.745,3.61,0.0
650,6192433200882,26,Sponge jex eponge biface 1 piéce COD88,1.5,2.5,-1,-14774017,1,0,18.0,172,0,1,2.0,0,1.248,0.0,1.0,19.0,66.75,1.26,2.101,31650.0
651,6192433201650,26,eponge a recurer inox 2+1 gratuit,2.585,3.4,-1,-14774017,1,0,8.0,0,0,1,2.0,0,2.172,0.0,0.0,19.0,31.55,2.172,2.857,0.0
652,6192433200455,0,Fleur de douche loofah -1-,2.45,3.2,-1,-14774017,1,0,0.0,0,0,1,2.0,0,2.059,0.0,0.0,19.0,30.48,2.059,2.687,0.0
653,6192433200639,26,Jex eponge inox -2-,2.723,3.5,-1,-14774017,1,0,0.0,0,0,1,2.0,0,2.288,0.0,0.0,19.0,28.5,2.288,2.94,0.0
654,6192433202602,26,Gant microfibre -1-,5.391,7.0,-1,-14774017,1,0,3.0,0,0,1,2.0,0,4.53,0.0,0.0,19.0,29.85,4.53,5.882,0.0
655,6192433202503,26,Sponge jex la fourmi lavette microfibre bleu COD 250,3.3,4.3,-1,-14774017,1,0,18.0,172,0,1,2.0,0,2.746,0.0,1.0,19.0,30.32,2.773,3.614,31655.0
656,6192433202558,26,Serpillere microfibre 55x80-1-,8.658,11.3,-1,-14774017,1,0,0.0,0,0,1,2.0,0,7.276,0.0,0.0,19.0,30.5,7.276,9.495,0.0
657,6192433200905,26,Car sponge -1-,5.173,6.7,-1,-14774017,1,0,8.0,0,0,1,2.0,0,4.347,0.0,0.0,19.0,29.6,4.347,5.634,0.0
658,6192433200950,0,Car Sponge 8 super -1-,2.395,3.1,-1,-14774017,1,0,0.0,0,0,1,2.0,0,2.013,0.0,0.0,19.0,29.25,2.013,2.602,0.0
659,6192433200714,26,Eponge biface taille + -2-,3.158,4.1,-1,-14774017,1,0,1.0,0,0,1,2.0,0,2.654,0.0,0.0,19.0,29.81,2.654,3.445,
660,6192433202640,26,Serpillere microfibre 55x70-1-,6.752,8.75,-1,-14774017,1,0,0.0,0,0,1,2.0,0,5.674,0.0,0.0,19.0,29.6,5.674,7.354,0.0
661,6192433201209,26,Eponge vegetale super large -3-,4.084,5.3,-1,-14774017,1,0,0.0,0,0,1,2.0,0,3.432,0.0,0.0,19.0,29.8,3.432,4.455,0.0
662,6192433202107,0,Serpillere croisse couleur 50x80-1-,2.505,3.0,-1,-14774017,1,0,12.0,0,0,1,2.0,0,2.105,0.0,0.0,19.0,19.76,2.105,2.521,8662.0
663,11112555,0,Serpillere blanc GM,1.0,1.498,-1,-14774017,1,0,18.0,0,0,1,2.0,0,1.0,0.0,0.0,0.0,49.82,1.0,1.498,32663.0
664,6192433200493,26,Lavette eponge GM -5-,5.989,7.8,-1,-14774017,1,0,0.0,0,0,1,2.0,0,5.033,0.0,0.0,19.0,30.3,5.033,6.558,0.0
665,6192433202589,26,Lavette microfibre auto int -1-,3.376,4.4,-1,-14774017,1,0,1.0,0,0,1,2.0,0,2.837,0.0,0.0,19.0,30.35,2.837,3.698,0.0
666,6192433202534,26,Sponge jex la fourmi lavette vitre -1P,3.5,4.5,-1,-14774017,1,0,14.0,172,0,1,2.0,0,2.912,0.0,1.0,19.0,28.58,2.941,3.782,31666.0
667,6192433201063,0,Sponge jex Tampon Expert 7+3 COD 106,2.65,3.6,-1,-14774017,1,0,19.0,172,0,1,2.0,0,2.205,0.0,1.0,19.0,35.86,2.227,3.026,31667.0
668,6192433200615,26,Jex eponge 2+1 gratuit,2.505,3.25,-1,-14774017,1,0,0.0,0,0,1,2.0,0,2.105,0.0,0.0,19.0,29.8,2.105,2.732,5668.0
669,6192433200929,30,Sponge jex eponge vegetale super meduim,2.9,3.9,-1,-14774017,1,0,10.0,172,0,1,2.0,0,2.413,0.0,1.0,19.0,34.47,2.437,3.277,31669.0
670,6192433202473,26,Lavette microfibre vaisselle-1-,3.376,4.4,-1,-14774017,1,0,3.0,0,0,1,2.0,0,2.837,0.0,0.0,19.0,30.45,2.837,3.701,0.0
671,6192433202572,26,Lavette microfibre auto exp40x60,6.099,7.9,-1,-14774017,1,0,9.0,0,0,1,2.0,0,5.125,0.0,0.0,19.0,29.55,5.125,6.639,0.0
672,6192433200103,26,Eponge plastique A/C poignee-1-,1.634,2.1,-1,-14774017,1,0,2.0,0,0,1,2.0,0,1.373,0.0,0.0,19.0,28.7,1.373,1.767,0.0
673,6192433200110,26,Eponge Metal A/C poingnee 1-gm,1.634,2.1,-1,-14774017,1,0,0.0,0,0,1,2.0,0,1.373,0.0,0.0,19.0,28.6,1.373,1.766,5673.0
674,6192433203067,26,Gant de menage sponge jex eco -m-,2.53,3.05,-1,-14774017,1,0,1.0,0,0,1,2.0,0,2.126,0.0,0.0,19.0,20.4,2.126,2.56,0.0
675,6192433202565,26,Sponge jex lavette microfibre TV LED,3.3,4.3,-1,-14774017,1,0,9.0,172,0,1,2.0,0,2.746,0.0,1.0,19.0,30.31,2.773,3.613,31675.0
676,6192433200868,26,Tampon Super expert 4+2,2.723,3.55,-1,-14774017,1,0,1.0,0,0,1,2.0,0,2.288,0.0,0.0,19.0,30.3,2.288,2.981,0.0
677,6192433203074,26,Gant de menage Sponge jex eco L-1-,2.53,3.3,-1,-14774017,1,0,0.0,0,0,1,2.0,0,2.126,0.0,0.0,19.0,30.3,2.126,2.77,0.0
678,6192433201711,26,Eponge bath baby -2-,2.886,3.8,-1,-14774017,1,0,1.0,0,0,1,2.0,0,2.425,0.0,0.0,19.0,31.6,2.425,3.191,0.0
679,6192433200172,26,Eponge a recurer inox -1-,1.32,1.7,-1,-14774017,1,0,3.0,0,0,1,2.0,0,1.109,0.0,0.0,19.0,29.0,1.109,1.431,0.0
680,6192433202176,0,Serpilliere blanc 50x80 surfilee--1-,2.425,3.0,-1,-14774017,1,0,7.0,0,0,1,2.0,0,2.101,3.0,0.0,19.0,23.71,2.038,2.521,8680.0
681,6222004196310,26,Raquette double face migos,6.05,7.85,-1,-14774017,1,0,0.0,0,0,1,2.0,0,5.084,0.0,0.0,19.0,29.8,5.084,6.599,0.0
682,6192433201056,26,Tampon Expert -10-,2.069,2.7,-1,-14774017,1,0,3.0,0,0,1,2.0,0,1.739,0.0,0.0,19.0,30.4,1.739,2.268,0.0
683,6192433200646,26,Tampon super expert 3+1,2.069,2.7,-1,-14774017,1,0,1.0,0,0,1,2.0,0,1.739,0.0,0.0,19.0,30.3,1.739,2.266,0.0
684,6192433200035,26,Eponge Metal A/C poingnee GM,2.505,3.3,-1,-14774017,1,0,16.0,0,0,1,2.0,0,2.105,0.0,0.0,19.0,31.8,2.105,2.774,0.0
685,6192433200813,26,sponge jex Tampon super expert light 3+1,2.886,3.7,-1,-14774017,1,0,7.0,0,0,1,2.0,0,2.425,0.0,0.0,19.0,28.3,2.425,3.111,
686,6192433200127,26,eponge metaplast A/C poingnee PM,1.634,2.15,-1,-14774017,1,0,39.0,0,0,1,2.0,0,1.373,0.0,0.0,19.0,31.38,1.373,1.804,0.0
687,619243320155,26,Eponge biface 963-3,1.85,2.4,-1,-14774017,1,0,0.0,0,0,1,2.0,0,1.555,0.0,0.0,19.0,29.8,1.555,2.018,0.0
688,6190000000001,26,lavette kachmire-25,0.675,0.88,-1,-14774017,1,0,0.0,0,0,1,2.0,0,0.567,0.0,0.0,19.0,30.0,0.567,0.737,0.0
700,3574661539102,2,LPM A/SHP Infusion detox 200ml,11.167,14.5,-1,-14774017,1,0,0.0,14,0,1,2.0,0,10.2,8.0,0.0,19.0,29.8,9.384,12.18,
701,3574661539126,2,LPM A/SHP NUTRITION INTENSE 200 ML,11.167,12.9,-1,-14774017,1,0,6.0,14,0,1,2.0,0,10.2,8.0,0.0,19.0,15.51,9.384,10.839,0.0
702,3574661574714,0,LPM A/SHP  Nutrition 200 ml,11.2455,13.4990982,-1,-14774017,1,0,7.0,14,0,1,2.0,0,10.5,10.0,0.0,19.0,20.04,9.45,11.34378,1702.0
703,3574661574691,2,LPM A/SHP Infusion brillance   200 ml,11.167,14.5,-1,-14774017,1,0,0.0,14,0,1,2.0,0,10.2,8.0,0.0,19.0,29.8,9.384,12.18,
704,3574661700892,2,LPM créme de douche lait d'amande douce,5.944,7.9,-1,-14774017,1,0,2.0,14,0,1,2.0,0,5.55,10.0,0.0,19.0,32.92,4.995,6.639,0.0
705,3574661192871,0,LPM GD feuille de menthe 200 ml,6.5331,7.89982452,-1,-14774017,1,0,4.0,14,0,1,2.0,0,6.1,10.0,0.0,19.0,20.92,5.49,6.638508,1705.0
706,3574661578453,3,LPM GD MANDARINE CITRON (Gratuit),0.001,0.0,-1,-14774017,1,0,1.0,14,0,1,2.0,0,5.55,99.99,0.0,19.0,0.01,0.001,0.001,0.0
707,3574661701318,0,LPM GD 4 EN 1  BOIS cédres 250 ML,6.5331,7.89982452,-1,-14774017,1,0,4.0,14,0,1,2.0,0,6.1,10.0,0.0,19.0,20.92,5.49,6.638508,1707.0
708,3574661700526,0,LPM créme de douche Lait de vanille 250 ML,6.533,7.9,-1,-14774017,1,0,5.0,14,0,1,2.0,0,6.1,10.0,0.0,19.0,20.92,5.49,6.639,1708.0
709,3574661254470,3,LPM GD CROQUEZ LA FRAISE (Gratuit),0.001,0.0,-1,-14774017,1,0,1.0,14,0,1,2.0,0,5.55,99.99,0.0,19.0,0.01,0.001,0.001,0.0
710,3574661601618,3,LPM GD orange pamplemousse 250 ML,6.53,7.5,-1,-14774017,1,0,0.0,14,0,1,2.0,0,5.9,7.0,0.0,19.0,14.85,5.487,6.302,0.0
711,3574661568867,3,LPM Gel Douche BIO,6.53,8.5,-1,-14774017,1,0,0.0,14,0,1,2.0,0,5.9,7.0,0.0,19.0,30.2,5.487,7.144,0.0
712,3574661574509,0,LPM SHP BLONDE ENSOLEILLE 250 ML,7.744,9.9,-1,-14774017,1,0,0.0,14,0,1,2.0,0,6.85,5.0,0.0,19.0,27.83,6.508,8.319,
713,3574661537436,0,LPM SHP NUTRITION INTENSE,7.744,9.9,-1,-14774017,1,0,0.0,14,0,1,2.0,0,6.85,5.0,0.0,19.0,27.83,6.508,8.319,
714,3574661537443,0,LPM SHP  BRIALLNCE LUMIERE 250 ML,7.744,9.9,-1,-14774017,1,0,0.0,14,0,1,2.0,0,6.85,5.0,0.0,19.0,27.83,6.508,8.319,
715,3574661537450,1,LPM SHP COULEUR SUBLIME,7.744,10.0,-1,-14774017,1,0,0.0,14,0,1,2.0,0,6.85,5.0,0.0,19.0,29.1,6.508,8.402,0.0
716,3574661537467,0,LPM SHP detox fraicheur 250 ML,7.744,9.9,-1,-14774017,1,0,0.0,14,0,1,2.0,0,6.85,5.0,0.0,19.0,27.83,6.508,8.319,
717,3574661598949,0,LPM SHP REPARATION ANTI-CASSE,7.744,9.9,-1,-14774017,1,0,0.0,14,0,1,2.0,0,6.85,5.0,0.0,19.0,27.83,6.508,8.319,
718,3574661537429,0,LPM SHP HYDRATATION légéreté,7.744,9.9,-1,-14774017,1,0,0.0,14,0,1,2.0,0,6.85,5.0,0.0,19.0,27.83,6.508,8.319,
719,3574661574752,2,LPM A/SHP INFUSION HYDRATATION 200 ML,11.167,14.5,-1,-14774017,1,0,0.0,14,0,1,2.0,0,10.2,8.0,0.0,19.0,29.8,9.384,12.18,0.0
720,7702018581979,15,Gillette gel series skin smoothing 200 ml,17.687,21.6,-1,-14774017,1,0,0.0,0,0,1,3.0,0,16.7,11.0,0.0,19.0,22.12,14.863,18.151,0.0
721,7702018582037,15,Gillette gel series Confortable Glide 200 ml,17.899,21.6,-1,-14774017,1,0,0.0,0,0,1,3.0,0,16.9,11.0,0.0,19.0,20.67,15.041,18.15,0.0
722,7702018877478,20,Gillette lames fusion IIIII*2,28.274,36.2,-1,-14774017,1,0,3.0,26,0,1,2.0,0,27.0,12.0,0.0,19.0,28.03,23.76,30.42,0.0
723,7702018874460,20,Gillette Lames fusion IIIII*4,46.832,60.9,-1,-14774017,1,0,0.0,26,0,1,2.0,0,46.3,15.0,0.0,19.0,30.04,39.355,51.177,0.0
724,7702018516032,0,Gillette Lames Mach III Turbo *2,30.94,37.437,-1,-14774017,1,0,5.0,26,0,1,2.0,0,26.0,0.0,0.0,19.0,21.0,26.0,31.46,
725,7702018516063,0,Gillette Lames Mach III Turbo *4,56.763,69.251,-1,-14774017,1,0,3.0,26,0,1,2.0,0,47.7,0.0,0.0,19.0,22.0,47.7,58.194,
726,7702018606528,0,Gillette Lames Mach 3+,34.629,42.94,-1,-14774017,1,0,2.0,26,0,1,2.0,0,29.1,0.0,0.0,19.0,24.0,29.1,36.084,
727,7702018866946,20,Gillette Rasoir Mach Fusion IIIII+2 Lames,48.195,62.7,-1,-14774017,1,0,0.0,26,0,1,2.0,0,40.5,0.0,0.0,19.0,30.1,40.5,52.691,0.0
728,7702018514311,20,Gillette Rasoir Mach Turbo III 3D +2 Lames,32.963,42.9,-1,-14774017,1,0,0.0,26,0,1,2.0,0,27.7,0.0,0.0,19.0,30.15,27.7,36.052,0.0
729,3014260228750,0,Gillette Mouse Lemon 200 ml,13.834,16.601,-1,-14774017,1,0,4.0,26,0,1,3.0,0,12.5,7.0,0.0,19.0,20.0,11.625,13.95,1729.0
730,3014260228767,0,Gillette Mouse Menthol 200 ml,13.834,16.601,-1,-14774017,1,0,5.0,26,0,1,3.0,0,12.5,7.0,0.0,19.0,20.0,11.625,13.95,1730.0
731,3014260228743,0,Gillette Mouse Regulaire 200 ml,14.27643,16.599205161,-1,-14774017,1,0,6.0,26,0,1,3.0,0,12.9,7.0,0.0,19.0,16.27,11.997,13.9489119,1731.0
732,3760082620042,0,Coton Plus Carrées 40 pcs,4.641,5.80125,-1,-14774017,1,0,7.0,0,0,1,6.0,0,3.9,0.0,0.0,19.0,25.0,3.9,4.875,1732.0
733,3574661701240,3,LPM GD PECHE BLANCHE & NECTAR 250 ml,5.944,7.5,-1,-14774017,1,0,5.0,14,0,1,2.0,0,5.55,10.0,0.0,19.0,26.17,4.995,6.302,0.0
734,3014260275921,24,Brosse a dent Oral-B Classic,2.502927,3.1997418768,-1,-14774017,1,0,19.0,0,0,1,2.0,0,2.337,10.0,0.0,19.0,27.84,2.1033,2.68885872,1734.0
735,3014260807214,24,Brosse a dent Oral-B 1.2.3 inner,2.2015,2.901577,-1,-14774017,1,0,22.0,0,0,1,2.0,0,1.85,0.0,0.0,19.0,31.8,1.85,2.4383,1735.0
736,8888826016588,24,Brosse a dent Oral-B 3-effect,3.427,4.5,-1,-14774017,1,0,23.0,31,0,1,2.0,0,3.2,10.0,0.0,19.0,31.28,2.88,3.781,5736.0
738,6195100300083,38,STARK Film Fraicheur 100m,7.0712775,8.5,-1,-14774017,1,0,0.0,0,0,1,12.0,0,7.923,25.0,0.0,19.0,20.25,5.94225,7.145555625,1738.0
739,6195100300786,38,STARK braquette en Aluminium 0.55L 5p (R20G),2.783,3.7,-1,-14774017,1,0,5.0,0,0,1,12.0,0,2.923,20.0,0.0,19.0,33.0,2.338,3.11,
740,6195100306108,38,Film Etirable 260M,12.324,14.8,-1,-14774017,1,0,0.0,0,0,1,2.0,0,13.808,25.0,0.0,19.0,20.1,10.356,12.438,0.0
741,6195100302513,38,STARK Ramequins en Aluminuim  (G4G),1.85045,2.2020355,-1,-14774017,1,0,7.0,0,0,1,12.0,0,1.555,0.0,0.0,19.0,19.0,1.555,1.85045,1741.0
742,6195100307990,34,Papier Cuisson 5M,2.856,3.4986,-1,-14774017,1,0,6.0,0,0,1,2.0,0,3.0,20.0,0.0,19.0,22.5,2.4,2.94,1742.0
743,6195100300069,38,STARK Film Fraicheur 12m,2.0357925,2.504024775,-1,-14774017,1,0,22.0,0,0,1,12.0,0,2.281,25.0,0.0,19.0,23.0,1.71075,2.1042225,1743.0
744,6195100300076,38,STARK Film Fraicheur 16m,2.339,3.0,-1,-14774017,1,0,0.0,0,0,1,12.0,0,2.621,25.0,0.0,19.0,28.2,1.966,2.52,
745,6195100300052,38,STARK Film Fraicheur 8m,1.6073925,1.90315272,-1,-14774017,1,0,13.0,0,0,1,12.0,0,1.801,25.0,0.0,19.0,18.4,1.35075,1.599288,1745.0
746,6195100301950,34,STARK Papier Cuisson 8m,4.282,5.7,-1,-14774017,1,0,4.0,0,0,1,12.0,0,4.498,20.0,0.0,19.0,33.13,3.598,4.79,1746.0
747,6195100307457,38,STARK Sacs Cuisson au four  Meduim,1.839,2.2,-1,-14774017,1,0,0.0,0,0,1,12.0,0,2.208,30.0,0.0,19.0,19.45,1.546,1.847,0.0
748,6195100300014,38,STARK Papier Aluminium 8M,2.5712925,2.9955557625,-1,-14774017,1,0,16.0,0,0,1,12.0,0,2.881,25.0,0.0,19.0,16.5,2.16075,2.51727375,1748.0
749,6195100300021,38,STARK Papier Aluminium 12m,3.643185,4.40096748,-1,-14774017,1,0,17.0,0,0,1,12.0,0,4.082,25.0,0.0,19.0,20.8,3.0615,3.698292,1749.0
750,6195100300038,38,STARK Papier Aluminium 16m,4.607,5.6,-1,-14774017,1,0,0.0,0,0,1,12.0,0,5.162,25.0,0.0,19.0,21.5,3.872,4.704,
751,6195100300045,0,STARK Papier Aluminium 100m,18.207,21.9,-1,-14774017,1,0,2.0,0,0,1,12.0,0,20.4,25.0,0.0,19.0,20.29,15.3,18.404,1751.0
752,6195100308003,38,Papier Aluminium 8m,0.964,2.5,-1,-14774017,1,0,4.0,0,0,1,2.0,0,1.08,25.0,0.0,19.0,159.5,0.81,2.102,
753,6195100307600,34,Papier Cuisson  60x40 (1p),0.136,0.2,-1,-14774017,1,1,600.0,0,0,1,2.0,0,0.131,13.0,0.0,19.0,47.0,0.114,0.168,0.0
754,5285001955770,0,Elegance Laque For Men 400ML,10.71,13.4,-1,-14774017,1,0,10.0,38,0,1,2.0,0,9.0,0.0,0.0,19.0,25.12,9.0,11.261,1754.0
755,5283022020156,15,Elegance Laque For Women 400ML,10.71,13.400352,-1,-14774017,1,0,4.0,38,0,1,2.0,0,9.0,0.0,0.0,19.0,25.12,9.0,11.2608,1755.0
756,5283022021429,15,Elegance Laque For Women 700ML,17.85,19.9,-1,-14774017,1,0,3.0,38,0,1,2.0,0,15.0,0.0,0.0,19.0,11.5,15.0,16.725,0.0
757,5283022021412,15,Elegance Laque For Men 700ML,17.85,19.903,-1,-14774017,1,0,0.0,38,0,1,2.0,0,15.0,0.0,0.0,19.0,11.5,15.0,16.725,1757.0
758,5283022020392,9,Elegance Body Splash Vanille 300ML,7.497,9.8,-1,-14774017,1,0,2.0,38,0,1,2.0,0,6.3,0.0,0.0,19.0,30.7,6.3,8.234,0.0
759,6192488205825,2,R.B A/SHP FORFITIANT 250 ML,7.054,9.2,-1,-14774017,1,0,3.0,15,0,1,2.0,0,6.586,10.0,0.0,19.0,30.4,5.927,7.729,1759.0
760,5283022020408,9,Elegance Body Splash Tresia 300ML,7.497,9.8,-1,-14774017,1,0,0.0,38,0,1,2.0,0,6.3,0.0,0.0,19.0,30.7,6.3,8.234,0.0
761,6192488205818,2,R.B A/SHP Nutritif,7.054,9.2,-1,-14774017,1,0,3.0,15,0,1,2.0,0,6.586,10.0,0.0,19.0,30.43,5.927,7.731,1761.0
762,8001280026225,9,Azzura Talc Classic 200gr,7.081,9.2,-1,-14774017,1,0,0.0,0,0,1,2.0,0,5.95,0.0,0.0,19.0,29.9,5.95,7.729,0.0
763,6192488205832,2,R.B A/SHP Protecteur 250 ml,7.054,9.2,-1,-14774017,1,0,4.0,15,0,1,2.0,0,6.586,10.0,0.0,19.0,30.4,5.927,7.729,1763.0
764,6192488205979,2,R.B A/SHP Purifiant,7.054,9.2,-1,-14774017,1,0,7.0,15,0,1,2.0,0,6.586,10.0,0.0,19.0,30.4,5.927,7.729,1764.0
765,5285001952984,9,Elegance Facial Scrub Aleo Vera 500ML,10.0079,13.0002621,-1,-14774017,1,0,4.0,38,0,1,2.0,0,8.41,0.0,0.0,19.0,29.9,8.41,10.92459,1765.0
766,6192488205788,1,R.B Shampoo Fortifiant,6.834,6.9,-1,-14774017,1,0,5.0,15,0,1,2.0,0,6.381,10.0,0.0,19.0,1.0,5.743,5.8,1766.0
767,5285001952991,9,Elegance Facial Scrub Mint Fresh 500ML,10.008,13.0,-1,-14774017,1,0,2.0,38,0,1,2.0,0,8.41,0.0,0.0,19.0,29.9,8.41,10.925,0.0
768,5285001950003,9,Elegance Facial Scrub Mixed Herbs 500ML,10.008,13.01,-1,-14774017,1,0,4.0,38,0,1,2.0,0,8.41,0.0,0.0,19.0,30.0,8.41,10.933,0.0
769,5283022001179,9,Elegance hot oil Cream Keratine 1KG,9.007,9.99,-1,-14774017,1,0,1.0,38,0,1,2.0,0,8.41,10.0,0.0,19.0,10.91,7.569,8.395,1769.0
770,5283022001193,9,Elegance hot oil Cream Aleo Vera 1KG,9.007,9.99,-1,-14774017,1,0,0.0,38,0,1,2.0,0,8.41,10.0,0.0,19.0,10.91,7.569,8.395,0.0
771,6192488205771,1,R.B Shampoo Nutritif 250 ml,6.834,6.9,-1,-14774017,1,0,0.0,15,0,1,2.0,0,6.381,10.0,0.0,19.0,1.0,5.743,5.8,5771.0
772,6192488205795,1,R.B Shampoo Protector 250 ml,6.834,6.9,-1,-14774017,1,0,12.0,15,0,1,2.0,0,6.381,10.0,0.0,19.0,1.0,5.743,5.8,1772.0
773,5285001955046,9,Elegance Spike Oil Treatement Avocat 875ML,9.007,13.9,-1,-14774017,1,0,3.0,38,0,1,2.0,0,8.41,10.0,0.0,19.0,54.32,7.569,11.68,5773.0
774,6192488205801,1,R.B shampoo Purifiant 250 ml,6.834,6.9,-1,-14774017,1,0,7.0,15,0,1,2.0,0,6.381,10.0,0.0,19.0,1.0,5.743,5.8,1774.0
775,5285001955039,9,Elegance Spike Hair Treatement Honey 875ML,9.007,13.9,-1,-14774017,1,0,4.0,38,0,1,2.0,0,8.41,10.0,0.0,19.0,54.32,7.569,11.68,1775.0
776,6192488204903,1,R.B Shampoo Silver 500 ml,11.567,14.5,-1,-14774017,1,0,23.0,15,0,1,3.0,0,10.8,10.0,0.0,19.0,25.36,9.72,12.185,1776.0
777,6192488204880,1,R.B Shampoo Purifiant 500 ml,10.496,14.5,-1,-14774017,1,0,17.0,15,0,1,3.0,0,9.8,10.0,0.0,19.0,38.15,8.82,12.185,1777.0
778,5283022043605,12,No Limit Deo Homme 1 Million,5.5,7.4,-1,-14774017,1,0,0.0,45,0,1,2.0,0,4.622,0.0,0.0,19.0,34.54,4.622,6.218,
779,6192488204941,1,R.B Shampoo Nutritif 500 ml,10.496,14.5,-1,-14774017,1,0,13.0,15,0,1,6.0,0,9.8,10.0,0.0,19.0,38.15,8.82,12.185,1779.0
780,5283022043759,12,No Limit Deo Homme lot 2+1 Aqua,4.398,14.999,-1,-14774017,1,0,18.0,45,0,1,2.0,0,4.2,12.0,0.0,19.0,241.02,3.696,12.604,
781,6192488204927,1,R.B Shampoo Protector 500 ml,10.496,14.5,-1,-14774017,1,0,24.0,15,0,1,3.0,0,9.8,10.0,0.0,19.0,38.15,8.82,12.185,5781.0
782,5283022043612,12,No Limit Deo Homme Bleu,5.5,7.4,-1,-14774017,1,0,0.0,45,0,1,2.0,0,4.622,0.0,0.0,19.0,34.54,4.622,6.218,
783,5283022043650,12,No Limit Deo Homme Cool ( promo),4.398,7.4,-1,-14774017,1,0,0.0,45,0,1,2.0,0,4.2,12.0,0.0,19.0,68.24,3.696,6.218,
784,5283022043728,12,No Limit Deo Homme Hoge Bottle,4.998,7.4,-1,-14774017,1,0,0.0,45,0,1,2.0,0,4.2,0.0,0.0,19.0,48.05,4.2,6.218,
785,5283022043629,0,No Limit Deo Homme Narciso,4.398,7.522,-1,-14774017,1,0,15.0,45,0,1,2.0,0,4.2,12.0,0.0,19.0,71.02,3.696,6.321,
786,5283022043384,12,No Limit Deo Femme Apple,5.5,7.4,-1,-14774017,1,0,3.0,45,0,1,2.0,0,4.622,0.0,0.0,19.0,34.54,4.622,6.218,
787,5283022043407,12,No Limit Deo Femme Bella,5.5,7.4,-1,-14774017,1,0,9.0,45,0,1,2.0,0,4.622,0.0,0.0,19.0,34.54,4.622,6.218,
788,5283022043575,12,No Limit Deo Femme Bonne Fille,5.5,7.4,-1,-14774017,1,0,4.0,45,0,1,2.0,0,4.622,0.0,0.0,19.0,34.54,4.622,6.218,
789,6192488204750,4,R.B Masque Anti-chute 500 ml,9.46764,12.29846436,-1,-14774017,1,0,5.0,15,0,1,2.0,0,8.84,10.0,0.0,19.0,29.9,7.956,10.334844,1789.0
790,5283022043438,12,No Limit Deo Femme Cannes,5.5,7.4,-1,-14774017,1,0,3.0,45,0,1,2.0,0,4.622,0.0,0.0,19.0,34.54,4.622,6.218,
791,6192488204712,4,R.B Masque Protector 500 ml,9.468,12.298,-1,-14774017,1,0,5.0,15,0,1,2.0,0,8.84,10.0,0.0,19.0,29.9,7.956,10.335,1791.0
792,5283022043353,0,No Limit Deo Femme Lady,4.398,7.4,-1,-14774017,1,0,16.0,45,0,1,2.0,0,4.2,12.0,0.0,19.0,68.24,3.696,6.218,1792.0
793,6192488204699,4,R.B Masque Silver 500 ml,10.23,12.3,-1,-14774017,1,0,2.0,15,0,1,2.0,0,9.552,10.0,0.0,19.0,20.23,8.597,10.336,1793.0
794,5283022043483,12,No Limit Deo Femme Lidea,5.5,7.4,-1,-14774017,1,0,2.0,45,0,1,2.0,0,4.622,0.0,0.0,19.0,34.54,4.622,6.218,
795,6192488204736,4,R.B Masque Nutritif 500 ml,9.46764,12.300357888,-1,-14774017,1,0,5.0,15,0,1,2.0,0,8.84,10.0,0.0,19.0,29.92,7.956,10.3364352,1795.0
796,6192488202824,0,R.B Oxydant 20 V 120 ML,1.607,2.2,-1,-14774017,1,0,32.0,15,0,1,20.0,0,1.5,10.0,0.0,19.0,36.97,1.35,1.849,1796.0
797,6192488202831,0,R.B Oxydant 30V 120 ml,1.607,2.0,-1,-14774017,1,0,21.0,15,0,1,10.0,0,1.5,10.0,0.0,19.0,24.47,1.35,1.68,1797.0
798,6192488202848,0,R.B Oxydant 40V 120 ml,1.607,2.2,-1,-14774017,1,0,28.0,15,0,1,10.0,0,1.5,10.0,0.0,19.0,36.97,1.35,1.849,1798.0
799,6192488205917,4,R.B OIL REP Huile d'argan 250 ml,11.127,14.5,-1,-14774017,1,0,0.0,15,0,1,3.0,0,10.389,10.0,0.0,19.0,30.3,9.35,12.183,
800,8006569000842,4,R.B Poudre de coloroation Rapide,2.789,3.7,-1,-14774017,1,0,27.0,15,0,1,2.0,0,2.604,10.0,0.0,19.0,32.64,2.344,3.109,1800.0
801,5285001952687,15,Elegance Gel Wax,5.35,7.0,-1,-14774017,1,0,2.0,38,0,1,2.0,0,4.496,0.0,0.0,19.0,30.9,4.496,5.885,0.0
802,5285001959501,0,Elegance Hair Wax Millitaire,5.35,6.9,-1,-14774017,1,0,9.0,38,0,1,2.0,0,4.496,0.0,0.0,19.0,28.97,4.496,5.798,1802.0
803,6192488208512,4,R.B sirum Oil argan 125ml,20.937,24.9,-1,-14774017,1,0,0.0,15,0,1,2.0,0,19.549,10.0,0.0,19.0,18.95,17.594,20.928,0.0
804,5285001952694,0,Elegance Hair Pommade Transparent Gold,5.35,7.003,-1,-14774017,1,0,11.0,38,0,1,2.0,0,4.496,0.0,0.0,19.0,30.9,4.496,5.885,1804.0
805,6192488208482,4,R.B Sirum Oil Cristal 125ml,20.372,24.9,-1,-14774017,1,0,9.0,15,0,1,2.0,0,19.021,10.0,0.0,19.0,22.25,17.119,20.928,21805.0
806,5283022000028,15,Elegance Hair Pommade Vert,5.35,7.0,-1,-14774017,1,0,1.0,38,0,1,2.0,0,4.496,0.0,0.0,19.0,30.9,4.496,5.885,0.0
807,5285001951826,15,Elegance Plus Shaving Gel Moon 500ML,6.503,8.5,-1,-14774017,1,0,8.0,38,0,1,2.0,0,5.465,0.0,0.0,19.0,30.7,5.465,7.143,0.0
808,5285001952274,1,Elegance shp Miracle 500ML,6.5,8.5,-1,-14774017,1,0,9.0,38,0,1,2.0,0,5.462,0.0,0.0,19.0,30.8,5.462,7.144,1808.0
809,5285001952281,2,Elegance A/SHP Miracle 500ML,6.5,8.5,-1,-14774017,1,0,3.0,38,0,1,2.0,0,5.462,0.0,0.0,19.0,30.8,5.462,7.144,0.0
810,6192488208598,3,R.B Gel Douche Creamy 470 ml,4.179,5.5,-1,-14774017,1,0,18.0,15,0,1,2.0,0,3.902,10.0,0.0,19.0,31.59,3.512,4.621,1810.0
811,6192488205894,3,R.B Gel Douche energizing,4.179,5.5,-1,-14774017,1,0,9.0,15,0,1,2.0,0,3.902,10.0,0.0,19.0,31.59,3.512,4.621,
812,6192488205856,3,R.B Gel Douche Sensuel 470 ml,4.179,5.5,-1,-14774017,1,0,5.0,15,0,1,2.0,0,3.902,10.0,0.0,19.0,31.59,3.512,4.621,1812.0
813,6192488205986,0,R.B Gel Douche Relaxing 470 ml,4.179,4.9,-1,-14774017,1,0,5.0,15,0,1,2.0,0,3.902,10.0,0.0,19.0,17.25,3.512,4.118,1813.0
814,6192488205870,3,R.B Gel Douche Tropical 470 ml,4.179,5.5,-1,-14774017,1,0,8.0,15,0,1,2.0,0,3.902,10.0,0.0,19.0,31.59,3.512,4.621,
815,6192488208581,3,R.B Gel Douche Délicious 470 ml,4.179,5.5,-1,-14774017,1,0,2.0,15,0,1,2.0,0,3.902,10.0,0.0,19.0,31.59,3.512,4.621,
816,6192488206464,0,R.B Gel Douche Exotic 470 ml,4.179,4.9,-1,-14774017,1,0,5.0,15,0,1,2.0,0,3.902,10.0,0.0,19.0,17.25,3.512,4.118,1816.0
817,6192488208574,3,R.B Gel Douche Sweet 470 ml,4.179,5.5,-1,-14774017,1,0,14.0,15,0,1,2.0,0,3.902,10.0,0.0,19.0,31.59,3.512,4.621,1817.0
818,6192488201827,6,R.B Teinture 7.0,5.262894,6.899654034,-1,-14774017,1,0,7.0,15,0,1,6.0,0,4.914,10.0,0.0,19.0,31.1,4.4226,5.7980286,1818.0
819,6192488201926,0,R.B Teinture 6.1,5.263,6.9,-1,-14774017,1,0,10.0,15,0,1,6.0,0,4.914,10.0,0.0,19.0,31.1,4.423,5.799,1819.0
820,6192488201803,0,R.B Teinture 5.0,5.263,6.9,-1,-14774017,1,0,12.0,15,0,1,6.0,0,4.914,10.0,0.0,19.0,31.1,4.423,5.799,1820.0
821,6192488202794,0,R.B Teinture 6.84,4.971,6.9,-1,-14774017,1,0,10.0,15,0,1,6.0,0,4.914,15.0,0.0,19.0,38.81,4.177,5.798,
822,6192488201834,0,R.B Teinture 8.0,5.263,6.9,-1,-14774017,1,0,12.0,15,0,1,6.0,0,4.914,10.0,0.0,19.0,31.1,4.423,5.799,1822.0
823,6192488201933,0,R.B Teinture 7.1,5.263,6.9,-1,-14774017,1,0,9.0,15,0,1,6.0,0,4.914,10.0,0.0,19.0,31.1,4.423,5.799,1823.0
824,6192488201810,0,R.B Teinture 6.0,5.263,6.9,-1,-14774017,1,0,9.0,15,0,1,6.0,0,4.914,10.0,0.0,19.0,31.1,4.423,5.799,1824.0
825,6192488201957,0,R.B Teinture 7.31,4.971,6.9,-1,-14774017,1,0,9.0,15,0,1,6.0,0,4.914,15.0,0.0,19.0,38.81,4.177,5.798,1825.0
826,6192488201797,0,R.B Teinture 4.0,5.263,6.9,-1,-14774017,1,0,9.0,15,0,1,6.0,0,4.914,10.0,0.0,19.0,31.1,4.423,5.799,1826.0
827,6192488201841,0,R.B Teinture 9.0,5.263,6.9,-1,-14774017,1,0,11.0,15,0,1,6.0,0,4.914,10.0,0.0,19.0,31.1,4.423,5.799,1827.0
828,6192488201773,0,R.B Teinture 1.0,5.262894,6.899654034,-1,-14774017,1,0,9.0,15,0,1,6.0,0,4.914,10.0,0.0,19.0,31.1,4.4226,5.7980286,1828.0
829,6192488201940,0,R.B Teinture 8.1,5.262894,6.899654034,-1,-14774017,1,0,7.0,15,0,1,6.0,0,4.914,10.0,0.0,19.0,31.1,4.4226,5.7980286,1829.0
830,6192488202923,0,R.B Teinture 9.1,5.263,6.9,-1,-14774017,1,0,10.0,15,0,1,6.0,0,4.914,10.0,0.0,19.0,31.1,4.423,5.799,1830.0
831,6192488202787,6,R.B Teinture 5.84,4.970511,6.9000633702,-1,-14774017,1,0,9.0,15,0,1,6.0,0,4.914,15.0,0.0,19.0,38.82,4.1769,5.79837258,1831.0
832,6192488204965,1,R.B shp Anti-chute 500ml,11.567,14.5,-1,-14774017,1,0,11.0,15,0,1,6.0,0,10.8,10.0,0.0,19.0,25.36,9.72,12.185,5832.0
833,5000204010107,0,PLIZ Soin expert Bois lavande 300ML,8.28,9.6,-1,-14774017,1,0,3.0,0,0,1,2.0,0,6.958,0.0,0.0,19.0,15.93,6.958,8.066,
834,5000204011142,30,PLIZ Netoyant multi-surfaces Citron Vert 300ml,8.28,9.6,-1,-14774017,1,0,8.0,0,0,1,2.0,0,6.958,0.0,0.0,19.0,15.93,6.958,8.066,
835,6291069707212,24,Herbl dentifrices Anti-age (+brosse à dents),5.355,6.95,-1,-14774017,1,0,0.0,0,0,1,2.0,0,4.5,0.0,0.0,19.0,29.8,4.5,5.841,
836,6291069707175,24,Dabur dentifrices Herb'l Whitening,3.808,4.95,-1,-14774017,1,0,0.0,46,0,1,2.0,0,3.2,0.0,0.0,19.0,30.0,3.2,4.16,
837,6291069715040,24,Dabur dentifrices Herb'l Olive (+Brosse a dents),5.355,7.0,-1,-14774017,1,0,0.0,46,0,1,2.0,0,4.5,0.0,0.0,19.0,30.8,4.5,5.886,
838,6291069715057,24,Dabur dentifrices Herb'l Blackseed (+ Brosse a dents),5.355,7.0,-1,-14774017,1,0,0.0,46,0,1,2.0,0,4.5,0.0,0.0,19.0,30.8,4.5,5.886,
839,6291069744095,24,Dabur dentifrices Herb'l charbon (+Brosse a dents),5.355,6.95,-1,-14774017,1,0,0.0,46,0,1,2.0,0,4.5,0.0,0.0,19.0,29.8,4.5,5.841,
840,6291069707151,24,Dabur dentifrices Herb'l Clove,3.808,4.95,-1,-14774017,1,0,0.0,46,0,1,2.0,0,3.2,0.0,0.0,19.0,30.0,3.2,4.16,
841,8001280013386,1,SapoNello shp kids abricot 400 ml,8.6275,11.198495,-1,-14774017,1,0,13.0,0,0,1,2.0,0,7.25,0.0,0.0,19.0,29.8,7.25,9.4105,1841.0
842,8001280013515,0,SapoNello shp kids Barbe a papa 400 ml,8.628,11.2,-1,-14774017,1,0,2.0,0,0,1,2.0,0,7.25,0.0,0.0,19.0,29.8,7.25,9.411,
843,8001280013508,0,SapoNello shp kids Poire 400 ml,8.6275,11.198495,-1,-14774017,1,0,16.0,0,0,1,2.0,0,7.25,0.0,0.0,19.0,29.8,7.25,9.4105,1843.0
844,8003650005007,26,WC net bloc lime fresh x 4,7.526,9.9,-1,-14774017,1,0,10.0,0,0,1,2.0,0,6.324,0.0,0.0,19.0,31.55,6.324,8.319,1844.0
845,8004050201563,26,WC net bloc Mountain Fresh x 4,7.526,9.9,-1,-14774017,1,0,17.0,0,0,1,2.0,0,6.324,0.0,0.0,19.0,31.55,6.324,8.319,1845.0
846,8004050009756,26,WC net bloc Ocean Fresh*4,7.526,9.9,-1,-14774017,1,0,13.0,0,0,1,2.0,0,6.324,0.0,0.0,19.0,31.55,6.324,8.319,1846.0
847,8004050030545,0,Fourmet Nettoyant Four 300 ml,7.021,9.2,-1,-14774017,1,0,10.0,0,0,1,2.0,0,5.9,0.0,0.0,19.0,31.0,5.9,7.729,0.0
848,8003650009470,30,Smac Dégraissant 650ml with bleach,8.271,9.9,-1,-14774017,1,0,0.0,0,0,1,2.0,0,6.95,0.0,0.0,19.0,19.7,6.95,8.319,
849,8002150030526,30,Smac Netoyant inox 500 ml,6.843,8.9,-1,-14774017,1,0,11.0,0,0,1,2.0,0,5.75,0.0,0.0,19.0,30.07,5.75,7.479,0.0
850,6192488205993,6,R.B Kit Coloration 1.0,5.969754,7.8991784928,-1,-14774017,1,0,5.0,15,0,1,3.0,0,5.574,10.0,0.0,19.0,32.32,5.0166,6.63796512,1850.0
851,6192488206051,6,R.B Kit Coloration 5.0,5.969754,7.8991784928,-1,-14774017,1,0,7.0,15,0,1,3.0,0,5.574,10.0,0.0,19.0,32.32,5.0166,6.63796512,1851.0
852,6192488206044,6,R.B Kit Coloration 4.0,5.97,7.9,-1,-14774017,1,0,7.0,15,0,1,3.0,0,5.574,10.0,0.0,19.0,32.32,5.017,6.638,1852.0
853,6291069001105,4,Dabur Amla Gold Huil cheveux 100 ml,4.177,5.4,-1,-14774017,1,0,2.0,46,0,1,2.0,0,3.9,10.0,0.0,19.0,29.3,3.51,4.538,1853.0
854,6192488206181,6,R.B Kit Coloration 9.1,5.97,7.9,-1,-14774017,1,0,6.0,15,0,1,3.0,0,5.574,10.0,0.0,19.0,32.32,5.017,6.638,
855,6291069710427,4,Dabur Amla Huile Cheveux Enfants 200 ml,9.461,12.299,-1,-14774017,1,0,2.0,46,0,1,2.0,0,7.95,0.0,0.0,19.0,30.0,7.95,10.335,
856,6192488206150,6,R.B Kit Coloration 8.0,5.969754,7.8991784928,-1,-14774017,1,0,9.0,15,0,1,3.0,0,5.574,10.0,0.0,19.0,32.32,5.0166,6.63796512,5856.0
857,6192488206068,6,R.B Kit Coloration 6.0,5.969754,7.8991784928,-1,-14774017,1,0,4.0,15,0,1,3.0,0,5.574,10.0,0.0,19.0,32.32,5.0166,6.63796512,5857.0
858,6192488206075,6,R.B Kit Coloration 6.1,5.97,7.9,-1,-14774017,1,0,9.0,15,0,1,3.0,0,5.574,10.0,0.0,19.0,32.32,5.017,6.638,1858.0
859,5000204660753,26,kiwi cirage chaussure Blanc 75 ml,7.103,9.3,-1,-14774017,1,0,3.0,0,0,1,2.0,0,5.969,0.0,0.0,19.0,30.9,5.969,7.813,0.0
860,6192488206129,6,R.B Kit Coloration 7.1,5.97,7.9,-1,-14774017,1,0,3.0,15,0,1,3.0,0,5.574,10.0,0.0,19.0,32.32,5.017,6.638,
861,6192488206174,6,R.B Kit Coloration 9.0,5.97,7.9,-1,-14774017,1,0,5.0,15,0,1,3.0,0,5.574,10.0,0.0,19.0,32.32,5.017,6.638,1861.0
862,6192488206167,6,R.B Kit Coloration 8.1,5.969754,7.8991784928,-1,-14774017,1,0,8.0,15,0,1,3.0,0,5.574,10.0,0.0,19.0,32.32,5.0166,6.63796512,1862.0
863,6192488206105,6,R.B Kit Coloration 7.0,5.97,7.9,-1,-14774017,1,0,4.0,15,0,1,3.0,0,5.574,10.0,0.0,19.0,32.32,5.017,6.638,1863.0
864,6192488206013,6,R.B Kit Coloration 10.0,5.97,7.9,-1,-14774017,1,0,4.0,15,0,1,3.0,0,5.574,10.0,0.0,19.0,32.32,5.017,6.638,
865,5000204660692,26,Cirage chaussure kiwi  Marron 75 ml,7.103,9.3,-1,-14774017,1,0,2.0,0,0,1,2.0,0,5.969,0.0,0.0,19.0,30.89,5.969,7.813,0.0
866,5000204668506,26,kiwi cirage chaussure incolor 200 ml,13.166,17.1,-1,-14774017,1,0,3.0,0,0,1,2.0,0,11.064,0.0,0.0,19.0,29.85,11.064,14.367,0.0
867,5000204032031,26,Cirage chaussure kiwi Noir 200 ml,13.167,17.1,-1,-14774017,1,0,3.0,0,0,1,2.0,0,11.065,0.0,0.0,19.0,29.85,11.065,14.368,0.0
868,8003650003676,30,Merrito Aide Repassage 500 ml,7.735,9.99,-1,-14774017,1,0,10.0,0,0,1,2.0,0,6.5,0.0,0.0,19.0,29.1,6.5,8.392,0.0
869,6291069651072,4,Vatika huile cheveux almond 200ml,6.664,8.69652,-1,-14774017,1,0,6.0,47,0,1,2.0,0,5.6,0.0,0.0,19.0,30.5,5.6,7.308,1869.0
870,6291069704037,4,Vatika huile cheveux black seed 200 ml,6.664,8.69652,-1,-14774017,1,0,6.0,47,0,1,2.0,0,5.6,0.0,0.0,19.0,30.5,5.6,7.308,1870.0
871,6291069651034,4,Vatika huile cheveux cactus 200 ml,6.664,8.69652,-1,-14774017,1,0,4.0,47,0,1,2.0,0,5.6,0.0,0.0,19.0,30.5,5.6,7.308,1871.0
872,6291069719857,4,Vatika Huile Cheveux Castor 200 ml,6.664,8.7,-1,-14774017,1,0,6.0,47,0,1,2.0,0,5.6,0.0,0.0,19.0,30.5,5.6,7.308,1872.0
873,6291069651058,4,Vatika Huile Cheveux  Coconut 200 ml,6.664,8.7,-1,-14774017,1,0,3.0,47,0,1,2.0,0,5.6,0.0,0.0,19.0,30.5,5.6,7.308,1873.0
874,6291069704051,4,Vatika Huile Cheveux Garlic 200 ml,6.664,8.7,-1,-14774017,1,0,5.0,47,0,1,2.0,0,5.6,0.0,0.0,19.0,30.5,5.6,7.308,1874.0
875,6291069757354,4,Vatika  Huile Cheveux Onion 200 ml,6.664,8.7,-1,-14774017,1,0,3.0,47,0,1,2.0,0,5.6,0.0,0.0,19.0,30.5,5.6,7.308,0.0
876,8004060021007,30,Omino Bianco Detachant 500 ml,6.367,8.3,-1,-14774017,1,0,9.0,0,0,1,2.0,0,5.35,0.0,0.0,19.0,30.35,5.35,6.974,1876.0
877,8901009111631,24,Dabur dentifrices 120+50gr original miswak,2.881,4.8,-1,-14774017,1,0,0.0,0,0,1,2.0,0,2.69,10.0,0.0,19.0,66.6,2.421,4.033,
878,6291069210101,9,Dabur  Herbolene aloe vera115 ml,3.152,4.8,-1,-14774017,1,0,18.0,0,0,1,2.0,0,2.649,0.0,0.0,19.0,52.27,2.649,4.034,1878.0
879,5000204771688,0,Air Fresh Glade Lavande 300 ml,6.597,7.9,-1,-14774017,1,0,0.0,0,0,1,2.0,0,5.544,0.0,0.0,19.0,19.73,5.544,6.638,0.0
880,5000204771565,0,Air Fresh Glade Relaxing Zen 300 ml,6.597,7.9,-1,-14774017,1,0,0.0,0,0,1,2.0,0,5.544,0.0,0.0,19.0,19.73,5.544,6.638,0.0
881,5000204771862,0,Air Fresh Glade Muguet 300 ml,6.597,7.9,-1,-14774017,1,0,0.0,0,0,1,2.0,0,5.544,0.0,0.0,19.0,19.73,5.544,6.638,0.0
882,5000204070224,0,Air Fresh Glade Vanilla 300 ml,6.597,7.9,-1,-14774017,1,0,0.0,0,0,1,2.0,0,5.544,0.0,0.0,19.0,19.73,5.544,6.638,0.0
883,3346029989467,0,Carolin Netoyant Multi-surface 650 ml,8.271,10.8,-1,-14774017,1,0,0.0,0,0,1,2.0,0,6.95,0.0,0.0,19.0,30.58,6.95,9.075,5883.0
884,8001280001765,0,AZZORRA anticalcaire Felce  750 ml,6.248,8.0,-1,-14774017,1,0,0.0,0,0,1,2.0,0,5.25,0.0,0.0,19.0,28.0,5.25,6.72,0.0
885,MR11-227,27,Sapin Vert 60 cm,4.0,5.8,-1,-14774017,1,0,1.0,0,0,1,2.0,0,3.361,0.0,0.0,19.0,45.0,3.361,4.873,0.0
886,MR11-127,27,Sapin vert 30 cm,3.0,4.8,-1,-14774017,1,0,1.0,0,0,1,2.0,0,2.521,0.0,0.0,19.0,60.0,2.521,4.034,0.0
887,1812700000001,27,Chapeau noél,2.499,5.0,-1,-14774017,1,0,0.0,0,0,1,2.0,0,2.1,0.0,0.0,19.0,100.0,2.1,4.2,0.0
888,1852700000007,27,Chapeau noél barba,7.0,9.8,-1,-14774017,1,0,0.0,0,0,1,2.0,0,5.882,0.0,0.0,19.0,40.0,5.882,8.235,0.0
889,MR17-827,27,Decort Sapin,8.0,12.0,-1,-14774017,1,0,4.0,0,0,1,2.0,0,6.723,0.0,0.0,19.0,50.0,6.723,10.085,0.0
890,MR16-627,27,Boule Sapin,11.799,16.0,-1,-14774017,1,0,5.0,0,0,1,2.0,0,9.915,0.0,0.0,19.0,35.6,9.915,13.445,0.0
891,MH-2-826,27,Bougie Rand 10 pc mult,3.0,3.8,-1,-14774017,1,0,1.0,0,0,1,2.0,0,2.521,0.0,0.0,19.0,26.7,2.521,3.194,0.0
892,MH-2-426,27,Bougie parfumé couer,3.0,3.8,-1,-14774017,1,0,1.0,0,0,1,2.0,0,2.521,0.0,0.0,19.0,26.7,2.521,3.194,0.0
893,MR15-1425,27,Gurlande lumineux blanc,12.8,14.0,-1,-14774017,1,0,2.0,0,0,1,2.0,0,10.756,0.0,0.0,19.0,9.4,10.756,11.767,0.0
895,MR15-1625,27,Gurlande rouge,12.8,14.0,-1,-14774017,1,0,0.0,0,0,1,2.0,0,10.756,0.0,0.0,19.0,9.4,10.756,11.767,0.0
896,MR15-1325,27,Gurlande Couleur,12.8,14.0,-1,-14774017,1,0,0.0,0,0,1,2.0,0,10.756,0.0,0.0,19.0,9.4,10.756,11.767,0.0
897,MR15-125,27,Gurlande Lumineux Papa,14.799,16.8,-1,-14774017,1,0,1.0,0,0,1,2.0,0,12.436,0.0,0.0,19.0,13.53,12.436,14.119,0.0
898,MR16-527,27,Boule Sapin,11.8,16.0,-1,-14774017,1,0,3.0,0,0,1,2.0,0,9.916,0.0,0.0,19.0,35.6,9.916,13.446,0.0
899,MR17-1127,27,Decort Sapin,14.0,19.8,-1,-14774017,1,0,3.0,0,0,1,2.0,0,11.765,0.0,0.0,19.0,41.43,11.765,16.639,0.0
900,MR17-927,27,Decort Sapin,7.999,12.0,-1,-14774017,1,0,1.0,0,0,1,2.0,0,6.722,0.0,0.0,19.0,50.0,6.722,10.083,0.0
901,MR17-1427,27,Sapin PM 30 CM,4.499,5.8,-1,-14774017,1,0,0.0,0,0,1,2.0,0,3.781,0.0,0.0,19.0,28.9,3.781,4.874,0.0
902,MR17-1327,27,Sapin  pm 10 cm,3.0,3.8,-1,-14774017,1,0,0.0,0,0,1,2.0,1,2.521,0.0,0.0,19.0,26.6,2.521,3.192,0.0
903,MR17-1227,27,Lunette Papa noél,2.499,4.2,-1,-14774017,1,0,7.0,0,0,1,2.0,1,2.1,0.0,0.0,19.0,68.0,2.1,3.528,0.0
904,MR16-327,27,Boule Sapin,11.8,16.0,-1,-14774017,1,0,1.0,0,0,1,2.0,1,9.916,0.0,0.0,19.0,35.6,9.916,13.446,0.0
906,MR17-327,27,Decor Sapin,10.0,14.0,-1,-14774017,1,0,4.0,0,0,1,2.0,1,8.403,0.0,0.0,19.0,40.0,8.403,11.764,0.0
908,M34-1327,27,mini Boule de neige,14.0,16.0,-1,-14774017,1,0,10.0,0,0,1,2.0,0,11.765,0.0,0.0,19.0,14.3,11.765,13.447,0.0
909,1253611619218,27,Boule de neige,25.0,34.0,-1,-14774017,1,0,0.0,0,0,1,2.0,0,21.008,0.0,0.0,19.0,36.0,21.008,28.571,0.0
911,MR11-1028,27,Sapin Vert 240 cm,139.999,196.0,-1,-14774017,1,0,2.0,0,0,1,2.0,0,117.646,0.0,0.0,19.0,40.0,117.646,164.704,0.0
912,42333371,0,Nivea care even tone cream 200 ml,14.667,19.1,-1,-14774017,1,0,5.0,0,0,1,2.0,0,14.5,15.0,0.0,19.0,30.2,12.325,16.047,
916,3600524051044,7,L'oreal Creme Glycolic Bright de jour 50ml,28.56,37.0,-1,-14774017,1,0,0.0,24,0,1,2.0,0,24.0,0.0,0.0,19.0,29.56,24.0,31.094,0.0
917,3600524051037,7,L'oreal Creme Glycolic Bright de nuit 50ml,28.56,37.0,-1,-14774017,1,0,3.0,24,0,1,2.0,0,24.0,0.0,0.0,19.0,29.55,24.0,31.092,0.0
918,3600523082247,7,L'oreal creme Revitalift Hydratant de jour 50 ml,55.454,72.0,-1,-14774017,1,0,4.0,24,0,1,2.0,0,46.6,0.0,0.0,19.0,29.84,46.6,60.505,0.0
919,3600523082254,7,L'oreal creme Revitalift Hydratant de nuit 50ml,55.216,72.0,-1,-14774017,1,0,5.0,24,0,1,2.0,0,46.4,0.0,0.0,19.0,30.39,46.4,60.501,0.0
920,3600523937615,7,L'oreal Creme Hyaluron Expert de jour 50ml,32.13,41.8,-1,-14774017,1,0,0.0,24,0,1,2.0,0,27.0,0.0,0.0,19.0,30.1,27.0,35.127,0.0
921,3600523937578,7,L'oreal Creme Masque Hyaluron Expert de nuit 50ml,32.13,41.8,-1,-14774017,1,0,1.0,24,0,1,2.0,0,27.0,0.0,0.0,19.0,30.1,27.0,35.127,0.0
922,3600523967988,7,L'oreal Serum visage Hyaluron Expert 30ml,77.35,99.99,-1,-14774017,1,0,2.0,24,0,1,2.0,0,65.0,0.0,0.0,19.0,29.27,65.0,84.026,0.0
923,3610340663192,7,L'oreal Cleanser Foam Glycolic Bright 100 ml,22.61,29.4,-1,-14774017,1,0,4.0,24,0,1,2.0,0,19.0,0.0,0.0,19.0,30.05,19.0,24.71,0.0
924,3600523959716,7,L'oreal Gel Wash Hyaluron Expert 200 ml,29.75,38.8,-1,-14774017,1,0,6.0,24,0,1,2.0,0,25.0,0.0,0.0,19.0,30.41,25.0,32.603,0.0
925,5285001951833,1,Elegance Plus Shaving Gel Earth 500ML,6.503,8.5,-1,-14774017,1,0,2.0,38,0,1,2.0,0,5.465,0.0,0.0,19.0,30.7,5.465,7.143,0.0
926,6192477610838,0,Lilas poudre mains anti tâche 1kg,5.541,6.6,-1,-14774017,1,0,9.0,43,0,1,2.0,0,4.656,0.0,0.0,19.0,19.12,4.656,5.546,
927,6192477610821,0,Lilas poudre mains fraicheur 1kg,5.541,6.6,-1,-14774017,1,0,6.0,43,0,1,2.0,0,4.656,0.0,0.0,19.0,19.12,4.656,5.546,22927.0
928,6192477610845,0,Lilas poudre mains savon de marseille 1kg,5.54064,6.600010368,-1,-14774017,1,0,8.0,0,0,1,2.0,0,4.656,0.0,0.0,19.0,19.12,4.656,5.5462272,28928.0
929,6192477610814,30,Lilas poudre mains savon de marseille 300 GR,1.74097,2.0021155,-1,-14774017,1,0,2.0,43,0,1,2.0,0,1.463,0.0,0.0,19.0,15.0,1.463,1.68245,5929.0
930,6192477610791,30,Lilas poudre main fraicheur 300 GR,1.74097,2.0021155,-1,-14774017,1,0,20.0,43,0,1,2.0,0,1.463,0.0,0.0,19.0,15.0,1.463,1.68245,22930.0
931,6192477610807,30,Lilas poudre mains anti tâche 300 GR,1.741,2.0,-1,-14774017,1,0,0.0,43,0,1,2.0,0,1.463,0.0,0.0,19.0,15.0,1.463,1.682,0.0
932,6192477610074,0,Lilas Poudre Main Clean Rose 160GR,0.606,0.8,-1,-14774017,1,0,75.0,0,0,1,2.0,0,0.509,0.0,0.0,19.0,32.0,0.509,0.672,4932.0
933,6192477610067,0,Lilas Poudre Main Clean Citron 160GR,0.606,0.8,-1,-14774017,1,0,78.0,0,0,1,2.0,0,0.509,0.0,0.0,19.0,32.0,0.509,0.672,4933.0
934,6192477611231,30,Lilas Poudre Main Clean Citron 300GR,1.27568,1.403248,-1,-14774017,1,0,0.0,0,0,1,2.0,0,1.072,0.0,0.0,19.0,10.0,1.072,1.1792,28934.0
935,6192477610722,0,Lilas Poudre Main Clean Rose 300GR,1.276,1.403,-1,-14774017,1,0,19.0,0,0,1,2.0,0,1.072,0.0,0.0,19.0,10.0,1.072,1.179,4935.0
936,6192477611071,0,Lilas Poudre Main Clean Citron 1KG,3.776,4.6,-1,-14774017,1,0,12.0,0,0,1,2.0,0,3.173,0.0,0.0,19.0,21.82,3.173,3.865,4936.0
937,6192477610753,0,Lilas Poudre Main Clean Rose 1KG,3.776,4.6,-1,-14774017,1,0,1.0,0,0,1,2.0,0,3.173,0.0,0.0,19.0,21.9,3.173,3.868,22937.0
938,6192477623999,0,Lilas Sols & Surfaces florale  800 ml,3.317,3.8,-1,-14774017,1,0,0.0,0,0,1,2.0,0,2.787,0.0,0.0,19.0,14.5,2.787,3.191,4938.0
939,6192477623944,30,Lilas Sol & Surface Savon de Marseille 800 ml,3.317,3.8,-1,-14774017,1,0,0.0,43,0,1,2.0,0,2.787,0.0,0.0,19.0,14.5,2.787,3.191,0.0
940,6192477620219,30,Lilas gel machine main/semi automatique 3L,11.0,14.3,-1,-14774017,1,0,1.0,43,0,1,2.0,0,9.244,0.0,0.0,19.0,30.0,9.244,12.017,22940.0
943,6192477622442,0,Lilas gel machine active power 5L,25.351,27.351,-1,-14774017,1,0,2.0,43,0,1,2.0,0,21.303,0.0,0.0,19.0,7.89,21.303,22.984,28943.0
944,6192477622176,0,Lilas gel machine clean power 3L,16.151,19.7,-1,-14774017,1,0,2.0,43,0,1,2.0,0,13.572,0.0,0.0,19.0,22.0,13.572,16.558,28944.0
945,6192477622169,0,Lilas gel machine active power 3L,16.149,19.701,-1,-14774017,1,0,9.0,43,0,1,2.0,0,13.571,0.0,0.0,19.0,21.99,13.571,16.555,22945.0
946,6192477623548,30,Lilas gel machine floral 3L,16.15068,17.899798644,-1,-14774017,1,0,0.0,43,0,1,2.0,0,13.572,0.0,0.0,19.0,10.83,13.572,15.0418476,28946.0
947,6192477623364,30,Lilas gel machine  fraîcheur intense 2.5L,16.89919,18.900054096,-1,-14774017,1,0,2.0,43,0,1,2.0,0,14.201,0.0,0.0,19.0,11.84,14.201,15.8823984,22947.0
948,6192477620349,0,Lilas assouplissant fraîcheur lavande 3L,13.881,15.297,-1,-14774017,1,0,6.0,43,0,1,2.0,0,11.665,0.0,0.0,19.0,10.2,11.665,12.855,4948.0
949,6192477620325,30,Lilas assouplissant fraîcheur supreme 3L,13.75164,15.2986995,-1,-14774017,1,0,4.0,43,0,1,2.0,0,11.556,0.0,0.0,19.0,11.25,11.556,12.85605,4949.0
950,6192477620332,0,Lilas assouplissant fraîcheur florale 3L,13.762,15.304,-1,-14774017,1,0,3.0,43,0,1,2.0,0,11.565,0.0,0.0,19.0,11.2,11.565,12.86,4950.0
951,6192477610517,30,Lilas poudre machine Enzymax 5KG,21.79842,24.900335166,-1,-14774017,1,0,3.0,43,0,1,2.0,0,18.318,0.0,0.0,19.0,14.23,18.318,20.9246514,22951.0
952,6192477610487,0,Lilas poudre machine enzymax savon de marseille 4KG,18.8,21.701,-1,-14774017,1,0,2.0,43,0,1,2.0,0,18.8,0.0,0.0,0.0,15.43,18.8,21.701,4952.0
953,6192477610470,30,Lilas poudre machine enzymax anti-tâche 4KG,18.8,21.7,-1,-14774017,1,0,2.0,43,0,1,2.0,0,15.798,0.0,0.0,19.0,15.42,15.798,18.234,4953.0
954,6192477620264,30,Lilas assouplissant florale 1L,5.04917,6.100407194,-1,-14774017,1,0,10.0,43,0,1,2.0,0,4.243,0.0,0.0,19.0,20.82,4.243,5.1263926,28954.0
955,6192477620257,30,Lilas assouplissant supreme 1L,5.04917,6.100407194,-1,-14774017,1,0,0.0,43,0,1,2.0,0,4.243,0.0,0.0,19.0,20.82,4.243,5.1263926,22955.0
956,6192477621810,30,Lilas liquide vaisselle citron 580 L,2.74295,3.799808635,-1,-14774017,1,0,14.0,43,0,1,2.0,0,2.305,0.0,0.0,19.0,38.53,2.305,3.1931165,22956.0
957,6192477621568,0,Lilas liquide vaisselle citron 1L,4.79213,5.900070456,-1,-14774017,1,0,14.0,43,0,1,2.0,0,4.027,0.0,0.0,19.0,23.12,4.027,4.9580424,22957.0
958,6192477621247,30,Lilas Sol & Surface Lavande 1L,3.94961,4.39986554,-1,-14774017,1,0,2.0,43,0,1,2.0,0,3.319,0.0,0.0,19.0,11.4,3.319,3.697366,28958.0
959,6192477623135,30,Lilas liquide vaisselle citron 2.5 L,11.438,13.2,-1,-14774017,1,0,0.0,43,0,1,2.0,0,9.612,0.0,0.0,19.0,15.4,9.612,11.092,0.0
960,6192477624125,30,Lilas extra mouatter jasmin 2L,3.975,4.4,-1,-14774017,1,0,0.0,43,0,1,2.0,0,3.34,0.0,0.0,19.0,10.8,3.34,3.701,0.0
961,6192477623395,0,Lilas liquide vaisselle extra lamma citron jaune 2L,7.2,8.9,-1,-14774017,1,0,5.0,43,0,1,2.0,0,7.2,0.0,0.0,0.0,23.61,7.2,8.9,37961.0
962,6192477624101,30,Lilas Multiusage mounadhef pomme 2 L,6.9853,7.9003743,-1,-14774017,1,0,6.0,43,0,1,2.0,0,5.87,0.0,0.0,19.0,13.1,5.87,6.63897,22962.0
963,6192477621650,0,Lilas multiusage mounadhef pomme 5L,14.29904,16.70127872,-1,-14774017,1,0,3.0,43,0,1,2.0,0,12.016,0.0,0.0,19.0,16.8,12.016,14.034688,22963.0
964,6192477621711,30,Lilas deso mouattar Lavande 5L,6.476,7.9,-1,-14774017,1,0,0.0,43,0,1,2.0,0,5.442,0.0,0.0,19.0,22.0,5.442,6.639,0.0
965,6192477621629,30,Lilas liquide main narjess Laine 5L,16.399,18.7,-1,-14774017,1,0,6.0,43,0,1,2.0,0,13.781,0.0,0.0,19.0,14.05,13.781,15.717,0.0
966,6192477623340,30,Lilas liquide vaisselle Lammaa Citron Jaune 5L,15.50927,19.499805171,-1,-14774017,1,0,1.0,43,0,1,2.0,0,13.033,0.0,0.0,19.0,25.73,13.033,16.3863909,28966.0
967,6192477630003,0,Lilas Javel Classic 1.5L,1.081,2.202,-1,-14774017,1,0,5.0,43,0,1,2.0,0,1.081,0.0,0.0,0.0,103.7,1.081,2.202,5967.0
968,6192477630041,30,Lilas Javel Classic 3L,3.53,4.3,-1,-14774017,1,0,0.0,43,0,1,2.0,0,2.966,0.0,0.0,19.0,21.8,2.966,3.613,0.0
969,6192477630089,0,Lilas Javel Classic  4.75L,5.25,5.9,-1,-14774017,1,0,2.0,43,0,1,2.0,0,4.412,0.0,0.0,19.0,12.37,4.412,4.958,28969.0
970,6192477630027,30,Lilas Javel parfumer Lavande 1.5L,2.975,3.4,-1,-14774017,1,0,0.0,43,0,1,2.0,0,2.5,0.0,0.0,19.0,14.3,2.5,2.858,0.0
971,6192477630065,30,Lilas Javel parfumer Lavande 3L,4.313,5.1,-1,-14774017,1,0,0.0,43,0,1,2.0,0,3.624,0.0,0.0,19.0,18.2,3.624,4.284,0.0
972,6192477630119,30,Lilas Javel parfumer Citron 4.75L,6.188,7.2,-1,-14774017,1,0,0.0,43,0,1,2.0,0,5.2,0.0,0.0,19.0,16.4,5.2,6.053,5972.0
973,6192477620271,30,Lilas assoup lavande 1L,5.04917,6.100407194,-1,-14774017,1,0,8.0,43,0,1,2.0,0,4.243,0.0,0.0,19.0,20.82,4.243,5.1263926,22973.0
974,6192011804075,0,Lilas serviette 30*30 Table,1.408,1.7,-1,-14774017,1,0,22.0,0,0,1,2.0,0,1.408,0.0,0.0,0.0,20.76,1.408,1.7,4974.0
975,6192011813404,0,Lilas couche pants large 14 PS,25.40769,27.900184389,-1,-14774017,1,0,0.0,43,0,1,6.0,0,21.351,0.0,0.0,19.0,9.81,21.351,23.4455331,4975.0
976,6192011813381,0,Lilas couche pants large 10 PS,18.954,20.901,-1,-14774017,1,0,4.0,43,0,1,6.0,0,15.928,0.0,0.0,19.0,10.27,15.928,17.564,4976.0
977,6192011813398,0,Lilas couche pants medium 14PS,23.544,25.901,-1,-14774017,1,0,6.0,43,0,1,6.0,0,23.544,0.0,0.0,0.0,10.01,23.544,25.901,4977.0
978,6192011809193,0,Lilas couche Pants mediume 10 PCS,17.67507,19.900361313,-1,-14774017,1,0,6.0,43,0,1,6.0,0,14.853,0.0,0.0,19.0,12.59,14.853,16.7229927,4978.0
979,6192011804150,0,Lilas couche adulte 15 Large,22.638,25.9,-1,-14774017,1,0,9.0,43,0,1,6.0,0,22.638,0.0,0.0,0.0,14.41,22.638,25.9,4979.0
980,6192011804167,0,Lilas couche adulte 15 medium,20.85,25.9,-1,-14774017,1,0,7.0,43,0,1,6.0,0,20.85,0.0,0.0,0.0,24.22,20.85,25.9,4980.0
981,6192011813022,30,Lilas serviette 23*23 1PL Colore Orange 90,1.169,1.6,-1,-14774017,1,0,0.0,0,0,1,2.0,0,0.982,0.0,0.0,19.0,37.0,0.982,1.345,
982,6192011803726,37,Lilas Clip Ultra Super 8,3.007,3.8,-1,-14774017,1,0,7.0,43,0,1,12.0,0,3.007,0.0,0.0,0.0,26.4,3.007,3.801,0.0
983,6192011803573,0,Lilas 30*30 Premium Simple,1.483,1.901,-1,-14774017,1,0,22.0,0,0,1,2.0,0,1.483,0.0,0.0,0.0,28.2,1.483,1.901,4983.0
984,6192011803566,30,Lilas serviette 23*23 Premium Simple,1.2,1.6,-1,-14774017,1,0,0.0,0,0,1,2.0,0,1.008,0.0,0.0,19.0,33.0,1.008,1.341,
985,6192011803580,0,Lilas serviette 40*40 Premium Simple,2.5,2.9,-1,-14774017,1,0,18.0,0,0,1,2.0,0,2.5,0.0,0.0,0.0,16.0,2.5,2.9,4985.0
986,6192011811639,30,Lilas Lingette Antibacterienne 15,1.208,1.500336,-1,-14774017,1,0,0.0,0,0,1,2.0,0,1.208,0.0,0.0,0.0,24.2,1.208,1.500336,32986.0
987,6192011811813,37,Lilas Couche Bébé 15-25 Confort max Actif T5,15.25,16.8,-1,-14774017,1,0,5.0,43,0,1,6.0,0,12.815,0.0,0.0,19.0,10.18,12.815,14.12,0.0
988,6192011811776,0,PM 2-4 Confort Max Actif,10.346,12.0,-1,-14774017,1,0,5.0,0,0,1,2.0,0,10.346,0.0,0.0,0.0,16.2,10.346,12.022,4988.0
989,6192011809353,0,lilas Lingette Bebe 72 Confort Max Avec Lid,4.333,5.599,-1,-14774017,1,0,5.0,0,0,1,2.0,0,4.333,0.0,0.0,0.0,29.22,4.333,5.599,4989.0
991,3600542416061,0,Garnier Shp Haairfood Noix de Coco Macadamia 350ML,14.459,18.9,-1,-14774017,1,0,8.0,0,0,1,2.0,0,13.5,10.0,0.0,19.0,30.72,12.15,15.882,1991.0
992,3600542416146,1,Garnier U.D SHP Hairfood Papaya 350ML,14.459,18.9,-1,-14774017,1,0,8.0,19,0,1,2.0,0,13.5,10.0,0.0,19.0,30.72,12.15,15.882,1992.0
993,6192011811820,0,Lilas Couche Bébé 16+ Confort Max Actif T6,14.21,16.768,-1,-14774017,1,0,19.0,43,0,1,6.0,0,14.21,0.0,0.0,0.0,18.0,14.21,16.768,4993.0
994,6192011811806,37,Lilas Couche Bébé 9-18 Confort Max Actif T4,14.5,16.8,-1,-14774017,1,0,7.0,43,0,1,6.0,0,14.5,0.0,0.0,0.0,15.85,14.5,16.798,5994.0
995,6192011811790,37,Lilas Couche Bébé 5-10 Confort Max Actif T3,14.5,16.8,-1,-14774017,1,0,13.0,43,0,1,6.0,0,14.5,0.0,0.0,0.0,15.85,14.5,16.798,5995.0
996,6192011811783,0,Lilas Couche Bébé 5-3 Confort Max Actif T2,15.25,16.05,-1,-14774017,1,0,7.0,43,0,1,6.0,0,12.815,0.0,0.0,19.0,5.25,12.815,13.488,5996.0
997,6192011809575,0,Ling Confort Max 20 Pcs,1.739,2.3,-1,-14774017,1,0,0.0,0,0,1,2.0,0,1.461,0.0,0.0,19.0,32.2,1.461,1.931,0.0
998,6192011808578,0,Lilas Lingette Bebe 72 Avec LID,4.089,5.203,-1,-14774017,1,0,10.0,0,0,1,2.0,0,3.436,0.0,0.0,19.0,27.25,3.436,4.372,4998.0
999,6192011803740,37,Lilas Clip Ultra Nuit 7,3.007,3.8,-1,-14774017,1,0,14.0,43,0,1,12.0,0,2.605,3.0,0.0,19.0,26.4,2.527,3.194,5999.0
1000,6192011813350,0,Lilas Clip Nuit 8 Parfume,2.541,3.2,-1,-14774017,1,0,0.0,43,0,1,12.0,0,2.541,0.0,0.0,0.0,25.92,2.541,3.2,41000.0
1001,6192011813336,0,Lilas Clip Normal 10 Parfume,2.933,3.5,-1,-14774017,1,0,105.0,43,0,1,12.0,0,2.541,3.0,0.0,19.0,19.33,2.465,2.941,41001.0
1002,6192011813343,0,Lilas Clip Super 9 Parfume,2.933,3.8,-1,-14774017,1,0,69.0,43,0,1,12.0,0,2.541,3.0,0.0,19.0,29.56,2.465,3.194,41002.0
1003,6192011813329,37,Lilas Clip Nuit 8 Plus,2.542,3.2,-1,-14774017,1,0,53.0,43,0,1,12.0,0,2.136,0.0,0.0,19.0,25.9,2.136,2.689,41003.0
1004,6192011813367,37,Lilas Clip Nuit 8 Plus Parfume,2.541,3.20166,-1,-14774017,1,0,35.0,43,0,1,12.0,0,2.541,0.0,0.0,0.0,26.0,2.541,3.20166,41004.0
1005,6192011803818,37,Lilas clip super 9 (bleu),2.527,3.2,-1,-14774017,1,0,15.0,43,0,1,12.0,0,2.189,3.0,0.0,19.0,26.66,2.123,2.689,81005.0
1006,6192011804280,37,Lilas Clip Nuit 8,2.437,3.1985625,-1,-14774017,1,0,0.0,43,0,1,12.0,0,2.437,0.0,0.0,0.0,31.25,2.437,3.1985625,51006.0
1007,6192011813701,0,Lilas Protege Slip Confort Plus Extra Long Parfume,2.911,3.3,-1,-14774017,1,0,2.0,43,0,1,12.0,0,2.911,0.0,0.0,0.0,13.35,2.911,3.3,41007.0
1008,6192011812155,0,Lilas Protege Slip Sensation Coton,2.911,3.3,-1,-14774017,1,0,54.0,43,0,1,12.0,0,2.911,0.0,0.0,0.0,13.35,2.911,3.3,41008.0
1009,6192011803771,37,Protege Slip Sensation Fraicheur,2.882,3.5,-1,-14774017,1,0,0.0,43,0,1,2.0,0,2.422,0.0,0.0,19.0,21.5,2.422,2.943,0.0
1010,6192011811530,0,Lilas lingette clean Lot de 3,5.7,6.9,-1,-14774017,1,0,12.0,43,0,1,2.0,0,5.7,0.0,0.0,0.0,21.05,5.7,6.9,51010.0
1011,6192011813831,30,Lilas lingette fantaisie Lot de 3,6.783,7.4,-1,-14774017,1,0,0.0,43,0,1,2.0,0,5.7,0.0,0.0,19.0,9.1,5.7,6.219,0.0
1012,6192011813855,30,Lilas lingette Bébé Lot de 3,6.783,8.2,-1,-14774017,1,0,0.0,43,0,1,2.0,0,5.7,0.0,0.0,19.0,20.9,5.7,6.891,0.0
1013,6192011813374,30,Lilas essuie-tout maxi XL,4.896,5.904,-1,-14774017,1,0,0.0,43,0,1,2.0,0,4.114,0.0,0.0,19.0,20.6,4.114,4.961,
1014,6192011813527,30,Lilas essuie-tout maxi XXL,7.499,9.0,-1,-14774017,1,0,0.0,43,0,1,2.0,0,6.302,0.0,0.0,19.0,20.0,6.302,7.562,0.0
1015,6192011810090,0,Lilas PH jaune fleuri,2.445,2.9,-1,-14774017,1,0,56.0,43,0,1,2.0,0,2.055,0.0,0.0,19.0,18.6,2.055,2.437,41015.0
1016,6192011813886,30,Lilas PH narcisse,1.773,3.0,-1,-14774017,1,0,2.0,43,0,1,2.0,0,1.49,0.0,0.0,19.0,69.2,1.49,2.521,41016.0
1017,6192011810212,30,Lilas essuie-tout Citron New Design,3.48,3.5,-1,-14774017,1,0,0.0,43,0,1,2.0,0,3.015,3.0,0.0,19.0,0.6,2.925,2.943,0.0
1018,6192011810359,30,Lilas essuie-tout Déco,3.406,3.5,-1,-14774017,1,0,0.0,43,0,1,2.0,0,2.862,0.0,0.0,19.0,2.7,2.862,2.939,0.0
1019,6192011813893,0,Lilas essuie-tout narcisse 230gr,1.889,2.5,-1,-14774017,1,0,-1.0,43,0,1,2.0,0,1.587,0.0,0.0,19.0,32.4,1.587,2.101,221019.0
1020,6192011808042,30,Lilas essuie-tout  Clean Blanc,1.871,2.5,-1,-14774017,1,0,0.0,43,0,1,2.0,0,1.572,0.0,0.0,19.0,33.5,1.572,2.099,0.0
1021,6192011810151,30,Lilas essuie-tout jaune fleuri,2.763,3.5,-1,-14774017,1,0,0.0,43,0,1,2.0,0,2.322,0.0,0.0,19.0,26.59,2.322,2.939,0.0
1022,6192011803108,0,Lilas Maternité Super De 15,3.708,4.9,-1,-14774017,1,0,28.0,43,0,1,2.0,0,3.708,0.0,0.0,0.0,32.14,3.708,4.9,41022.0
1028,6192011803689,0,Lilas Nett Classic *10 pactes,2.325,2.6,-1,-14774017,1,0,40.0,43,0,1,2.0,0,2.325,0.0,0.0,0.0,11.84,2.325,2.6,51028.0
1029,6192011810748,30,Lilas Nett Citron,2.349,2.7,-1,-14774017,1,0,0.0,43,0,1,2.0,0,1.974,0.0,0.0,19.0,15.0,1.974,2.27,
1030,6192011803702,0,Lilas Nett Menthe,2.348,3.0,-1,-14774017,1,0,2.0,43,0,1,2.0,0,1.973,0.0,0.0,19.0,27.78,1.973,2.521,51030.0
1031,6192011811905,0,Lilas couche Jumbo 15-25 Unisex,28.616,29.898,-1,-14774017,1,0,0.0,43,0,1,2.0,0,24.047,0.0,0.0,19.0,4.48,24.047,25.124,
1032,6192011811899,37,Lilas couche jumbo 9-18 Unisexe,28.616,29.898,-1,-14774017,1,0,0.0,43,0,1,2.0,0,24.047,0.0,0.0,19.0,4.48,24.047,25.124,
1033,6192011812643,0,Lilas couche jumbo 5-10 Confort Max T3,27.5,27.5,-1,-14774017,1,0,7.0,43,0,1,6.0,0,27.5,0.0,0.0,0.0,0.0,27.5,27.5,51033.0
1034,6192011812292,37,Lilas couche jumbo 15-25 Confort Max T5,28.501,29.9,-1,-14774017,1,0,0.0,43,0,1,6.0,0,28.501,0.0,0.0,0.0,4.91,28.501,29.9,51034.0
1035,6192011812285,37,Lilas couche jumbo 9-18 Confort Max T4,28.501,29.9,-1,-14774017,1,0,1.0,43,0,1,6.0,0,28.501,0.0,0.0,0.0,4.91,28.501,29.9,51035.0
1036,6192011804068,0,Lilas Serviette de Table 23*23,0.928,1.2,-1,-14774017,1,0,55.0,0,0,1,2.0,0,0.928,0.0,0.0,0.0,29.35,0.928,1.2,41036.0
1037,6192011814005,30,Lilas Serviette de table 30*30 Narcisse,1.179,1.6,-1,-14774017,1,0,1.0,0,0,1,2.0,0,0.991,0.0,0.0,19.0,36.0,0.991,1.348,0.0
1038,6190012515655,19,cachmir,0.666,1.0,-1,-14774017,1,0,0.0,0,0,1,2.0,0,0.56,0.0,0.0,19.0,50.0,0.56,0.84,
1039,6192409002014,32,Duvet Assouplissant 3L Bouquet d'orient,12.125,14.3,-1,-14774017,1,0,3.0,18,0,1,2.0,0,10.504,3.0,0.0,19.0,17.92,10.189,12.015,81039.0
1040,6192409001994,31,Duvet Assouplissant 3L Perles de lavande,12.125,14.3,-1,-14774017,1,0,2.0,18,0,1,2.0,0,10.504,3.0,0.0,19.0,17.92,10.189,12.015,81040.0
1041,6192409002038,31,Assouplissant Duvet Brise Matinal 3L,12.125,14.3,-1,-14774017,1,0,4.0,18,0,1,2.0,0,10.504,3.0,0.0,19.0,17.95,10.189,12.018,81041.0
1042,6192409005411,31,Dexel gel machine 3L auto pink flower,11.6399612,14.60349532152,-1,-14774017,1,0,0.0,18,0,1,2.0,0,10.084,3.0,0.0,19.0,25.46,9.78148,12.271844808,81042.0
1043,6192409005305,31,DET gel machine 2.5L lot  2en1,26.675,29.5,-1,-14774017,1,0,0.0,18,0,1,2.0,0,23.109,3.0,0.0,19.0,10.6,22.416,24.792,
1044,3152210229478,31,Vigor fraicheur verte 1300 ML,9.409,11.2,-1,-14774017,1,0,0.0,18,0,1,2.0,0,8.151,3.0,0.0,19.0,19.05,7.906,9.412,81044.0
1045,3152210229492,31,Vigor fraicheur apline 1300 ml,10.184,11.2,-1,-14774017,1,0,0.0,18,0,1,2.0,0,8.558,0.0,0.0,19.0,10.0,8.558,9.414,0.0
1046,6192409005428,31,Dexel gel machine 3L blue flower,11.598,14.6,-1,-14774017,1,0,0.0,18,0,1,2.0,0,10.048,3.0,0.0,19.0,25.87,9.747,12.269,81046.0
1047,6192409004186,0,Dex gel machine 3L auto Blue,14.3560291,16.89991745652,-1,-14774017,1,0,4.0,18,0,1,2.0,0,12.437,3.0,0.0,19.0,17.72,12.06389,14.201611308,81047.0
1048,6192409003998,31,Dex gel machine 3L Auto Doré,14.3560291,16.89991745652,-1,-14774017,1,0,3.0,18,0,1,2.0,0,12.437,3.0,0.0,19.0,17.72,12.06389,14.201611308,81048.0
1049,6192409003981,31,Dex gel machine 3L Auto Rose,14.3560291,16.89991745652,-1,-14774017,1,0,3.0,18,0,1,2.0,0,12.437,3.0,0.0,19.0,17.72,12.06389,14.201611308,81049.0
1050,6192409005190,0,Dex Rihana Lavande 1 L,1.94,2.5,-1,-14774017,1,0,7.0,18,0,1,2.0,0,1.681,3.0,0.0,19.0,28.83,1.631,2.101,81050.0
1051,6192409005206,31,Dex Rihana Rose 1L,2.1,2.499,-1,-14774017,1,0,0.0,18,0,1,2.0,0,1.765,0.0,0.0,19.0,19.0,1.765,2.1,81051.0
1052,6192409004780,31,DEX MULTI USAGE FRAICHEUR MATINALE 1L,3.88,4.7,-1,-14774017,1,0,2.0,18,0,1,2.0,0,3.361,3.0,0.0,19.0,21.2,3.26,3.951,0.0
1053,6192409004636,31,DEX Multiusage classic 1 L,3.88,4.7,-1,-14774017,1,0,4.0,18,0,1,2.0,0,3.361,3.0,0.0,19.0,21.2,3.26,3.951,81053.0
1054,6192409002007,31,Duvet Assouplissant  Bouquet d'orient 1 L,4.838,5.5,-1,-14774017,1,0,5.0,18,0,1,2.0,0,4.191,3.0,0.0,19.0,13.69,4.065,4.621,0.0
1055,6192409002021,31,Duvet Assouplissant 1L Brise Matinal,4.987,5.5,-1,-14774017,1,0,3.0,18,0,1,2.0,0,4.191,0.0,0.0,19.0,10.28,4.191,4.622,
1056,6192409002472,31,DET gel machine 3L+1L LOT,17.945,22.5,-1,-14774017,1,0,0.0,18,0,1,2.0,0,15.546,3.0,0.0,19.0,25.38,15.08,18.907,81056.0
1057,6192409004261,0,DET gel machine 2.5L+1L LOT 2en1,17.945,19.9,-1,-14774017,1,0,3.0,18,0,1,2.0,0,15.546,3.0,0.0,19.0,10.9,15.08,16.724,81057.0
1058,6192409005459,31,DET Poudre machine 4kg sac maxi,17.325,19.9,-1,-14774017,1,0,0.0,18,0,1,2.0,0,14.559,0.0,0.0,19.0,14.87,14.559,16.724,
1059,6192409005961,31,DEX AUTOMATIC PARFUM INTENSE BLEU 4KG,15.52,18.9,-1,-14774017,1,0,0.0,18,0,1,2.0,0,13.445,3.0,0.0,19.0,21.8,13.042,15.885,0.0
1060,2340511000006,29,Jaspé EDP femme Yara 10 ml,4.61482,5.999266,-1,-14774017,1,0,16.0,0,0,1,20.0,0,3.878,0.0,0.0,19.0,30.0,3.878,5.0414,11060.0
1061,2340513000004,29,Jaspé EDP femme YARA 30 ML,10.76831,13.998803,-1,-14774017,1,0,5.0,0,0,1,5.0,0,9.049,0.0,0.0,19.0,30.0,9.049,11.7637,11061.0
1062,6192409005978,0,DEX AUTOMATIC PARFUM INTENSE ROSE 4KG,15.5195635,17.89871258455,-1,-14774017,1,0,3.0,18,0,1,2.0,0,13.445,3.0,0.0,19.0,15.33,13.04165,15.040934945,81062.0
1063,2340515000002,29,Jaspé EDP femme YARA 50 ML,15.38432,19.999616,-1,-14774017,1,0,50.0,0,0,1,5.0,0,12.928,0.0,0.0,19.0,30.0,12.928,16.8064,11063.0
1064,6192409004087,31,DEXEL POUDRE ROSE 10KG,23.765,27.4,-1,-14774017,1,0,0.0,18,0,1,2.0,0,20.588,3.0,0.0,19.0,15.3,19.97,23.025,
1065,6192409005114,31,DET PARFUMANT VIOLET 3L,3.249,3.8,-1,-14774017,1,0,0.0,18,0,1,2.0,0,2.815,3.0,0.0,19.0,17.0,2.731,3.195,0.0
1066,6192409005121,31,DET PARFUMANT ROSE 3L,3.249,3.8,-1,-14774017,1,0,0.0,18,0,1,2.0,0,2.815,3.0,0.0,19.0,17.0,2.731,3.195,0.0
1067,6192409005138,31,DET PARFUMANT BLANC 3L,3.57,3.8,-1,-14774017,1,0,0.0,18,0,1,2.0,0,3.093,3.0,0.0,19.0,6.5,3.0,3.195,0.0
1068,6192409004933,31,DEX Multiusage classic  5 L,14.308,16.0,-1,-14774017,1,0,3.0,18,0,1,2.0,0,14.308,0.0,0.0,0.0,11.8,14.308,15.996,81068.0
1069,6192409004940,0,DEX Multiusage fraicheur matinale 5 L,14.3075485,16.00013148755,-1,-14774017,1,0,5.0,18,0,1,2.0,0,12.395,3.0,0.0,19.0,11.83,12.02315,13.445488645,81069.0
1070,6192409004964,30,DEX liquide vaisselle Citron  5 L,13.096,16.0,-1,-14774017,1,0,0.0,18,0,1,2.0,0,13.096,0.0,0.0,0.0,22.2,13.096,16.003,0.0
1071,6192409005787,31,DEXEL liquide vaisselle 3L,8.245,9.5,-1,-14774017,1,0,0.0,18,0,1,2.0,0,7.143,3.0,0.0,19.0,15.2,6.929,7.982,0.0
1072,2307751000005,29,Jaspé EDP homme versace eros 10 ml,4.61482,5.999266,-1,-14774017,1,0,8.0,0,0,1,20.0,0,3.878,0.0,0.0,19.0,30.0,3.878,5.0414,11072.0
1073,6192409005558,31,LAVAX nettoyant ménager 750ML,6.0,6.91,-1,-14774017,1,0,11.0,18,0,1,2.0,0,6.0,0.0,0.0,0.0,15.1,6.0,6.906,51073.0
1074,2307753000003,29,Jaspé EDP homme versace eros 30 ml,10.7695,14.00035,-1,-14774017,1,0,6.0,0,0,1,5.0,0,9.05,0.0,0.0,19.0,30.0,9.05,11.765,11074.0
1075,2307755000001,29,Jaspé EDP homme versace eros 50 ml,15.38432,19.999616,-1,-14774017,1,0,6.0,0,0,1,5.0,0,12.928,0.0,0.0,19.0,30.0,12.928,16.8064,11075.0
1076,6192409001802,0,DEX liquide vaisselle 600ML,2.668,3.2,-1,-14774017,1,0,12.0,18,0,1,2.0,0,2.311,3.0,0.0,19.0,19.94,2.242,2.689,81076.0
1077,6192409001826,31,DEX VITRES PISTOLET 500ML,3.298,3.8988956,-1,-14774017,1,0,12.0,18,0,1,2.0,0,3.298,0.0,0.0,0.0,18.22,3.298,3.8988956,81077.0
1078,6192409006159,31,DET liquide vaisselle lot peaux sensibles 2.5L+ 0.6L,12.308,14.9,-1,-14774017,1,0,0.0,18,0,1,4.0,0,10.663,3.0,0.0,19.0,21.05,10.343,12.52,81078.0
1079,3467361000006,29,Jaspé EDP homme lacoste bleu 10 ml,4.61482,5.999266,-1,-14774017,1,0,14.0,0,0,1,20.0,0,3.878,0.0,0.0,19.0,30.0,3.878,5.0414,11079.0
1080,3467363000042,29,Jaspé EDP homme Lacoste Bleu 30 ml,10.7695,14.00035,-1,-14774017,1,0,7.0,0,0,1,5.0,0,9.05,0.0,0.0,19.0,30.0,9.05,11.765,11080.0
1081,3467365000002,29,Jaspé EDP homme Lacoste Bleu 50 ml,15.38432,19.999616,-1,-14774017,1,0,4.0,0,0,1,5.0,0,12.928,0.0,0.0,19.0,30.0,12.928,16.8064,11081.0
1082,6192409003615,31,DET OXY LINGE COLORE 500G,9.45,10.4,-1,-14774017,1,0,0.0,18,0,1,2.0,0,7.941,0.0,0.0,19.0,10.0,7.941,8.735,0.0
1083,8017331085691,31,VIM COLOREX POWDER 500G,3.686,4.6,-1,-14774017,1,0,5.0,18,0,1,2.0,0,3.686,0.0,0.0,0.0,24.8,3.686,4.6,0.0
1084,3700141826305,31,PIERRE D'ARGENT 300G,18.689,20.5,-1,-14774017,1,0,4.0,18,0,1,2.0,0,15.705,0.0,0.0,19.0,9.7,15.705,17.228,0.0
1085,6192409002748,31,LAVAX GEL LAVE VAISSELLE 720 ml,15.035,17.799,-1,-14774017,1,0,4.0,18,0,1,2.0,0,13.025,3.0,0.0,19.0,18.39,12.634,14.957,81085.0
1086,6192409005282,31,DET liquide vaisselle lot 950ml+600ml,6.79,7.8,-1,-14774017,1,0,0.0,18,0,1,4.0,0,5.882,3.0,0.0,19.0,14.85,5.706,6.553,0.0
1088,6192409005688,0,DEX lave main 1L grand bleu,4.559,5.5,-1,-14774017,1,0,5.0,18,0,1,2.0,0,4.559,0.0,0.0,0.0,20.64,4.559,5.5,81088.0
1089,6192409006012,31,DEX lave main 350ml lot *2,4.915,5.85,-1,-14774017,1,0,4.0,18,0,1,5.0,0,4.258,3.0,0.0,19.0,19.0,4.13,4.915,81089.0
1090,6192409005701,31,DEX lave main 1L zestes de fraicheur,4.559,5.499,-1,-14774017,1,0,3.0,18,0,1,2.0,0,4.559,0.0,0.0,0.0,20.62,4.559,5.499,81090.0
1091,6192409005725,31,DEX lave main 1L brises de provence,4.559,5.4990658,-1,-14774017,1,0,14.0,18,0,1,2.0,0,4.559,0.0,0.0,0.0,20.62,4.559,5.4990658,81091.0
1092,2307901000008,29,Jaspé EDP homme  invictus paco rabanne 10 ml,4.61482,5.999266,-1,-14774017,1,0,8.0,0,0,1,20.0,0,3.878,0.0,0.0,19.0,30.0,3.878,5.0414,11092.0
1093,6192409005664,31,DEX lave main 1L coeur de fruits,4.559,5.499,-1,-14774017,1,0,10.0,18,0,1,2.0,0,4.559,0.0,0.0,0.0,20.62,4.559,5.499,81093.0
1094,2307903000006,0,Jaspé EDP homme  invictus paco rabanne 30 ml,10.7695,14.00035,-1,-14774017,1,0,7.0,0,0,1,5.0,0,9.05,0.0,0.0,19.0,30.0,9.05,11.765,11094.0
1095,2307905000004,0,Jaspé EDP homme  invictus paco rabanne 50 ml,15.38432,19.999616,-1,-14774017,1,0,8.0,0,0,1,5.0,0,12.928,0.0,0.0,19.0,30.0,12.928,16.8064,11095.0
1096,6192409004803,0,DET Javel classic 5L,5.178,6.0,-1,-14774017,1,0,18.0,18,0,1,2.0,0,4.58,5.0,0.0,19.0,15.88,4.351,5.042,81096.0
1097,6192409004711,31,DET Javel classic 3L,3.255,3.8,-1,-14774017,1,0,2.0,18,0,1,2.0,0,2.735,0.0,0.0,19.0,16.8,2.735,3.194,0.0
1098,6192409004728,31,DET Javel classic 1.5L,2.037,2.4,-1,-14774017,1,0,0.0,18,0,1,2.0,0,1.765,3.0,0.0,19.0,18.0,1.712,2.02,51098.0
1099,3401701000004,29,Jaspé EDP homme  Black XS l'excess 10 ml,4.61482,5.999266,-1,-14774017,1,0,6.0,0,0,1,20.0,0,3.878,0.0,0.0,19.0,30.0,3.878,5.0414,11099.0
1100,3401703000002,0,Jaspé EDP homme Black XS l'excess 30 ml,10.7695,14.00035,-1,-14774017,1,0,6.0,0,0,1,5.0,0,9.05,0.0,0.0,19.0,30.0,9.05,11.765,11100.0
1101,3401705000000,29,Jaspé EDP homme Black XS l'excess 50 ml,15.38432,19.999616,-1,-14774017,1,0,3.0,0,0,1,5.0,0,12.928,0.0,0.0,19.0,30.0,12.928,16.8064,11101.0
1102,6192409004810,31,TYR GM LAVANDE 500ML,4.883,5.4,-1,-14774017,1,0,0.0,18,0,1,2.0,0,4.103,0.0,0.0,19.0,10.6,4.103,4.538,0.0
1103,6192409003653,31,TYR GM CITRON 500ML,4.883,5.4,-1,-14774017,1,0,0.0,18,0,1,2.0,0,4.103,0.0,0.0,19.0,10.6,4.103,4.538,0.0
1104,6192409004827,0,TYR EMLAQ CITRON 750ML,5.833,7.4,-1,-14774017,1,0,11.0,18,0,1,2.0,0,4.902,0.0,0.0,19.0,26.86,4.902,6.219,81104.0
1105,6192409002502,31,TYR PM CITRON 300ML,3.675,4.5,-1,-14774017,1,0,0.0,18,0,1,2.0,0,3.088,0.0,0.0,19.0,22.5,3.088,3.783,0.0
1106,6192409005046,0,TYR EMLAQ LAVANDE 750ML,5.833,7.4,-1,-14774017,1,0,12.0,18,0,1,2.0,0,4.902,0.0,0.0,19.0,26.86,4.902,6.219,81106.0
1107,6192409005169,31,LAVAX WC VERT,3.989,4.4,-1,-14774017,1,0,1.0,18,0,1,2.0,0,3.352,0.0,0.0,19.0,10.25,3.352,3.696,0.0
1108,6192409005473,0,COTONA PAPIER H *12,5.675,6.899,-1,-14774017,1,0,0.0,18,0,1,2.0,0,4.916,3.0,0.0,19.0,21.58,4.769,5.798,81108.0
1109,6192409005497,31,COTONA MEGA,3.88,4.5,-1,-14774017,1,0,6.0,18,0,1,2.0,0,3.361,3.0,0.0,19.0,16.0,3.26,3.782,0.0
1110,6192409006005,31,COTONA SERVIETTE 30*30,1.428,1.6,-1,-14774017,1,0,1.0,18,0,1,2.0,0,1.2,0.0,0.0,19.0,12.0,1.2,1.344,0.0
1111,6192409005466,31,COTONA PAPIER H *4,2.0,2.5,-1,-14774017,1,0,1.0,18,0,1,2.0,0,1.681,0.0,0.0,19.0,25.0,1.681,2.101,0.0
1112,6192409005480,31,COTONA ESSUIE TOUT*2,2.0,2.5,-1,-14774017,1,0,0.0,18,0,1,2.0,0,1.681,0.0,0.0,19.0,25.0,1.681,2.101,0.0
1113,6192409005992,31,COTONA MOUCHOIR *24,2.02,2.7,-1,-14774017,1,0,0.0,18,0,1,2.0,0,1.75,3.0,0.0,19.0,33.8,1.698,2.272,81113.0
1114,6192409006142,31,DEX liquide vaisselle lot 3L+3L,22.0,24.2,-1,-14774017,1,0,0.0,18,0,1,2.0,0,18.487,0.0,0.0,19.0,10.0,18.487,20.336,0.0
1115,6192409004148,31,Dexel poudre mains citron 1KG,3.7180003,4.69992417923,-1,-14774017,1,0,7.0,18,0,1,2.0,0,3.221,3.0,0.0,19.0,26.41,3.12437,3.949516117,81115.0
1116,6192409003929,0,Dex poudre main rose extra power rose 1KG,3.7180003,4.50026756312,-1,-14774017,1,0,6.0,18,0,1,2.0,0,3.221,3.0,0.0,19.0,21.04,3.12437,3.781737448,81116.0
1119,6192409004476,31,Det poudre main fraicheur 2en1 1.2KG,4.93,5.8,-1,-14774017,1,0,0.0,18,0,1,2.0,0,4.271,3.0,0.0,19.0,17.64,4.143,4.874,0.0
1120,6192409004407,31,DET SAVON DE MARSEILLE 1.2KG,5.716,6.3,-1,-14774017,1,0,0.0,18,0,1,2.0,0,4.803,0.0,0.0,19.0,10.3,4.803,5.298,0.0
1121,2332631000004,29,Jaspé EDP homme stronger with you 10 ML,4.61482,5.999266,-1,-14774017,1,0,5.0,0,0,1,20.0,0,3.878,0.0,0.0,19.0,30.0,3.878,5.0414,11121.0
1122,2332633000002,0,Jaspé EDP homme stronger with you 30 ML,10.7695,14.00035,-1,-14774017,1,0,8.0,0,0,1,5.0,0,9.05,0.0,0.0,19.0,30.0,9.05,11.765,11122.0
1123,6192409004384,31,Det poudre main savon de marseille 200G,0.944,1.2,-1,-14774017,1,0,0.0,18,0,1,2.0,0,0.793,0.0,0.0,19.0,27.0,0.793,1.007,0.0
1124,2332635000000,29,Jaspé EDP homme stronger with you 50 ML,15.38432,19.999616,-1,-14774017,1,0,3.0,0,0,1,2.0,0,12.928,0.0,0.0,19.0,30.0,12.928,16.8064,11124.0
1125,3436511000005,29,Jaspé EDP femme oud vanille 10 ML,4.61482,5.999266,-1,-14774017,1,0,5.0,0,0,1,2.0,0,3.878,0.0,0.0,19.0,30.0,3.878,5.0414,11125.0
1126,3436513000003,29,Jaspé EDP femme oud vanille 30 ML,10.7695,14.00035,-1,-14774017,1,0,5.0,0,0,1,2.0,0,9.05,0.0,0.0,19.0,30.0,9.05,11.765,11126.0
1127,6192409005541,31,Det poudre main savon de marseille 280G,1.416,1.8,-1,-14774017,1,0,12.0,18,0,1,2.0,0,1.19,0.0,0.0,19.0,27.1,1.19,1.512,81127.0
1128,3436515000001,29,Jaspé EDP femme oud vanille  50 ML,15.38432,19.999616,-1,-14774017,1,0,4.0,0,0,1,2.0,0,12.928,0.0,0.0,19.0,30.0,12.928,16.8064,11128.0
1129,2340491000003,29,Jaspé EDP femme amirat al arab 10 ML,4.61482,5.999266,-1,-14774017,1,0,11.0,0,0,1,2.0,0,3.878,0.0,0.0,19.0,30.0,3.878,5.0414,11129.0
1130,3404930000012,0,Jaspé EDP femme amirat al arab 30 ML,10.77,14.0,-1,-14774017,1,0,5.0,0,0,1,2.0,0,9.05,0.0,0.0,19.0,30.0,9.05,11.765,11130.0
1131,6192409002687,31,DET poudre main 2en1 300G,1.364,1.5,-1,-14774017,1,0,0.0,18,0,1,2.0,0,1.146,0.0,0.0,19.0,10.0,1.146,1.261,51131.0
1132,2340495000009,0,Jaspé EDP femme amirat al arab 50 ML,15.38432,19.999616,-1,-14774017,1,0,1.0,0,0,1,2.0,0,12.928,0.0,0.0,19.0,30.0,12.928,16.8064,11132.0
1133,5019811000005,29,Jaspé EDP femme Gucci Bamboo 10 ML,4.61482,5.999266,-1,-14774017,1,0,2.0,0,0,1,2.0,0,3.878,0.0,0.0,19.0,30.0,3.878,5.0414,11133.0
1134,5019813000003,29,Jaspé EDP femme Gucci Bamboo 30 ML,10.7695,14.00035,-1,-14774017,1,0,4.0,0,0,1,2.0,0,9.05,0.0,0.0,19.0,30.0,9.05,11.765,11134.0
1135,5019815000001,29,Jaspé EDP femme Gucci Bamboo 50 ML,15.38432,19.999616,-1,-14774017,1,0,5.0,0,0,1,2.0,0,12.928,0.0,0.0,19.0,30.0,12.928,16.8064,11135.0
1136,6800481000001,29,Jaspé EDP femme idole lancome 10 ML,4.61482,5.999266,-1,-14774017,1,0,4.0,0,0,1,2.0,0,3.878,0.0,0.0,19.0,30.0,3.878,5.0414,11136.0
1137,6800485000007,29,Jaspé EDP femme idole lancome 50 ML,15.38432,19.999616,-1,-14774017,1,0,9.0,0,0,1,2.0,0,12.928,0.0,0.0,19.0,30.0,12.928,16.8064,11137.0
1138,6192409004490,31,DET poudre main 2en1 200G,0.916,1.0,-1,-14774017,1,0,0.0,18,0,1,2.0,0,0.77,0.0,0.0,19.0,9.5,0.77,0.843,
1139,6800483000009,0,Jaspé EDP femme idole lancome 30 ML,10.77,14.0,-1,-14774017,1,0,5.0,0,0,1,2.0,0,9.05,0.0,0.0,19.0,30.0,9.05,11.765,11139.0
1140,2336371000003,29,Jaspé EDP femme l'interdit givenchy 10 ML,4.61482,5.999266,-1,-14774017,1,0,5.0,0,0,1,2.0,0,3.878,0.0,0.0,19.0,30.0,3.878,5.0414,11140.0
1141,2336373000001,29,Jaspé EDP femme l'interdit givenchy 30 ML,10.7695,14.00035,-1,-14774017,1,0,5.0,0,0,1,2.0,0,9.05,0.0,0.0,19.0,30.0,9.05,11.765,11141.0
1142,2336375000009,0,Jaspé EDP femme l'interdit givenchy 50ML,15.38432,19.999616,-1,-14774017,1,0,4.0,0,0,1,2.0,0,12.928,0.0,0.0,19.0,30.0,12.928,16.8064,11142.0
1143,6192409005527,31,Dexel poudre main citron 280G,1.115,1.6,-1,-14774017,1,0,4.0,18,0,1,2.0,0,1.115,0.0,0.0,0.0,43.5,1.115,1.6,0.0
1144,3392021000006,29,Jaspé EDP femme victoria secret intense 10 ML,4.61482,5.999266,-1,-14774017,1,0,8.0,0,0,1,2.0,0,3.878,0.0,0.0,19.0,30.0,3.878,5.0414,11144.0
1145,3392023000004,29,Jaspé EDP femme victoria secret intense 30 ML,10.7695,14.00035,-1,-14774017,1,0,2.0,0,0,1,2.0,0,9.05,0.0,0.0,19.0,30.0,9.05,11.765,11145.0
1146,3392025000002,29,Jaspé EDP femme victoria secret intense 50 ML,15.38432,19.999616,-1,-14774017,1,0,5.0,0,0,1,2.0,0,12.928,0.0,0.0,19.0,30.0,12.928,16.8064,11146.0
1147,2329271000006,29,Jaspé EDP femme Mon Paris 10 ML,4.61482,5.999266,-1,-14774017,1,0,13.0,0,0,1,2.0,0,3.878,0.0,0.0,19.0,30.0,3.878,5.0414,11147.0
1148,6192409002366,31,Dexel poudre main citron 140G,0.615,0.7,-1,-14774017,1,0,1.0,18,0,1,2.0,0,0.517,0.0,0.0,19.0,12.98,0.517,0.584,
1149,2329273000004,29,Jaspé EDP femme Mon Paris 30 ml,10.7695,14.00035,-1,-14774017,1,0,5.0,0,0,1,4.0,0,9.05,0.0,0.0,19.0,30.0,9.05,11.765,11149.0
1150,2329275000002,29,Jaspé EDP femme Mon Paris 50 ml,15.38432,19.999616,-1,-14774017,1,0,4.0,0,0,1,2.0,0,12.928,0.0,0.0,19.0,30.0,12.928,16.8064,11150.0
1151,3388261000005,29,Jaspé EDP femme black opimum 10 ml,4.61482,5.999266,-1,-14774017,1,0,13.0,0,0,1,2.0,0,3.878,0.0,0.0,19.0,30.0,3.878,5.0414,11151.0
1152,3388263000003,0,Jaspé EDP femme black opimum 30 ml,10.77,14.0,-1,-14774017,1,0,4.0,0,0,1,2.0,0,9.05,0.0,0.0,19.0,30.0,9.05,11.765,11152.0
1153,3388265000001,29,Jaspé EDP femme black opimum 50 ml,15.38432,19.999616,-1,-14774017,1,0,5.0,0,0,1,2.0,0,12.928,0.0,0.0,19.0,30.0,12.928,16.8064,11153.0
1154,5009511000009,29,Jaspé EDP femme SI 10 ML,4.61482,5.999266,-1,-14774017,1,0,4.0,0,0,1,2.0,0,3.878,0.0,0.0,19.0,30.0,3.878,5.0414,11154.0
1155,5009513000007,0,Jaspé EDP femme SI 30 ML,10.77,14.0,-1,-14774017,1,0,6.0,0,0,1,2.0,0,9.05,0.0,0.0,19.0,30.0,9.05,11.765,11155.0
1156,5009515000005,29,Jaspé EDP femme SI 50 ML,15.38432,19.999616,-1,-14774017,1,0,6.0,0,0,1,2.0,0,12.928,0.0,0.0,19.0,30.0,12.928,16.8064,11156.0
1157,2324161000005,29,Jaspé EDP femme olympia 10 ML,4.61482,5.999266,-1,-14774017,1,0,7.0,0,0,1,2.0,0,3.878,0.0,0.0,19.0,30.0,3.878,5.0414,11157.0
1158,2324163000003,29,Jaspé EDP femme olympia 30 ML,10.7695,14.00035,-1,-14774017,1,0,5.0,0,0,1,2.0,0,9.05,0.0,0.0,19.0,30.0,9.05,11.765,11158.0
1159,6192409005503,31,Dex poudre main rose 280 G,1.115,1.6,-1,-14774017,1,0,0.0,18,0,1,2.0,0,1.115,0.0,0.0,0.0,43.5,1.115,1.6,0.0
1160,2324165000001,29,Jaspé EDP femme olympia 50 ML,15.38432,19.999616,-1,-14774017,1,0,4.0,0,0,1,2.0,0,12.928,0.0,0.0,19.0,30.0,12.928,16.8064,11160.0
1161,2332881000007,29,Jaspé EDP femme Scandal F 10 ml,4.61482,5.999266,-1,-14774017,1,0,20.0,0,0,1,2.0,0,3.878,0.0,0.0,19.0,30.0,3.878,5.0414,11161.0
1162,2332883000005,29,Jaspé EDP femme Scandal F 30 ml,10.7695,14.00035,-1,-14774017,1,0,7.0,0,0,1,2.0,0,9.05,0.0,0.0,19.0,30.0,9.05,11.765,11162.0
1163,2332885000003,29,Jaspé EDP femme Scandal F 50 ml,15.38432,19.999616,-1,-14774017,1,0,7.0,0,0,1,2.0,0,12.928,0.0,0.0,19.0,30.0,12.928,16.8064,11163.0
1164,6056431000007,29,Jaspé EDP homme chanel egoiste 10 ml,4.61482,5.999266,-1,-14774017,1,0,9.0,0,0,1,2.0,0,3.878,0.0,0.0,19.0,30.0,3.878,5.0414,11164.0
1165,6056433000005,0,Jaspé EDP homme chanel egoiste 30 ml,10.77,14.0,-1,-14774017,1,0,5.0,0,0,1,2.0,0,9.05,0.0,0.0,19.0,30.0,9.05,11.765,11165.0
1166,6192409005381,31,DEXEL ULTRA FRESH 200G,0.917,1.0,-1,-14774017,1,0,1.0,18,0,1,2.0,0,0.771,0.0,0.0,19.0,9.4,0.771,0.843,
1167,6192409002113,31,DEX ROSE EXTRA POWER 157G,0.63,0.7,-1,-14774017,1,0,0.0,18,0,1,2.0,0,0.529,0.0,0.0,19.0,10.5,0.529,0.585,51167.0
1168,6192409003899,31,DET Poudre machine 4kg+1kg anti-tache,16.975,20.5,-1,-14774017,1,0,2.0,18,0,1,2.0,0,16.975,0.0,0.0,0.0,20.78,16.975,20.502,81168.0
1169,6056435000003,29,Jaspé EDP homme chanel egoiste 50 ml,15.38432,19.999616,-1,-14774017,1,0,6.0,0,0,1,2.0,0,12.928,0.0,0.0,19.0,30.0,12.928,16.8064,11169.0
1170,3422721000003,29,Jaspé EDP homme sauvage 10 ml,4.61482,5.999266,-1,-14774017,1,0,18.0,0,0,1,2.0,0,3.878,0.0,0.0,19.0,30.0,3.878,5.0414,11170.0
1171,6192409003882,31,DET Poudre machine 4kg+1kg protege,16.975,20.5,-1,-14774017,1,0,0.0,18,0,1,2.0,0,16.975,0.0,0.0,0.0,20.75,16.975,20.497,81171.0
1172,3422723000001,0,Jaspé EDP homme sauvage 30 ml,10.7695,14.00035,-1,-14774017,1,0,6.0,0,0,1,2.0,0,9.05,0.0,0.0,19.0,30.0,9.05,11.765,11172.0
1173,3422725000009,29,Jaspé EDP homme sauvage 50 ml,15.38432,19.999616,-1,-14774017,1,0,8.0,0,0,1,2.0,0,12.928,0.0,0.0,19.0,30.0,12.928,16.8064,11173.0
1174,7092351000009,29,Jaspé EDP femme comme evidence yves rocher 10 ml,4.61482,5.999266,-1,-14774017,1,0,12.0,0,0,1,2.0,0,3.878,0.0,0.0,19.0,30.0,3.878,5.0414,11174.0
1175,7092353000007,29,Jaspé EDP femme comme evidence yves rocher 30 ml,10.77,14.0,-1,-14774017,1,0,5.0,0,0,1,2.0,0,9.05,0.0,0.0,19.0,30.0,9.05,11.765,0.0
1176,7092355000005,29,Jaspé EDP femme comme evidence yves rocher 50 ml,15.38432,19.999616,-1,-14774017,1,0,9.0,0,0,1,2.0,0,12.928,0.0,0.0,19.0,30.0,12.928,16.8064,11176.0
1177,5037811000009,29,Jaspé EDP femme my way 10 ml,4.61482,5.999266,-1,-14774017,1,0,3.0,0,0,1,2.0,0,3.878,0.0,0.0,19.0,30.0,3.878,5.0414,11177.0
1178,5037813000007,0,Jaspé EDP femme my way 30 ml,10.7695,14.00035,-1,-14774017,1,0,11.0,0,0,1,2.0,0,9.05,0.0,0.0,19.0,30.0,9.05,11.765,11178.0
1179,5037815000005,29,Jaspé EDP femme my way 50 ml,15.38432,19.999616,-1,-14774017,1,0,2.0,0,0,1,2.0,0,12.928,0.0,0.0,19.0,30.0,12.928,16.8064,11179.0
1180,3440351000002,29,Jaspé EDP femme hypnotic poison 10 ml,4.61482,5.999266,-1,-14774017,1,0,8.0,0,0,1,2.0,0,3.878,0.0,0.0,19.0,30.0,3.878,5.0414,11180.0
1181,3440353000000,29,Jaspé EDP femme hypnotic poison 30 ml,10.7695,14.00035,-1,-14774017,1,0,5.0,0,0,1,2.0,0,9.05,0.0,0.0,19.0,30.0,9.05,11.765,11181.0
1182,3440355000008,29,Jaspé EDP femme hypnotic poison 50 ml,15.38432,19.999616,-1,-14774017,1,0,9.0,0,0,1,2.0,0,12.928,0.0,0.0,19.0,30.0,12.928,16.8064,11182.0
1183,2320201000004,29,Jaspé EDP femme narciso poudrée 10 ml,4.61482,5.999266,-1,-14774017,1,0,1.0,0,0,1,4.0,0,3.878,0.0,0.0,19.0,30.0,3.878,5.0414,11183.0
1184,2320203000002,29,Jaspé EDP femme narciso poudrée 30 ml,10.7695,14.00035,-1,-14774017,1,0,5.0,0,0,1,2.0,0,9.05,0.0,0.0,19.0,30.0,9.05,11.765,11184.0
1185,2320205000000,29,Jaspé EDP femme narciso poudrée 50 ml,15.38432,19.999616,-1,-14774017,1,0,6.0,0,0,1,2.0,0,12.928,0.0,0.0,19.0,30.0,12.928,16.8064,11185.0
1186,2338301000008,29,Jaspé EDP homme hugo boss classique 10 ml,4.61482,5.999266,-1,-14774017,1,0,23.0,0,0,1,2.0,0,3.878,0.0,0.0,19.0,30.0,3.878,5.0414,11186.0
1187,2338303000006,29,Jaspé EDP hugo boss classique 30 ml,10.7695,14.00035,-1,-14774017,1,0,5.0,0,0,1,2.0,0,9.05,0.0,0.0,19.0,30.0,9.05,11.765,11187.0
1188,2338305000004,29,Jaspé EDP homme hugo boss classique 50 ml,15.38432,19.999616,-1,-14774017,1,0,6.0,0,0,1,2.0,0,12.928,0.0,0.0,19.0,30.0,12.928,16.8064,11188.0
1189,6192409002656,31,Dexel poudre main citron 10 KG,23.765,27.4,-1,-14774017,1,0,0.0,18,0,1,2.0,0,20.588,3.0,0.0,19.0,15.3,19.97,23.025,0.0
1190,5038681000007,29,Jaspé EDP homme scandal 10 ml,4.61482,5.999266,-1,-14774017,1,0,4.0,0,0,1,2.0,0,3.878,0.0,0.0,19.0,30.0,3.878,5.0414,11190.0
1191,5038683000005,29,Jaspé EDP homme scandal 30 ml,10.7695,14.00035,-1,-14774017,1,0,5.0,0,0,1,2.0,0,9.05,0.0,0.0,19.0,30.0,9.05,11.765,11191.0
1192,5038680000008,29,Jaspé EDP homme scandal 50 ml,15.38432,19.999616,-1,-14774017,1,0,1.0,0,0,1,2.0,0,12.928,0.0,0.0,19.0,30.0,12.928,16.8064,11192.0
1193,3564061000005,29,Jaspé EDP femme Narciso noir 10 ml,4.61482,5.999266,-1,-14774017,1,0,0.0,0,0,1,4.0,0,3.878,0.0,0.0,19.0,30.0,3.878,5.0414,11193.0
1194,3564063000003,0,Jaspé EDP femme Narciso noir 30 ml,10.7695,14.00035,-1,-14774017,1,0,4.0,0,0,1,4.0,0,9.05,0.0,0.0,19.0,30.0,9.05,11.765,11194.0
1195,3564065000001,29,Jaspé EDP femme Narciso noir  50 ml,15.38432,19.999616,-1,-14774017,1,0,8.0,0,0,1,2.0,0,12.928,0.0,0.0,19.0,30.0,12.928,16.8064,11195.0
1196,6800491000008,29,Jaspé EDP femme libre 10 ml,4.61482,5.999266,-1,-14774017,1,0,2.0,0,0,1,2.0,0,3.878,0.0,0.0,19.0,30.0,3.878,5.0414,11196.0
1197,6800493000006,29,Jaspé EDP femme libre 30 ml,10.7695,14.00035,-1,-14774017,1,0,8.0,0,0,1,2.0,0,9.05,0.0,0.0,19.0,30.0,9.05,11.765,11197.0
1198,6800495000004,29,Jaspé EDP femme libre 50 ml,15.38432,19.999616,-1,-14774017,1,0,5.0,0,0,1,2.0,0,12.928,0.0,0.0,19.0,30.0,12.928,16.8064,11198.0
1199,3534941000005,29,Jaspé EDP homme 212 NYC 10 ml,4.61482,5.999266,-1,-14774017,1,0,11.0,0,0,1,2.0,0,3.878,0.0,0.0,19.0,30.0,3.878,5.0414,11199.0
1200,3534943000003,29,Jaspé EDP homme 212 NYC 30 ml,10.77,14.0,-1,-14774017,1,0,5.0,0,0,1,2.0,0,9.05,0.0,0.0,19.0,30.0,9.05,11.765,11200.0
1201,3534945000001,29,Jaspé EDP homme 212 NYC 50 ml,15.38432,19.999616,-1,-14774017,1,0,10.0,0,0,1,2.0,0,12.928,0.0,0.0,19.0,30.0,12.928,16.8064,11201.0
1202,3383151000004,29,Jaspé EDP femme flora 10 ml,4.61482,5.999266,-1,-14774017,1,0,13.0,0,0,1,2.0,0,3.878,0.0,0.0,19.0,30.0,3.878,5.0414,11202.0
1203,3383153000002,29,Jaspé EDP femme flora  30 ml,10.7695,14.00035,-1,-14774017,1,0,5.0,0,0,1,2.0,0,9.05,0.0,0.0,19.0,30.0,9.05,11.765,11203.0
1204,3383155000000,29,Jaspé EDP femme flora 50 ml,15.38432,19.999616,-1,-14774017,1,0,5.0,0,0,1,2.0,0,12.928,0.0,0.0,19.0,30.0,12.928,16.8064,11204.0
1205,6068221000005,29,Jaspé EDP homme Black XS 10 ML,4.61482,5.999266,-1,-14774017,1,0,8.0,0,0,1,2.0,0,3.878,0.0,0.0,19.0,30.0,3.878,5.0414,11205.0
1206,6068223000003,29,Jaspé EDP homme BLACK XS 30 ML,10.7695,14.00035,-1,-14774017,1,0,6.0,0,0,1,2.0,0,9.05,0.0,0.0,19.0,30.0,9.05,11.765,11206.0
1207,6068225000001,29,Jaspé EDP homme Black XS 50 ML,15.38432,19.999616,-1,-14774017,1,0,9.0,0,0,1,2.0,0,12.928,0.0,0.0,19.0,30.0,12.928,16.8064,11207.0
1208,2392801000005,29,Jaspé EDP homme Blue chanel 10 ml,4.61482,5.999266,-1,-14774017,1,0,4.0,0,0,1,2.0,0,3.878,0.0,0.0,19.0,30.0,3.878,5.0414,11208.0
1209,2392803000003,29,Jaspé EDP homme Blue Chanel 30 ml,10.7695,14.00035,-1,-14774017,1,0,3.0,0,0,1,2.0,0,9.05,0.0,0.0,19.0,30.0,9.05,11.765,11209.0
1210,2392805000001,29,Jaspé EDP homme Blue Chanel 50 ml,15.38432,19.999616,-1,-14774017,1,0,3.0,0,0,1,2.0,0,12.928,0.0,0.0,19.0,30.0,12.928,16.8064,11210.0
1211,6192409005183,0,LAVAX WC VIOLLET,3.989,4.4,-1,-14774017,1,0,1.0,0,0,1,2.0,0,3.352,0.0,0.0,19.0,10.2,3.352,3.694,0.0
1212,MR10-927,0,gurlande papa noel,3.8,3.8,-1,-14774017,1,0,0.0,0,0,1,2.0,0,3.193,0.0,0.0,19.0,0.0,3.193,3.193,0.0
1214,12541254,0,Sapin Blanc 240 cm,152.32,228.48,-1,-14774017,1,0,0.0,0,0,1,2.0,0,128.0,0.0,0.0,19.0,50.0,128.0,192.0,0.0
1219,1458785421005,0,Manche flexible tonikta,14.28,18.56,-1,-14774017,1,0,1.0,0,0,1,2.0,0,12.0,0.0,0.0,19.0,30.0,12.0,15.6,0.0
1220,8697926014383,0,Class Deo Kids Spray Anime 125ML,4.046,7.9,-1,-14774017,1,0,2.0,0,0,1,2.0,0,4.0,15.0,0.0,19.0,95.3,3.4,6.64,0.0
1221,8697926014413,12,Class Deo Kids Spray comic125ML,4.046,4.9,-1,-14774017,1,0,1.0,20,0,1,2.0,0,4.0,15.0,0.0,19.0,21.0,3.4,4.114,0.0
1222,8697926014420,0,Class Deo Kids Spray Cute 125 ML,4.046,4.9,-1,-14774017,1,0,0.0,0,0,1,2.0,0,4.0,15.0,0.0,19.0,21.0,3.4,4.114,0.0
1223,6001067004936,24,COLGATE BROSSE A DENT  ZIGZAG,3.866,4.9,-1,-14774017,1,0,28.0,16,0,1,2.0,0,3.822,15.0,0.0,19.0,26.73,3.249,4.117,11223.0
1224,6001067775096,24,COLGATE BROSSE A DENT  6+ BATMAN,6.322,7.9,-1,-14774017,1,0,0.0,16,0,1,2.0,0,5.313,0.0,0.0,19.0,25.0,5.313,6.641,0.0
1225,6001067017530,24,COLGATE BROSSE A DENT  2-5 BATMAN/BARBIE,6.322,7.9,-1,-14774017,1,0,0.0,16,0,1,2.0,0,5.313,0.0,0.0,19.0,25.0,5.313,6.641,0.0
1226,6001067004943,24,COLGATE BROSSE A DENT MIDUIM ZIGZAG,3.866,4.9,-1,-14774017,1,0,20.0,16,0,1,2.0,0,3.822,15.0,0.0,19.0,26.8,3.249,4.12,0.0
1227,8718951508002,24,Colgate dentifrices 75ml total blancheur naturelle,4.427,6.2,-1,-14774017,1,0,6.0,16,0,1,2.0,0,4.65,20.0,0.0,19.0,40.1,3.72,5.212,
1228,7891024133545,0,COLGATE dentifrices 75ml HERBEL,2.628,3.5,-1,-14774017,1,0,24.0,16,0,1,2.0,0,2.325,5.0,0.0,19.0,33.18,2.209,2.942,251228.0
1229,8718951553064,24,Colgate dentifrices maxclean,4.44,5.6,-1,-14774017,1,0,0.0,16,0,1,2.0,0,4.389,15.0,0.0,19.0,26.1,3.731,4.705,
1230,6281001112037,0,colgate dentifrices Triple action,2.6284125,3.4905318,-1,-14774017,1,0,36.0,16,0,1,2.0,0,2.325,5.0,0.0,19.0,32.8,2.20875,2.93322,251230.0
1231,7891024124826,24,Colgate dentifrices Optic White,6.65,8.3,-1,-14774017,1,0,0.0,16,0,1,2.0,0,6.985,20.0,0.0,19.0,24.85,5.588,6.977,
1232,6920354821660,24,Colgate dentifrices natural extracts lemon,6.2341125,7.80199179375,-1,-14774017,1,0,14.0,16,0,1,2.0,0,6.985,25.0,0.0,19.0,25.15,5.23875,6.556295625,11232.0
1233,8718951553828,24,Colgate dentifrices Max white,4.036,4.9,-1,-14774017,1,0,13.0,16,0,1,2.0,0,3.99,15.0,0.0,19.0,21.4,3.392,4.118,251233.0
1234,6920354823152,24,Colgate dentifrices natural charcoal,6.2341125,7.80199179375,-1,-14774017,1,0,17.0,16,0,1,2.0,0,6.985,25.0,0.0,19.0,25.15,5.23875,6.556295625,11234.0
1235,8714789878119,24,Colgate dentifrices Barbie 6+,4.11,5.2,-1,-14774017,1,0,0.0,16,0,1,2.0,0,3.454,0.0,0.0,19.0,26.5,3.454,4.369,
1236,6920354812866,24,Colgate dentifrices 50ml bubble fruit 2-5 ans,3.094,3.9,-1,-14774017,1,0,4.0,16,0,1,2.0,0,2.6,0.0,0.0,19.0,26.05,2.6,3.277,
1237,6920354834486,24,Colgate dentifrices natural with habba souda,6.2341125,7.80199179375,-1,-14774017,1,0,11.0,16,0,1,2.0,0,6.985,25.0,0.0,19.0,25.15,5.23875,6.556295625,11237.0
1238,8718951552623,24,Colgate dentifrices 75ml max frech menthe douce,4.035885,4.89956439,-1,-14774017,1,0,17.0,16,0,1,2.0,0,3.99,15.0,0.0,19.0,21.4,3.3915,4.117281,251238.0
1239,8718951580909,24,Colgate dentifrices sensation white,4.036,4.9,-1,-14774017,1,0,17.0,16,0,1,2.0,0,3.99,15.0,0.0,19.0,21.4,3.392,4.118,251239.0
1240,8718951290952,24,Colgate dentifrices 75ml max fresh menthe propre,4.036,4.9,-1,-14774017,1,0,5.0,16,0,1,2.0,0,3.99,15.0,0.0,19.0,21.4,3.392,4.118,251240.0
1241,8714789930848,0,Colgate dentifrices 75ml optic white instant,6.045,7.8,-1,-14774017,1,0,0.0,16,0,1,2.0,0,6.35,20.0,0.0,19.0,29.03,5.08,6.555,
1242,6920354835810,0,Colgate dentifrices Miswak 75 ml,2.6284125,3.4905318,-1,-14774017,1,0,33.0,16,0,1,2.0,0,2.325,5.0,0.0,19.0,32.8,2.20875,2.93322,251242.0
1243,8718951507975,24,Colgate dentifrices Total Clasique,4.869,6.2,-1,-14774017,1,0,1.0,16,0,1,2.0,0,5.115,20.0,0.0,19.0,27.3,4.092,5.209,
1244,8718951551817,0,Soupline Concentré LAVANDE 200 ml,9.084,9.95,-1,-14774017,1,0,4.0,0,0,1,2.0,0,7.634,0.0,0.0,19.0,9.5,7.634,8.359,0.0
1245,8718951551725,0,Soupline Concentré GRAND AIR 200 ml,8.63,9.95,-1,-14774017,1,0,4.0,16,0,1,2.0,0,7.634,5.0,0.0,19.0,15.3,7.252,8.362,0.0
1246,6001067007289,24,Colgate Brosse a dent  Double action Meduim,1.865,2.4,-1,-14774017,1,0,38.0,16,0,1,2.0,0,1.65,5.0,0.0,19.0,28.6,1.568,2.016,11246.0
1247,8718951412057,24,Colgate Brosse a dent  double action Charcoal M,3.866,4.5,-1,-14774017,1,0,60.0,16,0,1,2.0,0,3.822,15.0,0.0,19.0,16.4,3.249,3.782,11247.0
1248,6001067024262,24,Colgate Brosse a dent  Twister,3.487,4.5,-1,-14774017,1,0,61.0,16,0,1,2.0,0,3.256,10.0,0.0,19.0,29.05,2.93,3.781,11248.0
1249,6001067157182,24,Colgate Brose a dents  zigzag charocal Meduim,3.866,4.9,-1,-14774017,1,0,36.0,16,0,1,2.0,0,3.822,15.0,0.0,19.0,26.68,3.249,4.116,0.0
1250,6192002406639,0,Judy desorisant 2L Fleur rose,3.55,4.302,-1,-14774017,1,0,2.0,17,0,1,2.0,0,2.983,0.0,0.0,19.0,21.2,2.983,3.615,
1251,6192002406660,0,Judy desorisant 2L azur + 0.5L gratuit,3.75,4.8,-1,-14774017,1,0,0.0,17,0,1,2.0,0,3.151,0.0,0.0,19.0,28.01,3.151,4.034,31251.0
1252,6192002403140,0,JUDY Javel classic 1.5L,3.09043,3.400400129,-1,-14774017,1,0,1.0,17,0,1,2.0,0,2.597,0.0,0.0,19.0,10.03,2.597,2.8574791,31252.0
1253,6192002403133,0,JUDY Javel classic 3L+1L gratuit,3.513,4.2,-1,-14774017,1,0,50.0,17,0,1,2.0,0,2.952,0.0,0.0,19.0,19.56,2.952,3.529,31253.0
1254,²6192002406646,30,Judy desorisant 2L Lavande +0.5L Gratuit,3.125,4.3,-1,-14774017,1,0,0.0,17,0,1,2.0,0,2.626,0.0,0.0,19.0,37.59,2.626,3.613,
1255,6192002406646,0,Judy desorisant 2L Lavande +0.5L Gratuit,3.658,4.298,-1,-14774017,1,0,11.0,17,0,1,2.0,0,3.074,0.0,0.0,19.0,17.5,3.074,3.612,
1256,6192002406677,0,Judy desorisant 2L Blanc,3.0,4.302,-1,-14774017,1,0,0.0,17,0,1,2.0,0,2.521,0.0,0.0,19.0,43.4,2.521,3.615,
1257,6192002406653,0,Judy desorisant 2L Jasmin + 0.5 L Gratuit,3.251,4.3,-1,-14774017,1,0,8.0,17,0,1,2.0,0,2.732,0.0,0.0,19.0,32.25,2.732,3.613,31257.0
1258,6192002403232,0,JUDY Javel Parfumé Forét 3 L,4.15,4.8,-1,-14774017,1,0,0.0,17,0,1,2.0,0,3.487,0.0,0.0,19.0,15.67,3.487,4.033,31258.0
1259,6192002403584,0,JUDY Javel Parfumé  Fleurs 3L,4.15,4.8,-1,-14774017,1,0,0.0,17,0,1,2.0,0,3.487,0.0,0.0,19.0,15.67,3.487,4.033,31259.0
1260,6192002403294,0,JUDY Javel Parfumé  Citron 3L,4.15,4.8,-1,-14774017,1,0,0.0,17,0,1,2.0,0,3.487,0.0,0.0,19.0,15.67,3.487,4.033,51260.0
1261,6192002403300,0,JUDY Javel Parfumé  Lavande 3L,4.15,4.8,-1,-14774017,1,0,0.0,17,0,1,2.0,0,3.487,0.0,0.0,19.0,15.67,3.487,4.033,31261.0
1262,6192002403034,0,JUDY Javel classic 1L,1.96,2.401,-1,-14774017,1,0,0.0,17,0,1,2.0,0,1.647,0.0,0.0,19.0,22.5,1.647,2.018,
1263,6192002402815,30,Judy Dégraissant 0.45L,5.60014,6.89937248,-1,-14774017,1,0,9.0,17,0,1,2.0,0,4.706,0.0,0.0,19.0,23.2,4.706,5.797792,51263.0
1264,6192002402280,0,Judy Pistolet 5 Vitre 3en1 bleu 00 ml,4.66,5.6,-1,-14774017,1,0,17.0,17,0,1,2.0,0,3.916,0.0,0.0,19.0,20.17,3.916,4.706,31264.0
1265,6192002408244,0,Judy Sol Surface 800 ml Brise,4.787,5.4,-1,-14774017,1,0,1.0,17,0,1,2.0,0,4.023,0.0,0.0,19.0,12.8,4.023,4.538,31265.0
1266,6192002401887,30,Judy Sol Surface 800 ml Lavande,4.501,5.3,-1,-14774017,1,0,0.0,17,0,1,2.0,0,3.782,0.0,0.0,19.0,17.8,3.782,4.455,0.0
1267,6192002401894,0,Judy Sol Surface 800 ml Pomme,4.787,5.4,-1,-14774017,1,0,10.0,17,0,1,2.0,0,4.023,0.0,0.0,19.0,12.8,4.023,4.538,31267.0
1268,6192002401917,0,Judy Sol Surface 800 ml Savon,4.787,5.4,-1,-14774017,1,0,9.0,17,0,1,2.0,0,4.023,0.0,0.0,19.0,12.8,4.023,4.538,31268.0
1269,6192002406196,30,Judy Détartrant Floral  0.5L,3.795,4.402,-1,-14774017,1,0,0.0,17,0,1,2.0,0,3.189,0.0,0.0,19.0,15.99,3.189,3.699,31269.0
1270,6192002406189,0,Judy Détartrant 0.5 L Citron,3.995,4.6,-1,-14774017,1,0,13.0,17,0,1,2.0,0,3.357,0.0,0.0,19.0,15.16,3.357,3.866,31270.0
1271,6192002406202,0,Judy Détartrant 0.5 L Péche,3.995,4.6,-1,-14774017,1,0,12.0,17,0,1,2.0,0,3.357,0.0,0.0,19.0,15.16,3.357,3.866,31271.0
1272,6192002406219,0,Judy Détartrant  Marine 0.5 L,3.995,4.6,-1,-14774017,1,0,10.0,17,0,1,2.0,0,3.357,0.0,0.0,19.0,15.16,3.357,3.866,31272.0
1273,6192002408558,30,Judy linge savon auto 2.6 L,15.0,16.5,-1,-14774017,1,0,9.0,17,0,1,2.0,0,12.605,0.0,0.0,19.0,10.0,12.605,13.866,31273.0
1274,6192002408541,30,Judy linge Flower auto 2.6 L,13.8,16.501,-1,-14774017,1,0,13.0,17,0,1,2.0,0,11.597,0.0,0.0,19.0,19.57,11.597,13.867,31274.0
1275,6192002401368,30,Judy Nettoyant Savon 3L,9.461,10.9,-1,-14774017,1,0,1.0,17,0,1,2.0,0,7.95,0.0,0.0,19.0,15.22,7.95,9.16,0.0
1276,6192002401269,30,Judy Nettoyant Pomme 3L,9.461,10.9,-1,-14774017,1,0,3.0,17,0,1,2.0,0,7.95,0.0,0.0,19.0,15.22,7.95,9.16,0.0
1277,6192002420147,30,Judy Nettoyant  Océan 3L,8.0,10.9,-1,-14774017,1,0,0.0,17,0,1,2.0,0,6.723,0.0,0.0,19.0,36.24,6.723,9.159,0.0
1278,6192002401245,30,Judy Nettoyant  Citron 3L,9.461,10.9,-1,-14774017,1,0,1.0,17,0,1,2.0,0,7.95,0.0,0.0,19.0,15.2,7.95,9.158,0.0
1279,6192002403508,0,JUDY Javel classic 4.5 L,5.79768,5.899719168,-1,-14774017,1,0,1.0,17,0,1,2.0,0,4.872,0.0,0.0,19.0,1.76,4.872,4.9577472,31279.0
1280,123123,19,SAC,0.2,0.2,-1,-14774017,1,1,614.0,0,0,1,2.0,0,0.2,0.0,0.0,0.0,0.0,0.2,0.2,0.0
1281,8809900185013,0,Tablet 8501c,13.09,17.02,-1,-14774017,1,0,0.0,0,0,1,2.0,0,11.0,0.0,0.0,19.0,30.0,11.0,14.3,0.0
1282,8809900112019,0,Tablet 1201c,19.635,25.53,-1,-14774017,1,0,0.0,0,0,1,2.0,0,16.5,0.0,0.0,19.0,30.0,16.5,21.45,0.0
1283,8809900110015,0,Tablet 1001c,15.708,20.58,-1,-14774017,1,0,1.0,0,0,1,2.0,0,13.2,0.0,0.0,19.0,31.0,13.2,17.292,0.0
1284,6190001211124,0,Parapluie (2-17),9.818,13.99,-1,-14774017,1,0,8.0,0,0,1,2.0,0,8.25,0.0,0.0,19.0,42.5,8.25,11.756,11284.0
1285,6190000011121,0,Parapluie (2-4),17.672,23.899,-1,-14774017,1,0,1.0,0,0,1,2.0,0,14.85,0.0,0.0,19.0,35.24,14.85,20.083,11285.0
1286,6192477621858,30,Lilas liquide vaisselle pomme 580ML,2.743,3.8,-1,-14774017,1,0,0.0,43,0,1,2.0,0,2.305,0.0,0.0,19.0,38.53,2.305,3.193,0.0
1287,6192011813534,30,Lilas esuito mega,9.788,11.5,-1,-14774017,1,0,0.0,43,0,1,2.0,0,8.225,0.0,0.0,19.0,17.5,8.225,9.664,0.0
1288,6291169719856,4,Vatika  Huile Cheveux Ghergir 200 ml,6.664,8.7,-1,-14774017,1,0,4.0,47,0,1,2.0,0,5.6,0.0,0.0,19.0,30.5,5.6,7.308,0.0
1290,6192477610494,0,Lilas poudre machine FI 5Kg Dont (1.25KG Gratuit),21.798,24.9,-1,-14774017,1,0,3.0,0,0,1,2.0,0,18.318,0.0,0.0,19.0,14.23,18.318,20.925,221290.0
1291,6192477610500,0,Lilas poudre machine SDM 5KG (Dont 1.25KG gratuit),21.798,24.9,-1,-14774017,1,0,3.0,0,0,1,2.0,0,18.318,0.0,0.0,19.0,14.23,18.318,20.925,221291.0
1292,8879303960104,22,KODAK LR1,3.856,5.0,-1,-14774017,1,0,0.0,4,0,1,2.0,0,3.24,0.0,0.0,19.0,29.6,3.24,4.199,0.0
1293,8053264518431,0,Mood Teinture 6.1,7.045,9.799,-1,-14774017,1,0,9.0,0,0,1,5.0,0,6.578,10.0,0.0,19.0,39.1,5.92,8.235,11293.0
1294,8053264518479,0,Mood Teinture 5,7.045,9.799,-1,-14774017,1,0,10.0,48,0,1,5.0,0,6.578,10.0,0.0,19.0,39.1,5.92,8.235,11294.0
1295,8053264518523,0,Mood Teinture 5.00,7.045,9.799,-1,-14774017,1,0,6.0,48,0,1,5.0,0,6.578,10.0,0.0,19.0,39.1,5.92,8.235,11295.0
1296,8050327685697,0,Mood Teinture 6.11,7.045,9.799,-1,-14774017,1,0,10.0,48,0,1,5.0,0,6.578,10.0,0.0,19.0,39.1,5.92,8.235,11296.0
1297,8053264518400,0,Mood Teinture 6,7.045,9.799,-1,-14774017,1,0,9.0,48,0,1,5.0,0,6.578,10.0,0.0,19.0,39.1,5.92,8.235,51297.0
1298,8053264518578,0,Mood Teinture 1,7.045038,9.799647858,-1,-14774017,1,0,6.0,48,0,1,5.0,0,6.578,10.0,0.0,19.0,39.1,5.9202,8.2349982,11298.0
1299,8053264518462,0,Mood Teinture 6.00,7.045,9.799,-1,-14774017,1,0,0.0,48,0,1,5.0,0,6.578,10.0,0.0,19.0,39.1,5.92,8.235,
1300,8053264518561,0,Mood Teinture 3.00,7.045,9.8,-1,-14774017,1,0,0.0,48,0,1,5.0,0,6.578,10.0,0.0,19.0,39.1,5.92,8.235,
1301,8053264518615,0,Mood Teinture 6.34,7.045,9.8,-1,-14774017,1,0,1.0,48,0,1,5.0,0,6.578,10.0,0.0,19.0,39.1,5.92,8.235,
1302,8053264518646,0,Mood Teinture 5.34,7.045,9.8,-1,-14774017,1,0,10.0,48,0,1,5.0,0,6.578,10.0,0.0,19.0,39.1,5.92,8.235,
1303,8053264518202,0,Mood Teinture 10.00,7.045,9.799,-1,-14774017,1,0,12.0,48,0,1,5.0,0,6.578,10.0,0.0,19.0,39.1,5.92,8.235,11303.0
1304,8053264518219,0,Mood Teinture 9,7.045,9.799,-1,-14774017,1,0,10.0,48,0,1,5.0,0,6.578,10.0,0.0,19.0,39.1,5.92,8.235,11304.0
1305,8053264518530,0,Mood Teinture 4,7.045,9.799,-1,-14774017,1,0,9.0,48,0,1,5.0,0,6.578,10.0,0.0,19.0,39.1,5.92,8.235,11305.0
1306,8053264518547,0,Mood Teinture 4.00,7.045,9.799,-1,-14774017,1,0,9.0,48,0,1,5.0,0,6.578,10.0,0.0,19.0,39.1,5.92,8.235,11306.0
1307,8053264518264,0,Mood Teinture 9.00,7.045,9.799,-1,-14774017,1,0,8.0,48,0,1,5.0,0,6.578,10.0,0.0,19.0,39.1,5.92,8.235,11307.0
1308,8053264518240,0,Mood Teinture 9.1,7.045,9.799,-1,-14774017,1,0,7.0,48,0,1,5.0,0,6.578,10.0,0.0,19.0,39.1,5.92,8.235,11308.0
1309,8050327685680,0,Mood Teinture 5.11,7.045,9.799,-1,-14774017,1,0,10.0,48,0,1,5.0,0,6.578,10.0,0.0,19.0,39.1,5.92,8.235,
1310,8053264518318,0,Mood Teinture 8.1,7.045038,9.799647858,-1,-14774017,1,0,9.0,48,0,1,5.0,0,6.578,10.0,0.0,19.0,39.1,5.9202,8.2349982,11310.0
1311,8050327685703,0,Mood Teinture 7.11,7.045,9.799,-1,-14774017,1,0,9.0,48,0,1,5.0,0,6.578,10.0,0.0,19.0,39.1,5.92,8.235,11311.0
1312,8053264518196,0,Mood Teinture 10,7.045,9.799,-1,-14774017,1,0,9.0,48,0,1,5.0,0,6.578,10.0,0.0,19.0,39.1,5.92,8.235,11312.0
1313,8050327685710,0,Mood Teinture 8.11,7.045,9.799,-1,-14774017,1,0,11.0,48,0,1,5.0,0,6.578,10.0,0.0,19.0,39.1,5.92,8.235,11313.0
1314,8050327685727,0,Mood Teinture 9.11,7.045,9.799,-1,-14774017,1,0,11.0,48,0,1,5.0,0,6.578,10.0,0.0,19.0,39.1,5.92,8.235,51314.0
1315,8053264518592,6,Mood Teinture 8.38,7.045,9.8,-1,-14774017,1,0,8.0,48,0,1,5.0,0,6.578,10.0,0.0,19.0,39.1,5.92,8.235,
1316,8053264518394,0,Mood Teinture 7.00,7.045,9.8,-1,-14774017,1,0,8.0,48,0,1,5.0,0,6.578,10.0,0.0,19.0,39.11,5.92,8.235,11316.0
1317,8053264518271,0,Mood Teinture 8,7.045,9.799,-1,-14774017,1,0,10.0,48,0,1,5.0,0,6.578,10.0,0.0,19.0,39.1,5.92,8.235,51317.0
1318,8053264518813,0,Mood Teinture 7.48,7.045,9.799,-1,-14774017,1,0,10.0,48,0,1,5.0,0,6.578,10.0,0.0,19.0,39.1,5.92,8.235,
1319,8053264518820,0,Mood Teinture 7.44,7.045,9.799,-1,-14774017,1,0,10.0,48,0,1,5.0,0,6.578,10.0,0.0,19.0,39.1,5.92,8.235,11319.0
1320,8053264518608,0,Mood Teinture 7.34,7.045,9.799,-1,-14774017,1,0,9.0,48,0,1,5.0,0,6.578,10.0,0.0,19.0,39.1,5.92,8.235,11320.0
1321,8053264518370,0,Mood Teinture 7.1,7.045,9.799,-1,-14774017,1,0,7.0,48,0,1,5.0,0,6.578,10.0,0.0,19.0,39.1,5.92,8.235,11321.0
1322,8053264518349,0,Mood Teinture 7,7.045038,9.799647858,-1,-14774017,1,0,12.0,48,0,1,5.0,0,6.578,10.0,0.0,19.0,39.1,5.9202,8.2349982,11322.0
1323,8050327687073,0,Mood Teinture Sans Amoniac 4,8.261,11.499,-1,-14774017,1,0,11.0,48,0,1,5.0,0,7.713,10.0,0.0,19.0,39.2,6.942,9.663,11323.0
1324,8050327687066,0,Mood Teinture Sans Amoniac 3,8.261,11.499,-1,-14774017,1,0,9.0,48,0,1,5.0,0,7.713,10.0,0.0,19.0,39.2,6.942,9.663,11324.0
1325,8050327687233,0,Mood Teinture Sans Amoniac 8.3,8.261,11.499,-1,-14774017,1,0,6.0,48,0,1,5.0,0,7.713,10.0,0.0,19.0,39.2,6.942,9.663,11325.0
1326,8050327687110,0,Mood Teinture Sans Amoniac 8,8.261,11.499,-1,-14774017,1,0,11.0,48,0,1,5.0,0,7.713,10.0,0.0,19.0,39.2,6.942,9.663,11326.0
1327,8050327687134,0,Mood Teinture Sans Amoniac 10,8.261,11.499,-1,-14774017,1,0,12.0,48,0,1,5.0,0,7.713,10.0,0.0,19.0,39.2,6.942,9.663,11327.0
1328,8050327687165,0,Mood Teinture Sans Amoniac 7.1,8.260623,11.498787216,-1,-14774017,1,0,10.0,48,0,1,5.0,0,7.713,10.0,0.0,19.0,39.2,6.9417,9.6628464,11328.0
1329,8050327687240,0,Mood Teinture Sans Amoniac 9.3,8.261,11.499,-1,-14774017,1,0,12.0,48,0,1,5.0,0,7.713,10.0,0.0,19.0,39.2,6.942,9.663,11329.0
1330,8050327687080,0,Mood Teinture Sans Amoniac 5,8.261,11.499,-1,-14774017,1,0,11.0,48,0,1,5.0,0,7.713,10.0,0.0,19.0,39.2,6.942,9.663,11330.0
1331,8050327687103,0,Mood Teinture Sans Amoniac 7,8.260623,11.498787216,-1,-14774017,1,0,10.0,48,0,1,5.0,0,7.713,10.0,0.0,19.0,39.2,6.9417,9.6628464,11331.0
1332,8050327687189,0,Mood Teinture Sans Amoniac 8.01,8.261,11.499,-1,-14774017,1,0,9.0,48,0,1,5.0,0,7.713,10.0,0.0,19.0,39.2,6.942,9.663,51332.0
1333,8050327687127,0,Mood Teinture Sans Amoniac 9,8.261,11.499,-1,-14774017,1,0,9.0,48,0,1,5.0,0,7.713,10.0,0.0,19.0,39.2,6.942,9.663,11333.0
1334,8050327687059,0,Mood Teinture Sans Amoniac 1,8.261,11.499,-1,-14774017,1,0,11.0,48,0,1,5.0,0,7.713,10.0,0.0,19.0,39.2,6.942,9.663,11334.0
1335,8050327687226,6,Mood Teinture Sans Amoniac 6.3,8.260623,11.5,-1,-14774017,1,0,9.0,48,0,1,5.0,0,7.713,10.0,0.0,19.0,39.2,6.9417,9.6628464,11335.0
1336,8050327687097,6,Mood Teinture Sans Amoniac 6,8.260623,11.498787216,-1,-14774017,1,0,6.0,48,0,1,5.0,0,7.713,10.0,0.0,19.0,39.2,6.9417,9.6628464,51336.0
1337,8053264517816,6,Mood Oxydant 40 vol 1L,11.542,13.91,-1,-14774017,1,0,5.0,48,0,1,3.0,0,10.777,10.0,0.0,19.0,20.5,9.699,11.687,
1338,8053264517793,6,Mood Oxydant 20 vol 1L,11.535,13.9,-1,-14774017,1,0,0.0,48,0,1,3.0,0,10.77,10.0,0.0,19.0,20.51,9.693,11.681,11338.0
1339,8053264517809,6,Mood Oxydant 30 vol 1L,11.542167,13.908311235,-1,-14774017,1,0,4.0,48,0,1,3.0,0,10.777,10.0,0.0,19.0,20.5,9.6993,11.6876565,11339.0
1340,8053264517786,6,Mood Oxydant 10 vol 1L,11.542,13.91,-1,-14774017,1,0,3.0,48,0,1,3.0,0,10.777,10.0,0.0,19.0,20.5,9.699,11.687,
1341,8053264517847,6,Mood Oxydant 30 vol 100ml,2.320976,2.8998274144,-1,-14774017,1,0,30.0,48,0,1,12.0,0,2.438,20.0,0.0,19.0,24.94,1.9504,2.43682976,11341.0
1342,8053264517854,6,Mood Oxydant 40 vol 100ml,2.611098,3.2623058412,-1,-14774017,1,0,13.0,48,0,1,12.0,0,2.438,10.0,0.0,19.0,24.94,2.1942,2.74143348,51342.0
1343,8008277001180,6,Alterego poudre méche Intense,21.87,27.5,-1,-14774017,1,0,1.0,77,0,1,2.0,0,20.42,10.0,0.0,19.0,25.75,18.378,23.11,0.0
1344,8008277002149,6,Alterego poudre méche Bleu,21.86982,27.50129865,-1,-14774017,1,0,0.0,77,0,1,2.0,0,20.42,10.0,0.0,19.0,25.75,18.378,23.110335,11344.0
1345,8000836110791,6,Mood Platinier Bleu,3.521448,4.5,-1,-14774017,1,0,12.0,48,0,1,12.0,0,3.288,10.0,0.0,19.0,27.8,2.9592,3.7818576,11345.0
1346,6192488202756,0,R.B Teinture 9.13,4.386,6.9,-1,-14774017,1,0,10.0,15,0,1,6.0,0,4.095,10.0,0.0,19.0,57.3,3.686,5.798,11346.0
1347,6192488201964,0,R.B Teinture 8.31,4.971,6.9,-1,-14774017,1,0,9.0,15,0,1,6.0,0,4.914,15.0,0.0,19.0,38.81,4.177,5.798,11347.0
1348,6192488201858,0,R.B Teinture 10.0,5.263,6.9,-1,-14774017,1,0,10.0,15,0,1,6.0,0,4.914,10.0,0.0,19.0,31.1,4.423,5.799,11348.0
1349,6192488202930,0,R.B Teinture 10.1,4.386,6.9,-1,-14774017,1,0,10.0,15,0,1,6.0,0,4.095,10.0,0.0,19.0,57.31,3.686,5.798,11349.0
1350,6192488201889,6,R.B Teinture 7.3,4.386,6.9,-1,-14774017,1,0,9.0,15,0,1,6.0,0,4.095,10.0,0.0,19.0,57.31,3.686,5.798,
1351,6192488201872,0,R.B Teinture 6.3,4.971,6.9,-1,-14774017,1,0,11.0,15,0,1,6.0,0,4.914,15.0,0.0,19.0,38.82,4.177,5.799,11351.0
1352,6192488201902,0,R.B Teinture 9.3,4.971,6.9,-1,-14774017,1,0,10.0,15,0,1,6.0,0,4.914,15.0,0.0,19.0,38.82,4.177,5.799,11352.0
1353,6192488202770,0,R.B Teinture 7.13,5.263,6.9,-1,-14774017,1,0,8.0,15,0,1,6.0,0,4.914,10.0,0.0,19.0,31.1,4.423,5.799,11353.0
1354,6192488208871,0,R.B Teinture 6.11,4.971,6.9,-1,-14774017,1,0,10.0,15,0,1,6.0,0,4.914,15.0,0.0,19.0,38.82,4.177,5.799,11354.0
1355,6192488202190,0,R.B Teinture 7.4,4.971,6.9,-1,-14774017,1,0,10.0,15,0,1,6.0,0,4.914,15.0,0.0,19.0,38.82,4.177,5.799,11355.0
1356,6192488208888,6,R.B Teinture 7.11,4.971,6.9,-1,-14774017,1,0,11.0,15,0,1,6.0,0,4.914,15.0,0.0,19.0,38.82,4.177,5.799,11356.0
1357,6192488201971,0,R.B Teinture 9.31,4.971,6.9,-1,-14774017,1,0,10.0,15,0,1,6.0,0,4.914,15.0,0.0,19.0,38.82,4.177,5.799,11357.0
1358,6192488208895,0,R.B Teinture 8.11,4.971,6.9,-1,-14774017,1,0,9.0,15,0,1,6.0,0,4.914,15.0,0.0,19.0,38.82,4.177,5.799,11358.0
1359,6192488202060,0,R.B Teinture 5.56,5.263,6.9,-1,-14774017,1,0,11.0,15,0,1,6.0,0,4.914,10.0,0.0,19.0,31.1,4.423,5.799,11359.0
1360,6192488201780,6,R.B Teinture 3.0,4.385745,6.898776885,-1,-14774017,1,0,8.0,15,0,1,6.0,0,4.095,10.0,0.0,19.0,57.3,3.6855,5.7972915,11360.0
1361,6192488202763,6,R.B Teinture 8.13,4.971,6.9,-1,-14774017,1,0,8.0,15,0,1,6.0,0,4.914,15.0,0.0,19.0,38.82,4.177,5.799,11361.0
1362,6192488201896,0,R.B Teinture 8.3,4.971,6.9,-1,-14774017,1,0,10.0,15,0,1,6.0,0,4.914,15.0,0.0,19.0,38.82,4.177,5.799,11362.0
1363,6192488206006,6,R.B Kit Coloration 1.1,5.969754,7.8991784928,-1,-14774017,1,0,8.0,15,0,1,3.0,0,5.574,10.0,0.0,19.0,32.32,5.0166,6.63796512,11363.0
1364,6192488206143,6,R.B Kit Coloration 7.83,5.97,7.9,-1,-14774017,1,0,7.0,15,0,1,3.0,0,5.574,10.0,0.0,19.0,32.32,5.017,6.638,11364.0
1365,6192488206112,6,R.B Kit Coloration 7.13,5.97,7.9,-1,-14774017,1,0,4.0,15,0,1,3.0,0,5.574,10.0,0.0,19.0,32.32,5.017,6.638,11365.0
1366,6192488206082,6,R.B Kit Coloration 6.4,5.97,7.9,-1,-14774017,1,0,6.0,15,0,1,3.0,0,5.574,10.0,0.0,19.0,32.32,5.017,6.638,11366.0
1367,6192488206099,0,R.B Kit Coloration 6.66,5.97,7.9,-1,-14774017,1,0,7.0,15,0,1,3.0,0,5.574,10.0,0.0,19.0,32.32,5.017,6.638,11367.0
1368,6192488202305,6,R.B oxydant 20 vol 1 L,6.9615,7.2998289,-1,-14774017,1,0,8.0,15,0,1,2.0,0,6.5,10.0,0.0,19.0,4.86,5.85,6.13431,11368.0
1369,6192488202312,6,R.B oxydant 30 vol 1 L,6.9615,8.5139145,-1,-14774017,1,0,3.0,15,0,1,2.0,0,6.5,10.0,0.0,19.0,22.3,5.85,7.15455,11369.0
1370,6192488202329,0,R.B oxydant 40 vol 1 L,6.9615,7.2998289,-1,-14774017,1,0,4.0,15,0,1,3.0,0,6.5,10.0,0.0,19.0,4.86,5.85,6.13431,11370.0
1371,6192488202343,6,R.B oxydant 30 vol 60ml,1.017,1.5,-1,-14774017,1,0,11.0,15,0,1,10.0,0,0.95,10.0,0.0,19.0,47.49,0.855,1.261,0.0
1372,6192488202336,6,R.B oxydant 20 vol 60ml,1.017,1.5,-1,-14774017,1,0,47.0,15,0,1,20.0,0,0.95,10.0,0.0,19.0,47.49,0.855,1.261,211372.0
1373,6192488202350,0,R.B oxydant 40 vol 60ml,1.017,1.5,-1,-14774017,1,0,19.0,15,0,1,10.0,0,0.95,10.0,0.0,19.0,47.46,0.855,1.261,11373.0
1374,6192488204972,6,R.B poudre meche  400 g,14.797,18.0,-1,-14774017,1,0,11.0,15,0,1,2.0,0,13.816,10.0,0.0,19.0,21.63,12.434,15.123,0.0
1375,8050327685352,1,Mood shp Ultra Care Restoring 1L,26.122,29.9,-1,-14774017,1,0,3.0,48,0,1,2.0,0,24.39,10.0,0.0,19.0,14.47,21.951,25.127,
1376,8050327685840,1,Mood shp Ultra Care Restoring 400ML,16.402,17.5,-1,-14774017,1,0,3.0,48,0,1,2.0,0,15.315,10.0,0.0,19.0,6.69,13.784,14.706,
1377,8050327685857,4,Mood Masque Ultra Care Restoring 400ML,17.01,19.9,-1,-14774017,1,0,3.0,48,0,1,2.0,0,15.882,10.0,0.0,19.0,17.0,14.294,16.724,0.0
1378,8050327685888,1,Mood Shp Veggie Care Relaxing 500ML,17.01,20.6,-1,-14774017,1,0,5.0,48,0,1,2.0,0,15.882,10.0,0.0,19.0,21.12,14.294,17.313,0.0
1379,8050327685925,4,Mood Milk Veggie Care Relaxing 200ML,10.935,13.9,-1,-14774017,1,0,4.0,48,0,1,2.0,0,10.21,10.0,0.0,19.0,27.1,9.189,11.679,0.0
1380,8050327688599,1,Mood SHP Keratin Long Hair 1L,26.122,29.9,-1,-14774017,1,0,0.0,48,0,1,2.0,0,24.39,10.0,0.0,19.0,14.48,21.951,25.13,0.0
1381,8050327688124,1,Mood SHP Keratin Long Hair 400ML,16.402365,17.5,-1,-14774017,1,0,3.0,48,0,1,2.0,0,15.315,10.0,0.0,19.0,6.69,13.7835,14.70561615,11381.0
1382,8050327688605,4,Mood Masque Keratin Long Hair 1L,28.552,34.5,-1,-14774017,1,0,5.0,48,0,1,2.0,0,26.659,10.0,0.0,19.0,20.83,23.993,28.991,0.0
1383,8050327688094,4,Mood Masque Keratin Long Hair 300ML,15.794037,19.90048662,-1,-14774017,1,0,3.0,48,0,1,2.0,0,14.747,10.0,0.0,19.0,26.0,13.2723,16.723098,11383.0
1384,8050327688131,4,Mood Cream 2EN1 Keratin Long Hair 200ML,13.972,19.7,-1,-14774017,1,0,4.0,48,0,1,2.0,0,13.046,10.0,0.0,19.0,41.0,11.741,16.555,0.0
1385,8000836393866,1,Every Green SHP Anti Dandruff 1L,26.122,29.5,-1,-14774017,1,0,1.0,50,0,1,2.0,0,24.39,10.0,0.0,19.0,12.94,21.951,24.791,0.0
1386,8000836393910,1,Every Green SHP Rebalancing 1L,26.122,29.5,-1,-14774017,1,0,0.0,50,0,1,2.0,0,24.39,10.0,0.0,19.0,12.95,21.951,24.794,0.0
1387,8000836393880,1,Every Green SHP Loss Control 1L,26.122,29.5,-1,-14774017,1,0,1.0,50,0,1,2.0,0,24.39,10.0,0.0,19.0,12.95,21.951,24.794,0.0
1388,8000836393682,1,Every Green SHP Anti Frizz (anti crespo) 1L,24.907,29.5,-1,-14774017,1,0,0.0,50,0,1,2.0,0,23.256,10.0,0.0,19.0,18.45,20.93,24.792,0.0
1389,8000836393804,1,Every Green SHP Colored Hair 1L,24.907,29.5,-1,-14774017,1,0,3.0,50,0,1,2.0,0,23.256,10.0,0.0,19.0,18.45,20.93,24.792,0.0
1390,8000836534382,1,Every Green SHP Curly Hair 1L,24.907,29.5,-1,-14774017,1,0,4.0,50,0,1,2.0,0,23.256,10.0,0.0,19.0,18.45,20.93,24.792,11390.0
1391,8000836393620,1,Every Green SHP Anti Oxidant 1L,24.907,29.5,-1,-14774017,1,0,4.0,50,0,1,2.0,0,23.256,10.0,0.0,19.0,18.45,20.93,24.792,11391.0
1392,8000836138221,1,Every Green SHP Dry Hair 1L,24.907176,29.502549972,-1,-14774017,1,0,1.0,50,0,1,2.0,0,23.256,10.0,0.0,19.0,18.45,20.9304,24.7920588,11392.0
1393,8000836138061,1,Every Green SHP Damaged Hair 1L,24.907,29.5,-1,-14774017,1,0,0.0,50,0,1,2.0,0,23.256,10.0,0.0,19.0,18.45,20.93,24.792,0.0
1394,8000836393859,1,Every Green SHP Anti Dandruff 500ML,18.833,19.9,-1,-14774017,1,0,0.0,50,0,1,2.0,0,17.584,10.0,0.0,19.0,5.65,15.826,16.72,0.0
1395,8000836138382,1,Every Green Shp Rebalancing 500ML,18.833,19.9,-1,-14774017,1,0,2.0,50,0,1,2.0,0,17.584,10.0,0.0,19.0,5.65,15.826,16.72,0.0
1396,8000836393873,1,Every Green SHP Loss Control 500ML,18.833,19.9,-1,-14774017,1,0,2.0,50,0,1,2.0,0,17.584,10.0,0.0,19.0,5.65,15.826,16.72,11396.0
1397,8000836393675,1,Every Green SHP Anti Frizz 500ML,17.617,19.9,-1,-14774017,1,0,0.0,50,0,1,2.0,0,16.449,10.0,0.0,19.0,12.95,14.804,16.721,0.0
1398,8000836393798,1,Every Green SHP Colored Hair 500ML,17.617,19.9,-1,-14774017,1,0,3.0,50,0,1,2.0,0,16.449,10.0,0.0,19.0,12.95,14.804,16.721,0.0
1399,8000836534429,1,Every Green SHP Curly Hair 500ML,17.617,19.9,-1,-14774017,1,0,3.0,50,0,1,2.0,0,16.449,10.0,0.0,19.0,12.95,14.804,16.721,0.0
1400,8000836393613,1,Every Green SHP  Anti Oxidant 500ML,17.617,19.9,-1,-14774017,1,0,3.0,50,0,1,2.0,0,16.449,10.0,0.0,19.0,12.95,14.804,16.721,0.0
1401,8000836393736,0,Every Green SHP Damaged Hair 500ML,17.616879,19.8982648305,-1,-14774017,1,0,3.0,50,0,1,2.0,0,16.449,10.0,0.0,19.0,12.95,14.8041,16.72123095,11401.0
1402,8000836393828,2,Every Green A/SHP Colored Hair 1L,26.122,29.5,-1,-14774017,1,0,3.0,50,0,1,2.0,0,24.39,10.0,0.0,19.0,12.95,21.951,24.794,0.0
1403,8000836534405,2,Every Green A/SHP Curly Hair 1L,26.122,29.5,-1,-14774017,1,0,2.0,50,0,1,2.0,0,24.39,10.0,0.0,19.0,12.95,21.951,24.794,11403.0
1404,8000836393668,2,Every Green Conditionner Anti Oxidant 1L,26.122,29.5,-1,-14774017,1,0,2.0,50,0,1,2.0,0,24.39,10.0,0.0,19.0,12.95,21.951,24.794,0.0
1405,8000836534443,2,Every Green Conditionner Curly Hair 500 ML,18.833,19.9,-1,-14774017,1,0,0.0,50,0,1,2.0,0,17.584,10.0,0.0,19.0,5.65,15.826,16.72,0.0
1406,8000836149067,4,Every Green Masque  Damaged Hair 1L,26.122,29.5,-1,-14774017,1,0,0.0,50,0,1,2.0,0,24.39,10.0,0.0,19.0,12.92,21.951,24.787,0.0
1407,8000836149302,4,Every Green Masque Dry Hair 1L,26.122,29.5,-1,-14774017,1,0,0.0,50,0,1,2.0,0,24.39,10.0,0.0,19.0,12.92,21.951,24.787,0.0
1408,8000836149227,4,Every Green Masque Anti Frizz 1L,26.122,29.5,-1,-14774017,1,0,0.0,50,0,1,2.0,0,24.39,10.0,0.0,19.0,12.92,21.951,24.787,0.0
1409,8000836393644,4,Every Green Masque Anti Oxidant 500ML,18.833,19.9,-1,-14774017,1,0,3.0,50,0,1,2.0,0,17.584,10.0,0.0,19.0,5.65,15.826,16.72,0.0
1410,8000836393590,4,Every Green Masque Dry Hair (Espenti) 500ML,18.833,19.9,-1,-14774017,1,0,0.0,50,0,1,2.0,0,17.584,10.0,0.0,19.0,5.65,15.826,16.72,0.0
1411,8000836393729,4,Every Green Masque Anti Frizz 500ML,18.833,19.9,-1,-14774017,1,0,0.0,50,0,1,2.0,0,17.584,10.0,0.0,19.0,5.65,15.826,16.72,0.0
1412,8000836149043,4,Every Green Masque Damaged Hair 500ML,18.833,19.9,-1,-14774017,1,0,0.0,50,0,1,2.0,0,17.584,10.0,0.0,19.0,5.65,15.826,16.72,0.0
1413,8000836393842,4,Every Green Masque Colored Hair 500ML,18.833,19.9,-1,-14774017,1,0,0.0,50,0,1,2.0,0,17.584,10.0,0.0,19.0,5.65,15.826,16.72,0.0
1414,8000836398434,4,Every Green Serum Anti Frizz 100ML,19.44,27.5,-1,-14774017,1,0,0.0,50,0,1,2.0,0,18.151,10.0,0.0,19.0,41.45,16.336,23.107,0.0
1415,8000836398427,4,Every Green Serum Damaged Hair 100ML,19.44,27.5,-1,-14774017,1,0,2.0,50,0,1,2.0,0,18.151,10.0,0.0,19.0,41.45,16.336,23.107,0.0
1416,8000836398441,4,Every Green Serum Colored Hair 100ML,19.44,27.5,-1,-14774017,1,0,2.0,50,0,1,2.0,0,18.151,10.0,0.0,19.0,41.45,16.336,23.107,0.0
1417,8000836393897,0,Every Green Traitement Loss Control (8 ampoules),37.665,51.5,-1,-14774017,1,0,2.0,50,0,1,2.0,0,35.168,10.0,0.0,19.0,36.73,31.651,43.276,
1418,8000836393927,4,Every Green Traitement Anti Dandruff 100ML,24.3,34.0,-1,-14774017,1,0,3.0,50,0,1,2.0,0,22.689,10.0,0.0,19.0,39.91,20.42,28.57,0.0
1419,8000836396997,4,Every Green Traitement Loss Control 100ML,37.665,47.0,-1,-14774017,1,0,3.0,50,0,1,2.0,0,35.168,10.0,0.0,19.0,24.79,31.651,39.497,0.0
1420,8000836150308,0,Urtinol Traitement Tonifiant Extrait D'Ortie (10 ampoules),24.3,39.0,-1,-14774017,1,0,2.0,50,0,1,2.0,0,22.689,10.0,0.0,19.0,60.5,20.42,32.774,
1421,8008277001609,4,BIO Styling Serum Cristaux Liquide 60ML,11.542167,13.9002317181,-1,-14774017,1,0,11.0,49,0,1,2.0,0,10.777,10.0,0.0,19.0,20.43,9.6993,11.68086699,11421.0
1422,8008277001708,4,BIO Styling Serum Cristaux Liquide 100 ML,17.616879,19.695670722,-1,-14774017,1,0,6.0,49,0,1,2.0,0,16.449,10.0,0.0,19.0,11.8,14.8041,16.5509838,11422.0
1423,8050327685901,2,Mood A/SHP Veggie care 500 ml,17.01,20.599,-1,-14774017,1,0,6.0,48,0,1,2.0,0,15.882,10.0,0.0,19.0,21.1,14.294,17.31,
1424,8000836138160,0,Every Green SHP Anti Frizz,24.907176,29.502549972,-1,-14774017,1,0,4.0,50,0,1,2.0,0,23.256,10.0,0.0,19.0,18.45,20.9304,24.7920588,11424.0
1425,8000836393576,1,Every Green SHP Dry Hair (Espenti) 1L,24.907,29.5,-1,-14774017,1,0,0.0,50,0,1,2.0,0,23.256,10.0,0.0,19.0,18.45,20.93,24.792,0.0
1426,5000394152496,22,DURACEL AA 10 EXTRA LIFE,19.516,25.5,-1,-14774017,1,0,0.0,5,0,1,2.0,0,16.4,0.0,0.0,19.0,30.65,16.4,21.427,
1427,5000394152557,22,DURACEL AAA 10 EXTRALIFE,19.516,25.37,-1,-14774017,1,0,1.0,5,0,1,2.0,0,16.4,0.0,0.0,19.0,30.0,16.4,21.32,0.0
1428,7702018069224,8,SIMPLY VÉNUS 3 L (rose) 1P,3.332,4.4,-1,-14774017,1,0,-31.0,26,0,1,2.0,0,2.8,0.0,0.0,19.0,32.0,2.8,3.696,51428.0
1429,7702018069118,8,SIMPLY VÉNUS 2L (bleu ciel) 1P,1.345,1.8,-1,-14774017,1,0,-8.0,26,0,1,2.0,0,1.13,0.0,0.0,19.0,34.0,1.13,1.514,51429.0
1430,6192000502807,35,Sensea lave main 400ml citron,2.97,3.6,-1,-14774017,1,0,0.0,53,0,1,5.0,0,2.773,10.0,0.0,19.0,21.2,2.496,3.025,51430.0
1431,6192000584674,35,Sensea lave main 400ml pomme,3.0,3.6,-1,-14774017,1,0,1.0,53,0,1,5.0,0,3.0,0.0,0.0,0.0,20.0,3.0,3.6,111431.0
1432,6192000584711,35,Sensea lave main 400ml Grenade,3.3,3.6,-1,-14774017,1,0,0.0,53,0,1,5.0,0,2.773,0.0,0.0,19.0,9.1,2.773,3.025,111432.0
1433,6192000584698,35,Sensea lave main 400ml Tonic,2.97,3.6,-1,-14774017,1,0,1.0,53,0,1,5.0,0,2.773,10.0,0.0,19.0,21.2,2.496,3.025,111433.0
1434,6192000584681,35,Sensea lave main 400ml marin,3.0,3.6,-1,-14774017,1,0,0.0,53,0,1,5.0,0,3.0,0.0,0.0,0.0,20.0,3.0,3.6,111434.0
1435,6192000584704,35,Sensea lave main 400ml Soft,3.3,3.6,-1,-14774017,1,0,1.0,53,0,1,5.0,0,2.773,0.0,0.0,19.0,9.1,2.773,3.025,111435.0
1436,6192400661067,34,Lotus Distributeur Mouchoires voiture arabesque 100,0.896,2.1,-1,-14774017,1,0,24.0,54,0,1,2.0,0,0.753,0.0,0.0,19.0,40.0,0.753,1.054,111436.0
1437,6192400661135,34,LOTUS distributeur Mouchoirs voiture 150P arabesque,1.999,2.4,-1,-14774017,1,0,2.0,54,0,1,2.0,0,1.68,0.0,0.0,19.0,20.0,1.68,2.016,111437.0
1438,6192000515081,19,SENSEA Cotons Tiges 150P,1.667,2.1,-1,-14774017,1,0,151.0,53,0,1,2.0,0,1.667,0.0,0.0,0.0,26.0,1.667,2.1,111438.0
1439,6192400682116,19,Peaudouce Lingette Bébé 72,4.349,4.903,-1,-14774017,1,0,0.0,51,0,1,12.0,0,3.655,0.0,0.0,19.0,12.73,3.655,4.12,111439.0
1440,6192400658135,37,Nana Protége Slip Parfumé 18,2.7608,3.202528,-1,-14774017,1,0,11.0,52,0,1,12.0,0,2.32,0.0,0.0,19.0,16.0,2.32,2.6912,51440.0
1441,6192400658111,0,Nana Protége Slip Douceur 18,2.76,3.5,-1,-14774017,1,0,21.0,52,0,1,12.0,0,2.76,0.0,0.0,0.0,26.8,2.76,3.5,111441.0
1442,6192400661708,0,Nana Clip Extra Nuit 8 maxi,2.55,3.2,-1,-14774017,1,0,62.0,52,0,1,12.0,0,2.55,0.0,0.0,0.0,25.5,2.55,3.2,51442.0
1443,6192400655158,0,Nana Clip Protection Confort 9 maxi,2.45,3.2,-1,-14774017,1,0,71.0,52,0,1,12.0,0,2.059,0.0,0.0,19.0,30.61,2.059,2.689,51443.0
1444,6192400655141,37,NANA Clip Protection Confort 10 maxi Normal,2.45,3.2,-1,-14774017,1,0,55.0,52,0,1,12.0,0,2.45,0.0,0.0,0.0,30.7,2.45,3.202,111444.0
1445,7322540760064,37,Pants Tina Large 10 p,23.1,26.6,-1,-14774017,1,0,3.0,55,0,1,2.0,0,19.412,0.0,0.0,19.0,15.15,19.412,22.353,111445.0
1446,7322540760088,37,Pants Tena Miduim 10 P,21.7,25.6,-1,-14774017,1,0,1.0,55,0,1,2.0,0,18.235,0.0,0.0,19.0,17.97,18.235,21.512,111446.0
1447,6192400644756,0,Peaudouce Couche Confort T2,14.947,15.9,-1,-14774017,1,0,24.0,51,0,1,6.0,0,16.312,23.0,0.0,19.0,6.38,12.56,13.361,11447.0
1448,6192400644763,0,Peaudouce Couche Confort T3,14.947,15.9,-1,-14774017,1,0,12.0,51,0,1,12.0,0,16.312,23.0,0.0,19.0,6.38,12.56,13.362,11448.0
1449,6192400644770,0,Peaudouce Couche Confort T4,14.5,15.901,-1,-14774017,1,0,17.0,51,0,1,12.0,0,14.5,0.0,0.0,0.0,9.66,14.5,15.901,111449.0
1450,6192400644787,0,Peaudouce Couche Confort T5,14.9466856,15.90028414128,-1,-14774017,1,0,23.0,51,0,1,12.0,0,16.312,23.0,0.0,19.0,6.38,12.56024,13.361583312,11450.0
1451,6192400644794,0,Peaudouce Couche Confort T6,15.25,15.89965,-1,-14774017,1,0,17.0,51,0,1,12.0,0,15.25,0.0,0.0,0.0,4.26,15.25,15.89965,411451.0
1452,6192400644350,37,Peaudouce Couche Confort Jumbo T3,27.5,29.903,-1,-14774017,1,0,9.0,51,0,1,12.0,0,23.109,0.0,0.0,19.0,8.74,23.109,25.129,111452.0
1453,6192400644367,0,Peaudouce Couche Confort Jumbo T4,28.0818461,29.89874154267,-1,-14774017,1,0,12.0,51,0,1,12.0,0,30.647,23.0,0.0,19.0,6.47,23.59819,25.124992893,11453.0
1454,6192400644374,0,Peaudouce Couche Confort Jumbo T5,28.0818461,29.90154972728,-1,-14774017,1,0,29.0,51,0,1,12.0,0,30.647,23.0,0.0,19.0,6.48,23.59819,25.127352712,11454.0
1455,887930412451,23,TORCHE KODAK 9 LED Bleu  AVEC 3 PILES,9.176,11.9,-1,-14774017,1,0,0.0,4,0,1,2.0,0,8.568,10.0,0.0,19.0,29.65,7.711,9.997,0.0
1456,887930412444,23,TORCHE KODAK 9 LED Noir AVEC 3 PILES,9.176,11.9,-1,-14774017,1,0,2.0,4,0,1,2.0,0,8.568,10.0,0.0,19.0,29.65,7.711,9.997,0.0
1457,4005900035745,0,NIVEA deo homme INVISIBLE BLACK & WHITE  200ML,12.138,12.502,-1,-14774017,1,0,12.0,0,0,1,3.0,0,10.2,0.0,0.0,19.0,3.0,10.2,10.506,11457.0
1458,6130552005483,34,Cotex Essuie Tout Maxi Citron 460gr,4.501,5.702,-1,-14774017,1,0,0.0,56,0,1,2.0,0,3.782,0.0,0.0,19.0,26.7,3.782,4.792,31458.0
1459,6130552009320,34,Cotex Essuie Tout Maxi  Fleur orangé 460gr,4.341,5.5,-1,-14774017,1,0,0.0,56,0,1,2.0,0,4.341,0.0,0.0,0.0,26.69,4.341,5.5,
1460,6130552008521,34,Cotex Essuie Tout Maxi Vichy x2,4.501,5.5,-1,-14774017,1,0,10.0,56,0,1,2.0,0,3.782,0.0,0.0,19.0,22.21,3.782,4.622,
1461,6130552009504,34,Essuie Tout Netto,1.642,1.9,-1,-14774017,1,0,0.0,56,0,1,2.0,0,1.38,0.0,0.0,19.0,15.68,1.38,1.596,31461.0
1462,6192002402143,30,Judy Dégraissant 1L,7.28,8.4,-1,-14774017,1,0,4.0,17,0,1,2.0,0,6.118,0.0,0.0,19.0,15.4,6.118,7.06,0.0
1463,6192002406394,0,Judy Détartrant EXTRA FORT océan 0.5L,3.99,4.902,-1,-14774017,1,0,4.0,17,0,2,2.0,0,3.353,0.0,0.0,19.0,22.85,3.353,4.119,31463.0
1464,6192002401979,0,Judy Sol Surface Savon 1.2 L,6.227,7.5,-1,-14774017,1,0,6.0,17,0,1,2.0,0,5.233,0.0,0.0,19.0,20.44,5.233,6.303,31464.0
1465,6192002408251,0,Judy Sol Surface brise1.2 L,6.227,7.5,-1,-14774017,1,0,4.0,17,0,1,2.0,0,5.233,0.0,0.0,19.0,20.44,5.233,6.303,31465.0
1466,6192002401955,30,Judy Sol Surface Pomme 1.2 L,4.985,7.5,-1,-14774017,1,0,0.0,17,0,1,2.0,0,4.189,0.0,0.0,19.0,50.5,4.189,6.304,0.0
1467,6192002401948,0,Judy Sol Surface Lavande 1.2 L,6.227,7.5,-1,-14774017,1,0,1.0,17,0,1,2.0,0,5.233,0.0,0.0,19.0,20.44,5.233,6.303,31467.0
1468,6192002812119,30,Balais Cristal,3.28,4.0,-1,-14774017,1,0,1.0,17,0,1,2.0,0,2.756,0.0,0.0,19.0,21.95,2.756,3.361,0.0
1469,6192507800024,0,BSP Balais concord,2.223,2.801,-1,-14774017,1,0,10.0,56,0,1,2.0,0,1.926,3.0,0.0,19.0,26.0,1.868,2.354,81469.0
1470,6192002030339,30,Air Fresh Plien Air Jasmin,3.45,4.2,-1,-14774017,1,0,1.0,56,0,1,2.0,0,2.899,0.0,0.0,19.0,21.8,2.899,3.531,0.0
1471,6192002030421,30,Air Fresh Plien Air Lavande,3.45,4.2,-1,-14774017,1,0,0.0,56,0,1,2.0,0,2.899,0.0,0.0,19.0,21.8,2.899,3.531,0.0
1472,6192002030346,30,Air Fresh Plien Air Lemon,3.45,4.2,-1,-14774017,1,0,0.0,56,0,1,2.0,0,2.899,0.0,0.0,19.0,21.8,2.899,3.531,0.0
1473,6192002402235,0,Judy Lustrant sol 1L,11.57,14.0,-1,-14774017,1,0,22.0,17,0,1,2.0,0,9.723,0.0,0.0,19.0,21.0,9.723,11.765,31473.0
1474,6192002402266,0,Judy Décapant 1L,4.844,5.5,-1,-14774017,1,0,18.0,17,0,1,2.0,0,4.071,0.0,0.0,19.0,13.53,4.071,4.622,31474.0
1475,6192002450113,30,Judy Déboucheur 1 L,7.26,9.0,-1,-14774017,1,0,12.0,17,0,1,2.0,0,6.101,0.0,0.0,19.0,24.0,6.101,7.565,0.0
1476,6192002450106,30,Judy Déboucheur 300g,4.822,6.1,-1,-14774017,1,0,8.0,17,0,1,2.0,0,4.052,0.0,0.0,19.0,26.5,4.052,5.126,0.0
1477,6192002408619,0,Judy Linge Savon auto 120 ml,1.09956,1.799539896,-1,-14774017,1,0,35.0,17,0,1,2.0,0,0.924,0.0,0.0,19.0,63.66,0.924,1.5122184,31477.0
1478,6192461200632,30,Cdéo Liquide Lessive 5 L,6.865,8.9,-1,-14774017,1,0,0.0,17,0,1,2.0,0,5.769,0.0,0.0,19.0,29.65,5.769,7.48,0.0
1479,6192488202299,6,R.B oxydant 10V 1L,5.568,7.2,-1,-14774017,1,0,3.0,15,0,1,2.0,0,5.199,10.0,0.0,19.0,29.35,4.679,6.052,0.0
1480,887930413861,23,TORCHE KODAK HEADLAMP 1w 70 lumens + 3 PILES AAA,21.486,27.7,-1,-14774017,1,0,2.0,4,0,1,2.0,0,21.242,15.0,0.0,19.0,28.9,18.056,23.274,11480.0
1481,4891199180828,22,GP LION CHARGEUR UN CANAL 18650,70.127,90.0,-1,-14774017,1,0,2.0,0,0,1,2.0,0,71.0,17.0,0.0,19.0,28.34,58.93,75.631,0.0
1482,6192000719373,0,Sunsilk SHP 600ml anti casse,6.582,7.5995772,-1,-14774017,1,0,14.0,57,0,1,2.0,0,6.582,0.0,0.0,0.0,15.46,6.582,7.5995772,61482.0
1483,6192000719342,0,Sunsilk SHP 600ml Anti Péliculaire,6.582,7.5995772,-1,-14774017,1,0,35.0,57,0,1,2.0,0,6.582,0.0,0.0,0.0,15.46,6.582,7.5995772,61483.0
1484,6192000719359,0,Sunsilk SHP 600ml reparation,6.582,7.5995772,-1,-14774017,1,0,19.0,57,0,1,2.0,0,6.582,0.0,0.0,0.0,15.46,6.582,7.5995772,61484.0
1485,6192000719366,0,Sunsilk SHP 600ml lisses,6.582,7.5995772,-1,-14774017,1,0,25.0,57,0,1,2.0,0,6.582,0.0,0.0,0.0,15.46,6.582,7.5995772,61485.0
1486,6192000718109,0,Sunsilk SHP 350ml Reparation,4.584,5.299,-1,-14774017,1,0,4.0,57,0,1,2.0,0,3.852,0.0,0.0,19.0,15.6,3.852,4.453,51486.0
1487,6192000719250,1,Sunsilk SHP 350ml solution,4.584,5.3,-1,-14774017,1,0,27.0,57,0,1,2.0,0,3.852,0.0,0.0,19.0,15.6,3.852,4.453,
1488,6192000718307,1,Sunsilk SHP 350ml force briallance,4.637,5.9,-1,-14774017,1,0,21.0,57,0,1,2.0,0,3.897,0.0,0.0,19.0,27.22,3.897,4.958,
1489,6192000718321,0,Sunsilk SHP 350ml briallance,4.637,5.8996551,-1,-14774017,1,0,8.0,57,0,1,2.0,0,4.637,0.0,0.0,0.0,27.23,4.637,5.8996551,61489.0
1490,6192000719151,1,Sunsilk SHP 350ml nourrissante,4.584,5.9,-1,-14774017,1,0,14.0,57,0,1,2.0,0,3.852,0.0,0.0,19.0,28.71,3.852,4.958,
1491,6192000718062,1,Sunsilk SHP 350ml noix de coco,4.584,5.899,-1,-14774017,1,0,11.0,57,0,1,2.0,0,3.852,0.0,0.0,19.0,28.7,3.852,4.958,
1492,6192000718369,0,Sunsilk SHP 350ml lisses et soyeux,4.584,5.9,-1,-14774017,1,0,10.0,57,0,1,2.0,0,3.852,0.0,0.0,19.0,28.71,3.852,4.958,61492.0
1493,6192000719465,2,Sunsilk A/SHP  Réparation 180ml,3.353,3.9,-1,-14774017,1,0,34.0,57,0,1,2.0,0,2.818,0.0,0.0,19.0,16.4,2.818,3.28,0.0
1494,6192000719472,2,Sunsilk A/SHP  force et brilliance 180ml,3.165,3.9,-1,-14774017,1,0,17.0,57,0,1,2.0,0,2.66,0.0,0.0,19.0,23.2,2.66,3.277,0.0
1495,6192000719489,2,Sunsilk A/SHP  miel 180ml,3.165,3.9,-1,-14774017,1,0,1.0,57,0,1,2.0,0,2.66,0.0,0.0,19.0,23.2,2.66,3.277,0.0
1496,6192000719458,2,Sunsilk A/SHP  lisses et soyer 180ml,3.165,3.9,-1,-14774017,1,0,24.0,57,0,1,2.0,0,2.66,0.0,0.0,19.0,23.2,2.66,3.277,0.0
1497,6192000719441,2,Sunsilk A/SHP  brilliance 180ml,3.165,3.9,-1,-14774017,1,0,52.0,57,0,1,2.0,0,2.66,0.0,0.0,19.0,23.2,2.66,3.277,0.0
1498,6221155061850,51,Signal dentifrices 75ml Blancheur,4.078,5.1,-1,-14774017,1,0,14.0,58,0,1,2.0,0,3.427,0.0,0.0,19.0,25.0,3.427,4.284,
1499,6221048413438,24,Close up dentifrices 50ml menthol fresh,1.999,2.8,-1,-14774017,1,0,41.0,59,0,1,2.0,0,1.68,0.0,0.0,19.0,40.0,1.68,2.352,
1500,6221048413421,24,Close up dentifrices 50ml red hot,1.999,2.8,-1,-14774017,1,0,48.0,59,0,1,2.0,0,1.68,0.0,0.0,19.0,40.07,1.68,2.353,
1501,6221048413575,24,Close up dentifrices 75ml red hot,2.867,3.8,-1,-14774017,1,0,50.0,59,0,1,2.0,0,2.409,0.0,0.0,19.0,32.55,2.409,3.193,
1502,6221048413582,24,Close up dentifrices 75ml menthole Fresh,2.867,3.8,-1,-14774017,1,0,84.0,59,0,1,2.0,0,2.409,0.0,0.0,19.0,32.55,2.409,3.193,
1503,6221048407796,0,Signal dentifrices 50ml Anti-Caries,2.0,2.5,-1,-14774017,1,0,23.0,58,0,1,2.0,0,1.681,0.0,0.0,19.0,25.0,1.681,2.101,61503.0
1504,6221048408427,24,Signal dentifrices 50ml Cavity Fighter Miswak,2.0,2.8,-1,-14774017,1,0,17.0,58,0,1,2.0,0,1.681,0.0,0.0,19.0,39.97,1.681,2.353,
1505,6221048407895,24,Signal dentifrices Fresh Apple 75 ML,2.7,3.8,-1,-14774017,1,0,37.0,58,0,1,2.0,0,2.269,0.0,0.0,19.0,40.75,2.269,3.194,
1506,6221048407819,24,Signal dentifrices anti-caries 75 ML,2.7,3.8,-1,-14774017,1,0,25.0,58,0,1,2.0,0,2.269,0.0,0.0,19.0,40.75,2.269,3.194,
1507,6221048407833,24,Signal dentifrices 10X Plus Forte 120 ML,3.914,5.2,-1,-14774017,1,0,0.0,58,0,1,2.0,0,3.289,0.0,0.0,19.0,32.8,3.289,4.368,
1508,6221048407932,0,Signal dentifrices 120ml Herbal Miswak,3.914,5.2,-1,-14774017,1,0,10.0,58,0,1,2.0,0,3.289,0.0,0.0,19.0,32.8,3.289,4.368,
1509,6221155056139,24,Signal dentifrices 75ml Kids Pokémon,4.472,5.7,-1,-14774017,1,0,14.0,58,0,1,2.0,0,4.472,0.0,0.0,0.0,27.5,4.472,5.702,
1510,6221155056177,24,Signal dentifrices 75ml Kids Strawberry,4.472,5.7,-1,-14774017,1,0,4.0,58,0,1,2.0,0,4.472,0.0,0.0,0.0,27.5,4.472,5.702,
1511,6221048403255,24,Signal dentifrices Whitening  100 ML,5.002,6.5,-1,-14774017,1,0,22.0,58,0,1,2.0,0,4.203,0.0,0.0,19.0,30.0,4.203,5.464,
1512,6221155127761,24,Signal dentifrices Centre Fresh Vert 100 ML,4.833,6.5,-1,-14774017,1,0,39.0,58,0,1,2.0,0,4.061,0.0,0.0,19.0,34.55,4.061,5.464,
1513,6221155127730,24,Signal dentifrices Centre Fresh Bleu 100 ML,4.833,6.5,-1,-14774017,1,0,43.0,58,0,1,2.0,0,4.061,0.0,0.0,19.0,34.55,4.061,5.464,
1514,6221155091628,0,Signal brosse a Dents triple clean x2,2.899,3.8,-1,-14774017,1,0,15.0,58,0,1,2.0,0,2.436,0.0,0.0,19.0,31.0,2.436,3.191,61514.0
1515,6221155091680,0,Signal brosse a Dents 3+1,4.999,6.5,-1,-14774017,1,0,26.0,58,0,1,2.0,0,4.201,0.0,0.0,19.0,30.0,4.201,5.461,61515.0
1516,8710522610329,0,Signal brosse a Dents soin complet x2,3.7,4.6,-1,-14774017,1,0,10.0,58,0,1,2.0,0,3.109,0.0,0.0,19.0,24.3,3.109,3.864,61516.0
1517,8690637574535,0,Signal brosse a Dents white now,5.876,7.5,-1,-14774017,1,0,0.0,58,0,1,2.0,0,4.938,0.0,0.0,19.0,27.58,4.938,6.3,
1518,8710522712054,0,Signal brosse a Dents x2 meduim,5.92,7.5,-1,-14774017,1,0,0.0,58,0,1,2.0,0,4.975,0.0,0.0,19.0,26.65,4.975,6.301,
1519,6221155120007,35,Lux Savon  velvert touch,1.741,2.2,-1,-14774017,1,0,0.0,60,0,1,2.0,0,1.463,0.0,0.0,19.0,26.5,1.463,1.851,0.0
1520,6221155118448,0,Lux  Savon Soft touch,1.741,2.202,-1,-14774017,1,0,5.0,60,0,1,2.0,0,1.463,0.0,0.0,19.0,26.5,1.463,1.851,61520.0
1521,6221155118486,0,Lux Savon  Creamy Perfection,1.741,2.202,-1,-14774017,1,0,2.0,60,0,1,2.0,0,1.463,0.0,0.0,19.0,26.5,1.463,1.851,61521.0
1522,6281006591035,0,Dove Savon Coconut MLik,3.582,4.3,-1,-14774017,1,0,0.0,0,0,1,2.0,0,3.01,0.0,0.0,19.0,20.0,3.01,3.612,
1523,8000700000005,0,Dove Savon Beauty Cream Bar,3.582,4.3,-1,-14774017,1,0,1.0,61,0,1,2.0,0,3.01,0.0,0.0,19.0,20.0,3.01,3.612,
1524,6192002880330,39,Brosse Cheveux Ronde Sanglier,12.096,15.8,-1,-14774017,1,0,3.0,0,0,1,2.0,0,10.7,5.0,0.0,19.0,30.6,10.165,13.275,0.0
1525,6192002880934,39,Brosse Cheveux Ronde Nylon  PM,8.14,10.5,-1,-14774017,1,0,2.0,0,0,1,2.0,0,7.2,5.0,0.0,19.0,29.0,6.84,8.824,0.0
1526,6192002881931,39,Brosse Cheveux Ronde Sanglier,9.835,12.6,-1,-14774017,1,0,2.0,0,0,1,2.0,0,8.7,5.0,0.0,19.0,28.1,8.265,10.587,0.0
1527,6192002880309,39,Brosse Cheveux Ronde Sanglier,9.138,12.0,-1,-14774017,1,0,0.0,0,0,1,2.0,0,8.083,5.0,0.0,19.0,31.3,7.679,10.083,0.0
1528,6192002880477,39,Brosse Cheuveux Goupillion,3.957,5.2,-1,-14774017,1,0,0.0,0,0,1,2.0,0,3.5,5.0,0.0,19.0,31.5,3.325,4.372,0.0
1529,6192002880484,39,Brosse cheveux Goupillion,3.957,5.2,-1,-14774017,1,0,1.0,0,0,1,2.0,0,3.5,5.0,0.0,19.0,31.5,3.325,4.372,0.0
1530,6192002880408,39,Brosse cheveux Ronde Nylon mm,9.835,12.6,-1,-14774017,1,0,0.0,0,0,1,2.0,0,8.7,5.0,0.0,19.0,28.1,8.265,10.587,0.0
1531,6192002881641,0,Brosse pneumatique Geante Ovale,8.422,10.95,-1,-14774017,1,0,0.0,0,0,1,2.0,0,7.45,5.0,0.0,19.0,30.0,7.078,9.201,0.0
1532,6192002881689,39,Brosse Pneumatique Azur arc,7.8,9.89,-1,-14774017,1,0,0.0,0,0,1,2.0,0,6.9,5.0,0.0,19.0,26.8,6.555,8.312,0.0
1533,6192002882822,39,Brosse a ongles 2 face,3.052,4.0,-1,-14774017,1,0,4.0,0,0,1,2.0,0,2.7,5.0,0.0,19.0,31.0,2.565,3.36,0.0
1534,6192002880897,39,Brosse a demeler,10.74,14.0,-1,-14774017,1,0,0.0,0,0,1,2.0,0,9.5,5.0,0.0,19.0,30.35,9.025,11.764,0.0
1535,6192002880972,39,Brosse Pneumatique poire,7.574,10.0,-1,-14774017,1,0,0.0,0,0,1,2.0,0,6.7,5.0,0.0,19.0,32.0,6.365,8.402,0.0
1536,6192002881672,39,Brosse Pneumatique Azur,7.8,9.75,-1,-14774017,1,0,0.0,0,0,1,2.0,0,6.9,5.0,0.0,19.0,25.0,6.555,8.194,0.0
1537,6192002899042,39,Brosse a Barbe N°4,10.401,13.5,-1,-14774017,1,0,0.0,0,0,1,2.0,0,9.2,5.0,0.0,19.0,29.8,8.74,11.345,0.0
1538,6192002880965,39,Brosse Pneumatique Poire,7.8,10.0,-1,-14774017,1,0,1.0,0,0,1,2.0,0,6.9,5.0,0.0,19.0,28.2,6.555,8.404,0.0
1539,3152210229522,30,Vigor Force 5 1300 ML,9.409,11.2,-1,-14774017,1,0,0.0,18,0,1,2.0,0,8.151,3.0,0.0,19.0,19.05,7.906,9.412,81539.0
1540,6192477623968,30,Lilas Sol & Surface Savon LAVANDE,3.319,3.8,-1,-14774017,1,0,0.0,43,0,1,2.0,0,2.789,0.0,0.0,19.0,14.5,2.789,3.193,0.0
1541,6192477623982,30,Lilas Sol & Surface Savon jasmin,3.319,3.8,-1,-14774017,1,0,0.0,43,0,1,2.0,0,2.789,0.0,0.0,19.0,14.5,2.789,3.193,0.0
1542,6192477623975,30,Lilas Sol & Surface Savon Pomme,3.319,3.8,-1,-14774017,1,0,0.0,43,0,1,2.0,0,2.789,0.0,0.0,19.0,14.5,2.789,3.193,0.0
1543,6192011813688,37,Lilas protége-slips confort plus extra long 16 (new),2.71439,3.49884871,-1,-14774017,1,0,12.0,43,0,1,12.0,0,2.281,0.0,0.0,19.0,28.9,2.281,2.940209,41543.0
1544,6192011813817,0,Lilas Protége Slip 20 normal,2.911,3.3,-1,-14774017,1,0,32.0,43,0,1,12.0,0,2.911,0.0,0.0,0.0,13.35,2.911,3.3,51544.0
1545,6192054868546,26,Gant de Toilette Micro fibre,1.999,2.6,-1,-14774017,1,0,2.0,0,0,1,2.0,0,1.68,0.0,0.0,19.0,30.0,1.68,2.184,0.0
1546,6191737400073,26,Dima clean Lavette Micro fibre Pour Vitre,2.975,3.9,-1,-14774017,1,0,10.0,0,0,1,2.0,0,2.5,0.0,0.0,19.0,31.2,2.5,3.28,91546.0
1547,6191737400080,0,Lavete Micro Fibre Lot de 4,6.3,8.20008,-1,-14774017,1,0,3.0,0,0,1,2.0,0,6.3,0.0,0.0,0.0,30.16,6.3,8.20008,351547.0
1548,6130552006916,34,Cotex Papier Toilette Deco  4+2 gratuit,3.14,3.8,-1,-14774017,1,0,0.0,56,0,1,2.0,0,2.639,0.0,0.0,19.0,21.0,2.639,3.193,
1549,6192477624040,30,Lilas Sol surface jasmin 1.2L,4.547,5.5,-1,-14774017,1,0,0.0,43,0,1,2.0,0,3.821,0.0,0.0,19.0,21.0,3.821,4.623,0.0
1550,6192430016981,0,Nadhif gel machine 3L Bleu,16.965,19.9,-1,-14774017,1,0,9.0,62,0,1,2.0,0,18.277,22.0,0.0,19.0,17.3,14.256,16.722,171550.0
1551,6192430016578,30,Nadhif gel machine 3L Savon de marseille,17.18329,19.899968149,-1,-14774017,1,0,10.0,62,0,1,2.0,0,21.751,21.0,0.0,0.0,15.81,17.18329,19.899968149,171551.0
1552,6192430018497,0,Dixan poudre machine 7en1 regulaire 4 kg,21.878,24.499,-1,-14774017,1,0,6.0,62,0,1,2.0,0,19.984,8.0,0.0,19.0,11.98,18.385,20.588,171552.0
1553,6192430018503,0,Dixan poudre machine savon de marseille 4KG,21.461,24.501,-1,-14774017,1,0,1.0,62,0,1,2.0,0,19.603,8.0,0.0,19.0,14.16,18.035,20.589,171553.0
1554,6192430015533,0,Pril liquide vaisselle lemon 580 ml,3.066,3.8,-1,-14774017,1,0,10.0,62,0,1,2.0,0,3.066,0.0,0.0,0.0,23.94,3.066,3.8,171554.0
1555,8015100575121,30,Dixan Caps Multicoleur  15p,11.499,13.4,-1,-14774017,1,0,3.0,62,0,1,2.0,0,12.884,25.0,0.0,19.0,16.5,9.663,11.257,0.0
1556,8015100575138,30,Dixan Cap Clasico 15p,11.499,13.4,-1,-14774017,1,0,6.0,62,0,1,2.0,0,12.884,25.0,0.0,19.0,16.5,9.663,11.257,0.0
1557,8015100575114,30,Dixan Cap Multicouleur 27 p,19.475,22.4,-1,-14774017,1,0,0.0,62,0,1,2.0,0,21.821,25.0,0.0,19.0,15.0,16.366,18.821,0.0
1558,8015100575107,30,Dixan cap Classico 27 p,19.475,22.4,-1,-14774017,1,0,0.0,62,0,1,2.0,0,21.821,25.0,0.0,19.0,15.0,16.366,18.821,0.0
1559,8690572775745,1,Syoss Shp  Renew 7 500ml,7.427,9.699,-1,-14774017,1,0,3.0,63,0,1,2.0,0,7.174,13.0,0.0,19.0,30.59,6.241,8.15,
1560,4015000944038,1,Syoss Shp repair 500ml,7.428,9.7,-1,-14774017,1,0,11.0,63,0,1,2.0,0,7.428,0.0,0.0,0.0,30.59,7.428,9.7,
1561,6192430012433,1,Syoss Shp  Ceramide  500 ml,7.428,9.7,-1,-14774017,1,0,15.0,63,0,1,2.0,0,8.538,13.0,0.0,0.0,30.59,7.428,9.7,171561.0
1562,6192430009228,1,Syoss Shp  Keratin 500 ml,7.428,9.7,-1,-14774017,1,0,7.0,63,0,1,2.0,0,8.538,13.0,0.0,0.0,30.59,7.428,9.7,171562.0
1563,6281031267158,1,Syoss Shp  Pure Smooth 500 ml,7.427,9.699,-1,-14774017,1,0,1.0,63,0,1,2.0,0,7.174,13.0,0.0,19.0,30.59,6.241,8.15,
1564,6281031267189,2,Syoss A/SHP  Pure Smooth 500 ml,7.932,10.7,-1,-14774017,1,0,7.0,63,0,1,2.0,0,7.662,13.0,0.0,19.0,34.89,6.666,8.992,
1565,8690572775752,2,syoss A/SHP  Renew 7 500ml,7.428,10.7,-1,-14774017,1,0,7.0,63,0,1,2.0,0,7.428,0.0,0.0,0.0,44.05,7.428,10.7,
1566,6192430012440,2,Syoss A/SHP  Ceramide 500 ml,7.932,10.7,-1,-14774017,1,0,6.0,63,0,1,2.0,0,7.662,13.0,0.0,19.0,34.89,6.666,8.992,
1567,4015000944052,2,Syoss A/SHP  Repair 500 ml,7.933,10.7,-1,-14774017,1,0,8.0,63,0,1,2.0,0,9.118,13.0,0.0,0.0,34.88,7.933,10.7,171567.0
1568,6281031248706,2,syoss A/SHP  Oleo Care  500 ml,7.932,10.7,-1,-14774017,1,0,0.0,63,0,1,2.0,0,7.662,13.0,0.0,19.0,34.89,6.666,8.992,
1569,6192002401900,30,Judy Sol Surface Rose 800 ml,4.501,5.3,-1,-14774017,1,0,0.0,17,0,1,2.0,0,3.782,0.0,0.0,19.0,17.8,3.782,4.455,0.0
1570,3600523925933,0,Elsève Masque huil extr cheveux secs 310ML,18.51045,21.899713395,-1,-14774017,1,0,5.0,22,0,1,3.0,0,18.3,15.0,0.0,19.0,18.31,15.555,18.4031205,11570.0
1571,3600550166620,1,F.P SHP EXPERT REPARATION 750ML,17.218,22.9,-1,-14774017,1,0,0.0,2,0,1,2.0,0,15.9,9.0,0.0,19.0,33.0,14.469,19.244,0.0
1572,3600542416122,1,Garnier U.D SHP HAIRFOOD ALOE VERA 350ML,14.459,18.9,-1,-14774017,1,0,8.0,19,0,1,2.0,0,13.5,10.0,0.0,19.0,30.72,12.15,15.882,11572.0
1573,3600542416108,2,Garnier U.D A/SHP HAIRFOOD BANANE 350ML,14.459,18.9,-1,-14774017,1,0,8.0,19,0,1,2.0,0,13.5,10.0,0.0,19.0,30.72,12.15,15.882,11573.0
1574,3600542416078,2,Garnier U.D A/SHP HAIRFOOD NOIX DE COCO 350ML,16.303,21.3112816,-1,-14774017,1,0,8.0,19,0,1,2.0,0,13.7,0.0,0.0,19.0,30.72,13.7,17.90864,11574.0
1575,6192477622435,30,Lilas gel machine  clean power 5L,25.35057,29.300188806,-1,-14774017,1,0,2.0,43,0,1,2.0,0,21.303,0.0,0.0,19.0,15.58,21.303,24.6220074,51575.0
1576,6192477610463,0,Lilas poudre machine fraicheur intense 4KG,18.8,21.7,-1,-14774017,1,0,2.0,43,0,1,2.0,0,15.798,0.0,0.0,19.0,15.43,15.798,18.236,221576.0
1577,6192430015458,0,Pril liquide vaisselle Pomme 580 ml,3.066,3.8,-1,-14774017,1,0,22.0,62,0,1,2.0,0,3.066,0.0,0.0,0.0,23.94,3.066,3.8,171577.0
1578,6192488208673,3,R.B Gel Douche soft,4.179,5.5,-1,-14774017,1,0,1.0,15,0,1,2.0,0,3.902,10.0,0.0,19.0,31.59,3.512,4.621,11578.0
1579,6192011813695,0,Lilas Protege Slip Confort Plus Long Parfume,2.588,3.3,-1,-14774017,1,0,19.0,43,0,1,2.0,0,2.175,0.0,0.0,19.0,27.5,2.175,2.773,41579.0
1580,6192400660367,34,Lotus Papier Toillette x24,10.99917,13.200103917,-1,-14774017,1,0,38.0,54,0,1,3.0,0,9.243,0.0,0.0,19.0,20.01,9.243,11.0925243,431580.0
1581,6192000584537,34,Lotus Distributeur Mouchoires voiture 150,1.999,2.7,-1,-14774017,1,0,0.0,54,0,1,2.0,0,1.68,0.0,0.0,19.0,35.0,1.68,2.268,
1582,6192400661074,34,Lotus distributeur Mouchoires voiture classic 100,0.896,2.1,-1,-14774017,1,0,9.0,54,0,1,2.0,0,0.753,0.0,0.0,19.0,25.0,0.753,0.941,111582.0
1583,6192000584216,34,LOTUS distributeur Mouchoirs voiture 80P fiesta,1.0,1.9,-1,-14774017,1,0,3.0,54,0,1,2.0,0,0.84,0.0,0.0,19.0,90.1,0.84,1.597,391583.0
1584,6130552001935,34,Cotex Papier Toilette confort  *4,1.95,2.5,-1,-14774017,1,0,6.0,56,0,1,2.0,0,1.639,0.0,0.0,19.0,28.2,1.639,2.101,
1585,61900250250250,19,Bavette Bozino packer de 50 p,7.14,9.0,-1,-14774017,1,0,9.0,64,0,1,2.0,0,6.0,0.0,0.0,19.0,26.0,6.0,7.56,0.0
1586,8007403117269,40,Bellissima Brosse électrique 5en1,114.999,149.499,-1,-14774017,1,0,0.0,65,0,1,2.0,0,120.797,20.0,0.0,19.0,30.0,96.638,125.629,11586.0
1587,8007403117399,40,Bellissima Brosse électrique Automatic Rotation,224.999,297.0,-1,-14774017,1,0,0.0,65,0,1,2.0,0,189.075,0.0,0.0,19.0,32.0,189.075,249.579,0.0
1588,8007403059019,40,Bellissima Comfort Lady Shaver,106.249,139.898,-1,-14774017,1,0,1.0,65,0,1,2.0,0,89.285,0.0,0.0,19.0,31.67,89.285,117.562,
1589,8007403118785,40,Bellissima Plaque XL Plates & ION Care Technology,199.999,260.0,-1,-14774017,1,0,1.0,65,0,1,2.0,0,168.066,0.0,0.0,19.0,30.0,168.066,218.486,0.0
1590,8007403111403,40,Bellissima Plaque Ceramic Protection,131.249,149.899,-1,-14774017,1,0,1.0,65,0,1,2.0,0,110.293,0.0,0.0,19.0,14.21,110.293,125.966,
1591,8007403118761,40,Bellissima Plaque Creativity Total Round,199.999,260.0,-1,-14774017,1,0,0.0,65,0,1,2.0,0,168.066,0.0,0.0,19.0,30.0,168.066,218.486,0.0
1592,8007403114947,40,Bellissima Plaque Extra Large Plates,150.0,197.0,-1,-14774017,1,0,1.0,65,0,1,2.0,0,126.05,0.0,0.0,19.0,31.33,126.05,165.545,0.0
1593,8007403117252,40,Bellissima Plaque 2XTOP Result Ceramic & Keratin,224.999,297.0,-1,-14774017,1,0,1.0,65,0,1,2.0,0,189.075,0.0,0.0,19.0,32.0,189.075,249.579,0.0
1594,8007403118754,40,Bellissima Plaque Creativity ION Care Technology,168.749,220.0,-1,-14774017,1,0,1.0,65,0,1,2.0,0,141.806,0.0,0.0,19.0,30.37,141.806,184.872,0.0
1595,8007403118747,40,Bellissima Plaque Creativity Ceramic Diamond,156.249,205.0,-1,-14774017,1,0,0.0,65,0,1,2.0,0,131.302,0.0,0.0,19.0,31.2,131.302,172.268,0.0
1596,8007403118778,40,Bellissima Plaque I3 Mini & Travel,118.748,155.0,-1,-14774017,1,0,0.0,65,0,1,2.0,0,99.788,0.0,0.0,19.0,30.53,99.788,130.253,0.0
1597,8007403116323,40,Bellissima Plaque Steam Technologie,199.999,260.0,-1,-14774017,1,0,1.0,65,0,1,2.0,0,168.066,0.0,0.0,19.0,30.0,168.066,218.487,0.0
1598,8007403117993,0,Bellissima Séchoir Pour cheveux Bouclées,115.0,149.499,-1,-14774017,1,0,1.0,65,0,1,2.0,0,120.798,20.0,0.0,19.0,30.0,96.638,125.629,341598.0
1599,8007403117603,40,Bellissima Plaque Nano Ceamic Coating,137.499,179.0,-1,-14774017,1,0,1.0,65,0,1,2.0,0,115.545,0.0,0.0,19.0,30.18,115.545,150.416,0.0
1600,8007403117580,40,Bellissima Plaque Linea Argan Oil,205.891,279.0,-1,-14774017,1,0,1.0,65,0,1,2.0,0,173.018,0.0,0.0,19.0,35.51,173.018,234.455,0.0
1601,8007403118082,40,Bellissima Plaque Steam Elixir Activate Care,312.5,419.0,-1,-14774017,1,0,1.0,65,0,1,2.0,0,262.605,0.0,0.0,19.0,34.08,262.605,352.101,
1602,8007403114244,40,Bellissima Boucleur Conical Shape Multiple Curls,112.499,134.999,-1,-14774017,1,0,1.0,65,0,1,2.0,0,94.537,0.0,0.0,19.0,20.0,94.537,113.444,
1603,8007403112493,40,Bellissima Plaque Keratine et Ceramic Care,181.249,244.9,-1,-14774017,1,0,1.0,65,0,1,2.0,0,152.31,0.0,0.0,19.0,35.12,152.31,205.801,0.0
1604,8007403050573,40,"Bellissima Face Cleaner, Exfoliator and Re-activator",106.249,139.0,-1,-14774017,1,0,1.0,65,0,1,2.0,0,89.285,0.0,0.0,19.0,30.82,89.285,116.804,0.0
1605,8000836738650,40,Muster Brosse Electrique SPA zzomlissima,124.999,169.0,-1,-14774017,1,0,2.0,65,0,1,2.0,0,105.041,0.0,0.0,19.0,35.2,105.041,142.015,0.0
1606,8007403112257,40,Bellissima Booucleur 19 mm Ceramic Coating,106.249,144.5,-1,-14774017,1,0,1.0,65,0,1,2.0,0,89.285,0.0,0.0,19.0,36.0,89.285,121.428,0.0
1607,8007403114688,40,Salon Expert Booucleur 19 mm,106.249,144.5,-1,-14774017,1,0,2.0,65,0,1,2.0,0,89.285,0.0,0.0,19.0,36.0,89.285,121.428,0.0
1608,8007403115234,40,Bellissima Séchoir k9 2300 W,99.999,135.999,-1,-14774017,1,0,1.0,65,0,1,2.0,0,105.041,20.0,0.0,19.0,36.0,84.033,114.285,11608.0
1609,4002780027051,40,Kompakt Séchoir Levante 3.8 2000W-2200W,133.748,160.5,-1,-14774017,1,0,2.0,65,0,1,2.0,0,112.393,0.0,0.0,19.0,20.0,112.393,134.872,0.0
1610,8000836826203,40,Muster Séchoir 2300  lonic Action 2100 W,87.498,99.95,-1,-14774017,1,0,0.0,65,0,1,2.0,0,73.528,0.0,0.0,19.0,14.23,73.528,83.991,0.0
1611,8000836744354,40,Muster Séchoir Kalahari 3000 ART 2485128,127.499,127.499,-1,-14774017,1,0,2.0,162,0,1,2.0,0,107.142,0.0,0.0,19.0,0.0,107.142,107.142,
1612,4002780025002,0,Mega Power Séchoir Pro 6000 110v -240 v 1800 W,112.199,134.998,-1,-14774017,1,0,3.0,65,0,1,2.0,0,94.285,0.0,0.0,19.0,20.32,94.285,113.444,341612.0
1613,6192000502869,3,Gel Douche Sensea  Lait de Coco et Miel,3.3,4.9,-1,-14774017,1,0,13.0,53,0,1,2.0,0,2.773,0.0,0.0,19.0,48.5,2.773,4.118,0.0
1614,6192000502838,3,Sensea Gel Douche Algues Marines,3.29987,4.90030695,-1,-14774017,1,0,23.0,53,0,1,2.0,0,2.773,0.0,0.0,19.0,48.5,2.773,4.117905,111614.0
1615,6192000502821,3,Sensea Gel Douche  Peche de Vigne,3.3,4.9,-1,-14774017,1,0,4.0,53,0,1,2.0,0,2.773,0.0,0.0,19.0,48.5,2.773,4.118,0.0
1616,6192000502845,3,Sensea Gel Douche Grenade & Myrtille,3.29987,4.90030695,-1,-14774017,1,0,21.0,53,0,1,2.0,0,2.773,0.0,0.0,19.0,48.5,2.773,4.117905,51616.0
1617,6192000502876,3,Sensea Gel Douche  Huile D'amande & Miel,3.7,4.9,-1,-14774017,1,0,3.0,53,0,1,2.0,0,3.109,0.0,0.0,19.0,32.5,3.109,4.119,0.0
1618,6221155140548,0,Clear shp men 3en1 360ml,8.524,10.9,-1,-14774017,1,0,35.0,0,0,1,2.0,0,7.163,0.0,0.0,19.0,27.87,7.163,9.159,
1619,6221155058546,0,Clear shp men Deep Cleanse 360ml,7.5,10.9,-1,-14774017,1,0,17.0,0,0,1,2.0,0,7.5,0.0,0.0,0.0,45.33,7.5,10.9,61619.0
1620,6221155058508,0,Clear shp men Cool menthol 360ml,7.5,10.9,-1,-14774017,1,0,9.0,0,0,1,2.0,0,7.5,0.0,0.0,0.0,45.33,7.5,10.9,61620.0
1621,6221155065100,0,Clear shp men Shower Fresh 360ml,8.524,10.9,-1,-14774017,1,0,6.0,0,0,1,2.0,0,7.163,0.0,0.0,19.0,27.87,7.163,9.159,
1622,6221155054104,0,Clear shp strong Growth 360ml,7.49938,10.898848954,-1,-14774017,1,0,6.0,0,0,1,2.0,0,6.302,0.0,0.0,19.0,45.33,6.302,9.1586966,61622.0
1623,6221155054098,0,Clear shp Weightless Hydration 360ml,7.499,10.899,-1,-14774017,1,0,10.0,0,0,1,2.0,0,6.302,0.0,0.0,19.0,45.33,6.302,9.159,61623.0
1624,6221155065087,0,Clear Shmpo men 2en1 Style Express 360ml,7.5,10.9,-1,-14774017,1,0,13.0,0,0,1,2.0,0,7.5,0.0,0.0,0.0,45.33,7.5,10.9,61624.0
1625,6221155058522,0,Clear shp men 2en1 Hair Fall Defence 360ml,7.5,10.89975,-1,-14774017,1,0,10.0,0,0,1,2.0,0,7.5,0.0,0.0,0.0,45.33,7.5,10.89975,61625.0
1626,6192000719564,35,Pure Line lave main 200ml noix de coco & vanille,1.399,2.0,-1,-14774017,1,0,22.0,0,0,1,5.0,0,1.176,0.0,0.0,19.0,42.85,1.176,1.68,0.0
1627,6192000719588,0,Pure Line lave main 450ml Menthe & Citron,2.499,3.7,-1,-14774017,1,0,-50.0,0,0,1,5.0,0,2.1,0.0,0.0,19.0,48.04,2.1,3.109,
1628,6192445400072,0,Razar Creme a raser,1.752,2.2,-1,-14774017,1,0,29.0,0,0,1,2.0,0,1.472,0.0,0.0,19.0,25.5,1.472,1.847,0.0
1629,8717163738542,0,Signal dentifrices White Snow Forever 75 ML,7.499,9.8,-1,-14774017,1,0,1.0,0,0,1,2.0,0,6.302,0.0,0.0,19.0,30.7,6.302,8.237,
1630,8717163735336,0,Signal dentifrices W.Snow Teinte de blanc Instantanement 75 ML,7.499,9.8,-1,-14774017,1,0,26.0,0,0,1,2.0,0,6.302,0.0,0.0,19.0,30.7,6.302,8.237,61630.0
1631,6221155119995,0,Lux Savon Sweet Embrace 75g,1.741,2.202,-1,-14774017,1,0,3.0,0,0,1,2.0,0,1.463,0.0,0.0,19.0,26.5,1.463,1.851,61631.0
1632,6192000718123,0,Sunsilk SHP 350ml Miel,4.584,5.9,-1,-14774017,1,0,10.0,0,0,1,2.0,0,3.852,0.0,0.0,19.0,28.71,3.852,4.958,
1633,6192002401375,30,"Judy Nettoyant Savon de Marseille  4,75L",10.99,13.1,-1,-14774017,1,0,2.0,17,0,1,2.0,0,9.235,0.0,0.0,19.0,19.2,9.235,11.008,31633.0
1634,6192002402365,0,Judy Pistolet Vitre 3en1  Vert 500mL,4.66,5.6,-1,-14774017,1,0,18.0,17,0,1,2.0,0,3.916,0.0,0.0,19.0,20.17,3.916,4.706,31634.0
1635,6192002408664,0,Judy Linge Lavande Auto  2.6L,15.0,16.5,-1,-14774017,1,0,12.0,17,0,1,2.0,0,12.605,0.0,0.0,19.0,10.0,12.605,13.866,31635.0
1636,6192002401290,30,"Judy Nettoyant Pomme  4,75L",10.99,13.1,-1,-14774017,1,0,2.0,17,0,1,2.0,0,9.235,0.0,0.0,19.0,19.2,9.235,11.008,31636.0
1637,6192002401252,30,"Judy Nettoyant  Citron 4,75L",10.99,13.1,-1,-14774017,1,0,2.0,17,0,1,2.0,0,9.235,0.0,0.0,19.0,19.2,9.235,11.008,31637.0
1638,6192002420154,0,"Judy Nettoyant Océan 4,75L",9.99957,11.91948744,-1,-14774017,1,0,4.0,17,0,1,2.0,0,8.403,0.0,0.0,19.0,19.2,8.403,10.016376,31638.0
1639,6192002408268,30,Judy Vaiselle  Citron 580mL,3.0,3.8,-1,-14774017,1,0,0.0,17,0,1,2.0,0,2.521,0.0,0.0,19.0,26.7,2.521,3.194,51639.0
1640,6192002408657,30,Judy Vaiselle Aloe Vera 960mL,6.206,7.2,-1,-14774017,1,0,1.0,17,0,1,2.0,0,5.215,0.0,0.0,19.0,16.0,5.215,6.049,
1641,6130552009993,0,Cotex Papier Toilette confort  4+2 gratuit,2.52042,2.90003,-1,-14774017,1,0,326.0,56,0,1,2.0,0,2.118,0.0,0.0,19.0,15.08,2.118,2.4373944,31641.0
1642,3574669907842,0,Johnson shp Gold 300ml,7.624,9.5,-1,-14774017,1,0,0.0,0,0,1,4.0,0,7.45,14.0,0.0,19.0,24.6,6.407,7.983,
1643,3574660028096,5,Johnson Talc 100g,6.613425,8.299848375,-1,-14774017,1,0,5.0,27,0,1,2.0,0,6.175,10.0,0.0,19.0,25.5,5.5575,6.9746625,11643.0
1644,3600550454055,5,Mixa bébé shp Hypoallérgénique 250mL,10.514,12.6,-1,-14774017,1,0,4.0,32,0,1,4.0,0,9.5,7.0,0.0,19.0,19.85,8.835,10.589,
1645,3600551119816,5,MixaSHP Bébé Karité 300mL,13.05906,14.899081554,-1,-14774017,1,0,2.0,27,0,1,2.0,0,11.8,7.0,0.0,19.0,14.09,10.974,12.5202366,11645.0
1646,3574660310405,7,CLEAN AND CLEAR Natural Bright Cream 50mL,19.851,25.0,-1,-14774017,1,0,6.0,37,0,1,2.0,0,18.535,10.0,0.0,19.0,25.95,16.682,21.011,0.0
1647,3574661700809,3,LPM GD Abricot & Noisette 650mL,12.6378,14.8999662,-1,-14774017,1,0,7.0,14,0,1,2.0,0,11.8,10.0,0.0,19.0,17.9,10.62,12.52098,11647.0
1648,3600542509367,4,Garnier U.D Masque Trésor de Miel 340mL,14.5656,17.49911184,-1,-14774017,1,0,3.0,9,0,1,3.0,0,13.6,10.0,0.0,19.0,20.14,12.24,14.705136,11648.0
1649,3600542556705,0,Garnier U.D Oil Réplacement  Trésor de Miel 200mL,10.54935,11.96085303,-1,-14774017,1,0,8.0,19,0,1,3.0,0,9.85,10.0,0.0,19.0,13.38,8.865,10.051137,11649.0
1650,6192477621056,30,Lilas desorisant 4.75L fraicheur floral,5.1,6.1,-1,-14774017,1,0,2.0,43,0,1,2.0,0,4.286,0.0,0.0,19.0,19.59,4.286,5.126,221650.0
1651,6192477621070,30,Lilas desorisant 4.75L rose,5.1,6.1,-1,-14774017,1,0,-1.0,43,0,1,2.0,0,4.286,0.0,0.0,19.0,19.59,4.286,5.126,
1652,6192477621063,30,Lilas desorisant 4.75L lavande,5.1,6.099,-1,-14774017,1,0,2.0,43,0,1,2.0,0,4.286,0.0,0.0,19.0,19.59,4.286,5.126,221652.0
1653,6192011814036,30,Lilas lingette ultras douce 15,0.781,1.0,-1,-14774017,1,0,0.0,43,0,1,2.0,0,0.656,0.0,0.0,19.0,28.0,0.656,0.84,0.0
1654,8053264518332,6,Mood Teinture 8.00,7.045038,9.799647858,-1,-14774017,1,0,7.0,48,0,1,5.0,0,6.578,10.0,0.0,19.0,39.1,5.9202,8.2349982,11654.0
1655,6291069727104,1,Vatika SHP LOT 2*LEMON +1 Lemon 200 ml (Promo),3.0,9.999,-1,-5703422,1,1,165.0,47,0,1,2.0,0,2.521,0.0,0.0,19.0,233.29,2.521,8.402,
1656,6291069712148,1,Vatika SHP Henna 200 ml (Promo),3.0,3.33,-1,-16165874,1,1,2.0,47,0,1,2.0,0,2.521,0.0,0.0,19.0,11.1,2.521,2.801,0.0
1657,6195100311171,34,Kappo Film Fraicheur 100m,6.428,7.5,-1,-14774017,1,0,6.0,66,0,1,5.0,0,6.002,10.0,0.0,19.0,16.67,5.402,6.303,11657.0
1658,6195100311140,36,Kappo Papier Aluminium 100m,17.356626,19.9011073716,-1,-14774017,1,0,6.0,66,0,1,5.0,0,16.206,10.0,0.0,19.0,14.66,14.5854,16.72361964,11658.0
1659,6195100311164,34,Kappo Film Fraicheur 8m,1.863,1.5,-1,-14774017,1,0,18.0,66,0,1,6.0,0,1.957,20.0,0.0,19.0,16.73,1.566,1.828,11659.0
1660,6195100311133,36,Kappo Papier Aluminium 8m,2.095947,2.4998359869,-1,-14774017,1,0,14.0,66,0,1,6.0,0,1.957,10.0,0.0,19.0,19.27,1.7613,2.10070251,11660.0
1661,6130552006091,0,Cotex Essuie Tout Jumbo,8.8,10.0,-1,-14774017,1,0,2.0,56,0,1,2.0,0,7.395,0.0,0.0,19.0,13.65,7.395,8.404,
1662,6192409004520,30,DET liquide vaisselle limon 600ML,2.618,3.1,-1,-1245439,1,1,6.0,18,0,1,4.0,0,2.2,0.0,0.0,19.0,18.5,2.2,2.607,0.0
1663,6192409004759,0,DET liquide vaisselle Javellisé 600ML,2.91,3.6,-1,-14774017,1,1,12.0,18,0,1,4.0,0,2.521,3.0,0.0,19.0,23.74,2.445,3.026,81663.0
1664,6192409004568,0,Det liquide vaisselle Peau Sensible 600ml,2.91,3.7,-1,-2103313,1,1,8.0,18,0,1,2.0,0,2.521,3.0,0.0,19.0,27.16,2.445,3.109,81664.0
1665,6192400660305,30,Lotus Papier Toilette 2,1.401,1.6,-1,-14774017,1,0,0.0,54,0,1,10.0,0,1.177,0.0,0.0,19.0,14.0,1.177,1.342,0.0
1666,6192507800178,30,Raclette class,2.134,2.6,-1,-14774017,1,0,8.0,0,0,1,2.0,0,2.134,0.0,0.0,0.0,21.8,2.134,2.599,0.0
1667,887930417678,22,Kodak CR2025 B2,4.869,6.4,-1,-14774017,1,0,1.0,4,0,1,2.0,0,4.4,7.0,0.0,19.0,31.48,4.092,5.38,0.0
1668,887930417685,22,Kodak CR 2032 B-2,5.368,7.0,-1,-14774017,1,0,-1.0,4,0,1,2.0,0,4.85,7.0,0.0,19.0,30.4,4.511,5.882,0.0
1669,5000394035072,0,Duracell CR 2032 B5,4.36,5.5,-1,-14774017,1,0,16.0,5,0,1,2.0,0,3.94,7.0,0.0,19.0,26.14,3.664,4.622,11669.0
1670,6192409005886,30,Det gel machine 2.5L Protect,15.035,17.9,-1,-14774017,1,0,1.0,18,0,1,2.0,0,13.025,3.0,0.0,19.0,19.05,12.634,15.041,81670.0
1671,6192409006555,0,Lavax Sel Vaissel machine 2kg Régénérant,10.181,14.5,-1,-14774017,1,0,1.0,67,0,1,2.0,0,8.82,3.0,0.0,19.0,42.43,8.555,12.185,
1672,6192409004414,30,Lavax tablettes lave vaiselle 20p,12.973,16.0,-1,-14774017,1,0,12.0,67,0,1,2.0,0,11.239,3.0,0.0,19.0,23.35,10.902,13.448,51672.0
1673,6192409004971,0,Dex liquide vaisselle Pomme 5L,13.0955335,16.89978598175,-1,-14774017,1,0,4.0,18,0,1,2.0,0,11.345,3.0,0.0,19.0,29.05,11.00465,14.201500825,81673.0
1674,6192002408572,0,Judy liquide vaisselle Pomme 2.32L,10.601,12.2,-1,-14774017,1,0,6.0,17,0,1,2.0,0,8.908,0.0,0.0,19.0,15.09,8.908,10.252,
1675,6192002408589,0,Judy liquide vaisselle Citron Vert 2.32L,10.601,12.2,-1,-14774017,1,0,9.0,17,0,1,2.0,0,8.908,0.0,0.0,19.0,15.09,8.908,10.252,
1676,6192002408565,0,Judy liquide vaisselle Citron 2.32L,10.601,12.2,-1,-14774017,1,0,1.0,17,0,1,2.0,0,8.908,0.0,0.0,19.0,15.09,8.908,10.252,
1677,8003510004232,3,Malizia Gel douche 1000ml Rose,10.317,12.6,-1,-14774017,1,0,4.0,68,0,1,2.0,0,10.2,15.0,0.0,19.0,22.12,8.67,10.588,
1678,8003510014286,3,Malizia Gel douche 1000ml blackberry,9.71,12.6,-1,-14774017,1,0,0.0,68,0,1,2.0,0,10.2,20.0,0.0,19.0,29.77,8.16,10.589,
1679,8003510032167,0,Malizia Gel douche 1000ml Honey And ginger,10.317,12.601,-1,-14774017,1,0,8.0,68,0,1,2.0,0,10.2,15.0,0.0,19.0,22.13,8.67,10.589,11679.0
1680,8003510004249,0,Malizia Gel douche 1000ml Milk Cream,10.317,12.599,-1,-14774017,1,0,4.0,68,0,1,2.0,0,10.2,15.0,0.0,19.0,22.12,8.67,10.588,
1681,8003510017386,3,Malizia Gel douche 1000ml Talc,9.71,12.6,-1,-14774017,1,0,0.0,68,0,1,2.0,0,10.2,20.0,0.0,19.0,29.77,8.16,10.589,
1682,8003510025121,3,Malizia Gel douche 1000ml Goji berries and flower,10.317,12.6,-1,-14774017,1,0,0.0,68,0,1,2.0,0,10.2,15.0,0.0,19.0,22.12,8.67,10.588,11682.0
1683,8003510001217,0,Malizia Deo homme 150ml vetyver,7.91945,8.89987791,-1,-14774017,1,0,13.0,68,0,1,2.0,0,6.655,0.0,0.0,19.0,12.38,6.655,7.478889,11683.0
1684,8003510007493,12,Malizia Deo homme 150ml Sport Sans alcool,7.919,8.9,-1,-14774017,1,0,6.0,68,0,1,2.0,0,6.655,0.0,0.0,19.0,12.38,6.655,7.479,11684.0
1685,8003510014033,0,Malizia Deo homme 150ml Silver,7.919,8.9,-1,-14774017,1,0,15.0,68,0,1,2.0,0,6.655,0.0,0.0,19.0,12.38,6.655,7.479,11685.0
1686,8003510001729,0,Malizia Deo homme 150ml Amber,7.919,8.9,-1,-14774017,1,0,23.0,68,0,1,2.0,0,6.655,0.0,0.0,19.0,12.38,6.655,7.479,11686.0
1687,8003510008469,0,Malizia Deo homme 150ml Aqua,7.919,8.9,-1,-14774017,1,0,18.0,68,0,1,2.0,0,6.655,0.0,0.0,19.0,12.38,6.655,7.479,11687.0
1688,8003510007509,0,Malizia Deo homme 150ml Sport Energy,7.919,8.9,-1,-14774017,1,0,11.0,68,0,1,2.0,0,6.655,0.0,0.0,19.0,12.38,6.655,7.479,11688.0
1689,8003510001200,0,Malizia Deo homme 150ml musk,7.919,8.9,-1,-14774017,1,0,20.0,68,0,1,2.0,0,6.655,0.0,0.0,19.0,12.38,6.655,7.479,11689.0
1690,8003510003266,18,Malizia Trousse Vetyver,25.299,29.899,-1,-14774017,1,0,0.0,68,0,1,2.0,0,21.26,0.0,0.0,19.0,18.18,21.26,25.125,11690.0
1691,80483663,28,Malizia EDT Miami Pop,8.029,9.7,-1,-14774017,1,0,0.0,68,0,1,2.0,0,6.747,0.0,0.0,19.0,20.81,6.747,8.151,
1692,80483656,0,Malizia EDT Lucky U,8.029,9.7,-1,-14774017,1,0,16.0,68,0,1,2.0,0,6.747,0.0,0.0,19.0,20.81,6.747,8.151,11692.0
1693,80759300,0,Malizia EDT Mirty Love,7.699,8.699,-1,-14774017,1,0,14.0,68,0,1,2.0,0,6.47,0.0,0.0,19.0,12.98,6.47,7.31,11693.0
1694,80759294,0,Malizia EDT Cherry Kiss,8.029,9.7,-1,-14774017,1,0,8.0,68,0,1,2.0,0,6.747,0.0,0.0,19.0,20.81,6.747,8.151,11694.0
1695,80634171,0,Malizia EDT Milk Cake,8.029,9.7,-1,-14774017,1,0,15.0,68,0,1,2.0,0,6.747,0.0,0.0,19.0,20.81,6.747,8.151,11695.0
1696,80670346,0,Malizia EDT Sweet Candy,8.029,9.7,-1,-14774017,1,0,16.0,68,0,1,2.0,0,6.747,0.0,0.0,19.0,20.81,6.747,8.151,11696.0
1697,6192409002731,30,Lavax liquide de rincage 1L,7.922,9.5,-1,-14774017,1,0,0.0,67,0,1,2.0,0,6.863,3.0,0.0,19.0,19.89,6.657,7.981,0.0
1698,6192409004995,30,Lavax tablettes lave vaiselle 40p,19.436,23.498,-1,-14774017,1,0,4.0,67,0,1,2.0,0,16.838,3.0,0.0,19.0,20.9,16.333,19.747,81698.0
1699,4008455456218,30,Vaisselle Poudre DR Beckmann 75g,7.497,9.3,-1,-14774017,1,0,2.0,69,0,1,2.0,0,7.0,10.0,0.0,19.0,24.05,6.3,7.815,131699.0
1700,4008455577715,0,DR Beckmann 400ml Détachant tissus d'ameublement,11.246,13.599,-1,-14774017,1,0,6.0,69,0,1,2.0,0,10.5,10.0,0.0,19.0,20.93,9.45,11.428,131700.0
1701,5010287314504,30,Dr Beckmann 650 ml Nettoyant de tapis,11.2455,13.59932,-1,-14774017,1,0,5.0,69,0,1,2.0,0,10.5,10.0,0.0,19.0,20.05,9.45,11.344725,131701.0
1702,5010287380004,0,Dr Beckmann 375 ml Gel nettoyant pour four,7.497,9.0,-1,-14774017,1,0,4.0,69,0,1,2.0,0,7.0,10.0,0.0,19.0,20.0,6.3,7.56,
1703,6192465801835,0,Zynia lave main Pink Trip 370 ML,3.083,3.5,-1,-14774017,1,0,9.0,70,0,1,4.0,0,2.85,10.0,1.0,19.0,13.5,2.591,2.941,141703.0
1704,6192465801620,30,Zynia lave main Bergamote 370 ML,2.7583605,3.5003594745,-1,-14774017,1,0,8.0,70,0,1,4.0,0,2.7,15.0,1.0,19.0,26.9,2.31795,2.94147855,141704.0
1705,6192465801552,0,Zynia lave main  Miel Melon 370 ML,3.083,3.5,-1,-14774017,1,0,14.0,70,0,1,4.0,0,2.85,10.0,1.0,19.0,13.5,2.591,2.941,141705.0
1706,6192465801583,0,Zynia lave main  Jasmin Neroli 370 ML,3.083,3.5,-1,-14774017,1,0,10.0,70,0,1,4.0,0,2.85,10.0,1.0,19.0,13.5,2.591,2.941,141706.0
1707,6192465800111,0,Aseptika Bain Bouche Whitenning 350 ml,4.11,4.901,-1,-14774017,1,0,4.0,71,0,1,2.0,0,3.8,10.0,1.0,19.0,19.24,3.454,4.119,141707.0
1708,6192465800128,0,Aseptika Bain Bouche Regular 350 ml,4.11,4.901,-1,-14774017,1,0,10.0,71,0,1,2.0,0,3.8,10.0,1.0,19.0,19.24,3.454,4.119,141708.0
1709,6192465800104,17,Aseptika Bain Bouche Smokers 350 ml,4.11,5.4,-1,-14774017,1,0,0.0,71,0,1,2.0,0,3.8,10.0,1.0,19.0,31.37,3.454,4.538,
1710,6192477610784,0,Lilas Poudre Machine Anti-Bacterien 4KG,18.79962,21.700401366,-1,-14774017,1,0,5.0,43,0,1,2.0,0,15.798,0.0,0.0,19.0,15.43,15.798,18.2356314,221710.0
1711,6192011813909,0,Lilas Couche Jumbo 16+ Confort T6,26.669,27.5010728,-1,-14774017,1,0,-1.0,43,0,1,6.0,0,26.669,0.0,0.0,0.0,3.12,26.669,27.5010728,41711.0
1712,8000836429527,6,Bloom Kit coloration n°550,12.218,15.8,-1,-14774017,1,0,1.0,0,0,1,2.0,0,12.079,15.0,0.0,19.0,29.32,10.267,13.277,0.0
1713,8000836429503,6,Bloom Kit coloration n°566,12.218,15.8,-1,-14774017,1,0,0.0,72,0,1,2.0,0,12.079,15.0,0.0,19.0,29.32,10.267,13.277,0.0
1714,8000836429398,6,Bloom Kit coloration n°600,12.218,15.8,-1,-14774017,1,0,0.0,72,0,1,2.0,0,12.079,15.0,0.0,19.0,29.32,10.267,13.277,11714.0
1715,8000836429558,6,Bloom Kit coloration n°603,12.218,15.8,-1,-14774017,1,0,0.0,72,0,1,2.0,0,12.079,15.0,0.0,19.0,29.32,10.267,13.277,11715.0
1716,8000836429404,6,Bloom Kit coloration n°700,12.218,15.8,-1,-14774017,1,0,0.0,72,0,1,2.0,0,12.079,15.0,0.0,19.0,29.32,10.267,13.277,0.0
1717,8000836429459,6,Bloom Kit coloration n°710,12.218,15.8,-1,-14774017,1,0,3.0,72,0,1,2.0,0,12.079,15.0,0.0,19.0,29.32,10.267,13.277,0.0
1718,8000836429411,0,Bloom Kit coloration n°800,12.218,15.8,-1,-14774017,1,0,4.0,72,0,1,2.0,0,12.079,15.0,0.0,19.0,29.32,10.267,13.277,11718.0
1719,8000836429428,6,Bloom Kit coloration n °900,12.218,15.8,-1,-14774017,1,0,6.0,72,0,1,2.0,0,12.079,15.0,0.0,19.0,29.32,10.267,13.277,11719.0
1720,8000836429435,6,Bloom Kit coloration n°10.00,12.218,15.8,-1,-14774017,1,0,5.0,72,0,1,2.0,0,12.079,15.0,0.0,19.0,29.32,10.267,13.277,11720.0
1721,8000836429541,6,Bloom Kit coloration n°503,12.218,15.8,-1,-14774017,1,0,4.0,72,0,1,2.0,0,12.079,15.0,0.0,19.0,29.32,10.267,13.277,11721.0
1722,8000836429381,6,Bloom Kit coloration n°500,12.2179085,15.8001992722,-1,-14774017,1,0,5.0,72,0,1,2.0,0,12.079,15.0,0.0,19.0,29.32,10.26715,13.27747838,11722.0
1723,8000836429374,6,Bloom Kit coloration n°400,12.218,15.8,-1,-14774017,1,0,6.0,72,0,1,2.0,0,12.079,15.0,0.0,19.0,29.32,10.267,13.277,11723.0
1724,8000836429367,6,Bloom Kit coloration n°300,12.218,15.8,-1,-14774017,1,0,4.0,72,0,1,2.0,0,12.079,15.0,0.0,19.0,29.32,10.267,13.277,0.0
1725,8000836429350,6,Bloom Kit coloration n°100,12.2179085,15.8001992722,-1,-14774017,1,0,6.0,72,0,1,2.0,0,12.079,15.0,0.0,19.0,29.32,10.26715,13.27747838,11725.0
1726,8000836188691,4,Dikson Oil Gel pro-vitamine B5 500 ml,20.53107,26.398849806,-1,-14774017,1,0,4.0,73,0,1,2.0,0,19.17,10.0,0.0,19.0,28.58,17.253,22.1839074,11726.0
1727,8053264517076,4,MOOD Hairspray strong Hold 750 ml,14.343,18.5,-1,-14774017,1,0,0.0,48,0,1,2.0,0,14.18,15.0,0.0,19.0,28.98,12.053,15.546,11727.0
1728,8054619935804,8,Q-line papier épilation roll,17.786,22.8,-1,-14774017,1,0,4.0,74,0,1,2.0,0,17.584,15.0,0.0,19.0,28.19,14.946,19.159,0.0
1729,8054619934050,8,Velvet papier épilation strips,7.4577895,9.6996010237,-1,-14774017,1,0,5.0,75,0,1,2.0,0,7.373,15.0,0.0,19.0,30.06,6.26705,8.15092523,11729.0
1730,8050040400072,8,Epildeli wax rose 800 ml,22.375,28.9,-1,-14774017,1,0,5.0,76,0,1,2.0,0,22.121,15.0,0.0,19.0,29.16,18.803,24.286,0.0
1731,8050040400065,8,Epildeli wax rose 400 ml,13.77,17.9,-1,-14774017,1,0,4.0,76,0,1,2.0,0,13.613,15.0,0.0,19.0,30.0,11.571,15.042,0.0
1732,8050040400010,8,Epildeli wax Natural 800 ml,22.375,28.9,-1,-14774017,1,0,6.0,76,0,1,2.0,0,22.121,15.0,0.0,19.0,29.16,18.803,24.286,0.0
1733,8050040400003,8,Epildeli wax Natural 400 ml,13.77,17.9,-1,-14774017,1,0,6.0,76,0,1,2.0,0,13.613,15.0,0.0,19.0,30.0,11.571,15.042,0.0
1734,8050040400034,8,Epildeli wax Azulene 800 ml,22.375,28.9,-1,-14774017,1,0,6.0,76,0,1,2.0,0,22.121,15.0,0.0,19.0,29.16,18.803,24.286,0.0
1735,8050040400027,8,Epildeli wax Azulene 400 ml,13.77,17.9,-1,-14774017,1,0,6.0,76,0,1,2.0,0,13.613,15.0,0.0,19.0,30.0,11.571,15.042,0.0
1736,3610340651830,7,Garnier skin Active Nettoyant visage Vitamin C 100 ml,17.4097,21.19630975,-1,-14774017,1,0,2.0,25,0,1,2.0,0,15.4,5.0,0.0,19.0,21.75,14.63,17.812025,11736.0
1737,3610340651915,0,Garnier skin active créme fast Bright Vitamin C 50 ml,16.561825,20.738717265,-1,-14774017,1,0,2.0,25,0,1,2.0,0,14.65,5.0,0.0,19.0,25.22,13.9175,17.4274935,11737.0
1738,3600542398183,7,Garnier skin active Serum Booster Fast Bright Vitamin C 30 ml,43.462,52.9,-1,-14774017,1,0,3.0,25,0,1,2.0,0,38.445,5.0,0.0,19.0,21.72,36.523,44.454,0.0
1739,3600542562027,7,Garnier Skin Active Night Serum Vitamin C 30 ml,49.991,59.9,-1,-14774017,1,0,3.0,25,0,1,2.0,0,44.22,5.0,0.0,19.0,19.82,42.009,50.335,0.0
1740,3600542427531,7,Garnier masque Tissu Citron Vitamin C,10.135,12.5,-1,-14774017,1,0,10.0,25,0,1,2.0,0,8.965,5.0,0.0,19.0,23.37,8.517,10.507,0.0
1741,3600542387224,7,Garnier Masque Tissu Ananas Vitamin C,13.182,15.95,-1,-14774017,1,0,17.0,9,0,1,12.0,0,11.66,5.0,0.0,19.0,21.0,11.077,13.403,0.0
1742,3600542387262,7,Garnier Masque Tissu pastéque Acide Hyaluronique,13.182,15.95,-1,-14774017,1,0,19.0,25,0,1,2.0,0,11.66,5.0,0.0,19.0,21.0,11.077,13.403,0.0
1743,3600542383493,7,Garnier skin Active Masque Tissu yeux Anti-fatigue,6.497,7.99,-1,-14774017,1,0,13.0,25,0,1,2.0,0,5.747,5.0,0.0,19.0,23.0,5.46,6.716,0.0
1744,8050040400638,8,Cartouche de cire Naturel 100 ml,4.04957,4.8999797,-1,-14774017,1,0,33.0,76,0,1,2.0,0,3.403,0.0,0.0,19.0,21.0,3.403,4.11763,11744.0
1745,8050040400737,8,Cartouche de cire Azuléne 100 ml,4.04957,4.8999797,-1,-14774017,1,0,20.0,76,0,1,2.0,0,3.403,0.0,0.0,19.0,21.0,3.403,4.11763,11745.0
1746,8050040400645,8,Cartouche de cire Rose 100 ml,4.04957,4.8999797,-1,-14774017,1,0,33.0,76,0,1,2.0,0,3.403,0.0,0.0,19.0,21.0,3.403,4.11763,11746.0
1747,8050040401147,8,Epildeli Hot wax rose drops 1000 gr,36.45,44.1,-1,-14774017,1,0,3.0,76,0,1,2.0,0,30.63,0.0,0.0,19.0,20.99,30.63,37.059,0.0
1748,8050040401109,8,Epildeli hot wax yellow drops 1000 gr,36.45,44.1,-1,-14774017,1,0,1.0,76,0,1,2.0,0,30.63,0.0,0.0,19.0,20.99,30.63,37.059,0.0
1749,8050040401123,8,Epildeli hot wax Aloe drops 1000 gr,36.45,44.1,-1,-14774017,1,0,2.0,76,0,1,2.0,0,30.63,0.0,0.0,19.0,20.99,30.63,37.059,0.0
1750,8050327685314,6,Mood poudre decolorante ultra Blonde 400 gr,33.07486,39.901511104,-1,-14774017,1,0,3.0,48,0,1,2.0,0,27.794,0.0,0.0,19.0,20.64,27.794,33.5306816,11750.0
1751,8053264517588,6,Mood poudre decolorante Bleu 500 gr,33.074,39.9,-1,-14774017,1,0,2.0,48,0,1,2.0,0,27.793,0.0,0.0,19.0,20.64,27.793,33.529,0.0
1752,3474630251595,0,L’ORÉAL PROFESSIONNEL MAJIREL ROUGE,20.236,25.9,-1,-14774017,1,0,0.0,0,0,1,2.0,0,17.9,5.0,0.0,19.0,28.0,17.005,21.766,
1753,3474630449329,6,L'oreal Oxydant Créme 30 V,33.042,42.6,-1,-14774017,1,0,3.0,78,0,1,2.0,0,29.228,5.0,0.0,19.0,28.92,27.767,35.797,0.0
1754,3474630449282,6,L'oreal Oxydant Créme 20 V,33.042,42.6,-1,-14774017,1,0,6.0,78,0,1,2.0,0,29.228,5.0,0.0,19.0,28.92,27.767,35.797,0.0
1755,3474634003015,6,L’ORÉAL PROFESSIONNEL MAJIREL 9.1,20.236,25.9,-1,-14774017,1,0,0.0,78,0,1,2.0,0,17.9,5.0,0.0,19.0,28.0,17.005,21.766,0.0
1756,3474634002995,6,L’ORÉAL PROFESSIONNEL MAJIREL 9,20.236,25.9,-1,-14774017,1,0,3.0,78,0,1,6.0,0,17.9,5.0,0.0,19.0,28.0,17.005,21.766,0.0
1757,3474634003060,6,L’ORÉAL PROFESSIONNEL MAJIREL 8.1,20.236,25.9,-1,-14774017,1,0,11.0,78,0,1,2.0,0,17.9,5.0,0.0,19.0,28.0,17.005,21.766,0.0
1758,3474634003046,6,L’ORÉAL PROFESSIONNEL MAJIREL 8,20.236,25.9,-1,-14774017,1,0,8.0,78,0,1,2.0,0,17.9,5.0,0.0,19.0,28.0,17.005,21.766,0.0
1759,3474634002124,0,L’ORÉAL PROFESSIONNEL MAJIREL 7.44,20.236,25.9,-1,-14774017,1,0,1.0,78,0,1,2.0,0,17.9,5.0,0.0,19.0,28.0,17.005,21.766,
1760,3474634006429,6,L’ORÉAL PROFESSIONNEL MAJIREL 7.11,20.236,25.9,-1,-14774017,1,0,5.0,78,0,1,2.0,0,17.9,5.0,0.0,19.0,28.0,17.005,21.766,0.0
1761,3474634003107,6,L’ORÉAL PROFESSIONNEL MAJIREL 7.1,20.236,25.9,-1,-14774017,1,0,16.0,78,0,1,2.0,0,17.9,5.0,0.0,19.0,28.0,17.005,21.766,0.0
1762,3474634001486,6,L’ORÉAL PROFESSIONNEL MAJIREL 7.0,20.236,25.9,-1,-14774017,1,0,9.0,78,0,1,2.0,0,17.9,5.0,0.0,19.0,28.0,17.005,21.766,0.0
1763,3474634003084,6,L’ORÉAL PROFESSIONNEL MAJIREL 7,20.236,25.9,-1,-14774017,1,0,10.0,78,0,1,2.0,0,17.9,5.0,0.0,19.0,28.0,17.005,21.766,0.0
1764,3474630679290,6,L’ORÉAL PROFESSIONNEL MAJIREL 6.66,20.236,25.9,-1,-14774017,1,0,0.0,78,0,1,2.0,0,17.9,5.0,0.0,19.0,28.0,17.005,21.766,0.0
1765,3474634002155,6,L’ORÉAL PROFESSIONNEL MAJIREL 6.34,20.236,25.9,-1,-14774017,1,0,1.0,78,0,1,2.0,0,17.9,5.0,0.0,19.0,28.0,17.005,21.766,0.0
1766,3474634001608,6,L’ORÉAL PROFESSIONNEL MAJIREL 6.1,20.236,25.9,-1,-14774017,1,0,13.0,78,0,1,2.0,0,17.9,5.0,0.0,19.0,28.0,17.005,21.766,0.0
1767,3474634001578,6,L’ORÉAL PROFESSIONNEL MAJIREL 6.0,20.236,25.9,-1,-14774017,1,0,8.0,78,0,1,2.0,0,17.9,5.0,0.0,19.0,28.0,17.005,21.766,0.0
1768,3474634003138,6,L’ORÉAL PROFESSIONNEL MAJIREL 6,20.236,25.9,-1,-14774017,1,0,15.0,78,0,1,2.0,0,17.9,5.0,0.0,19.0,28.0,17.005,21.766,0.0
1769,3474636333110,6,L’ORÉAL PROFESSIONNEL MAJIREL 5.20,20.236,25.9,-1,-14774017,1,0,1.0,78,0,1,2.0,0,17.9,5.0,0.0,19.0,28.0,17.005,21.766,0.0
1770,3474634001684,6,L’ORÉAL PROFESSIONNEL MAJIREL 5.1,20.236,25.9,-1,-14774017,1,0,6.0,78,0,1,2.0,0,17.9,5.0,0.0,19.0,28.0,17.005,21.766,0.0
1771,3474634003176,6,L’ORÉAL PROFESSIONNEL MAJIREL 5,20.236,25.9,-1,-14774017,1,0,5.0,78,0,1,2.0,0,17.9,5.0,0.0,19.0,28.0,17.005,21.766,0.0
1772,3474634003213,6,L’ORÉAL PROFESSIONNEL MAJIREL 4,20.236,25.9,-1,-14774017,1,0,5.0,78,0,1,2.0,0,17.9,5.0,0.0,19.0,28.0,17.005,21.766,0.0
1773,3474634003237,6,L’ORÉAL PROFESSIONNEL MAJIREL 3,20.236,25.9,-1,-14774017,1,0,1.0,78,0,1,2.0,0,17.9,5.0,0.0,19.0,28.0,17.005,21.766,0.0
1774,3474634003244,6,L’ORÉAL PROFESSIONNEL MAJIREL 1,20.236,25.9,-1,-14774017,1,0,6.0,78,0,1,2.0,0,17.9,5.0,0.0,19.0,28.0,17.005,21.766,0.0
1775,3529311220657,16,Peggy Sage pedicure lime bois,28.687,34.9,-1,-14774017,1,0,3.0,79,0,1,2.0,0,28.361,15.0,0.0,19.0,21.66,24.107,29.328,0.0
1776,3529313004118,16,Peggy Sage pedicure lime plastique,12.048,14.7,-1,-14774017,1,0,0.0,79,0,1,2.0,0,11.911,15.0,0.0,19.0,22.02,10.124,12.353,0.0
1777,3529311229414,16,Peggy Sage Lime à ongles 2 faces,4.876,5.9,-1,-14774017,1,0,0.0,79,0,1,2.0,0,4.821,15.0,0.0,19.0,20.99,4.098,4.958,0.0
1778,3529311309222,0,Peggy Sage Colle faux cils noir,16.638,19.8,-1,-14774017,1,0,4.0,79,0,1,2.0,0,16.449,15.0,0.0,19.0,19.0,13.982,16.639,0.0
1779,3529311460497,16,Peggy Sage Colle pour ongle,30.982,37.9,-1,-14774017,1,0,2.0,79,0,1,2.0,0,30.63,15.0,0.0,19.0,22.33,26.036,31.849,0.0
1780,8697713837195,30,Asperox Magic blue nettoyant,8.499,10.9,-1,-14774017,1,0,0.0,80,0,1,2.0,0,7.142,0.0,0.0,19.0,28.25,7.142,9.16,0.0
1781,8697713836068,30,Aspérox Magic Yellow netoyant,8.499,10.9,-1,-14774017,1,0,2.0,80,0,1,2.0,0,7.142,0.0,0.0,19.0,28.25,7.142,9.16,0.0
1782,8697713824959,30,Peros Omo Machine 450 g Blanc,3.0,3.9,-1,-14774017,1,0,5.0,81,0,1,2.0,0,2.521,0.0,0.0,19.0,30.0,2.521,3.277,0.0
1783,8697713824966,30,Peros Omo Machine 450 g Coloré,3.0,3.9,-1,-14774017,1,0,2.0,81,0,1,2.0,0,2.521,0.0,0.0,19.0,30.0,2.521,3.277,0.0
1784,6192400682123,30,Lingette Bébé Peaudouce 40 P,3.0,3.9,-1,-14774017,1,0,0.0,51,0,1,12.0,0,3.0,0.0,0.0,0.0,30.0,3.0,3.9,
1785,8697713838864,30,Aspérox Sol Surfaces Violet 1 L,4.599,5.9,-1,-14774017,1,0,0.0,80,0,1,2.0,0,3.865,0.0,0.0,19.0,28.2,3.865,4.955,111785.0
1786,6192000584186,0,Lotus Distributeur Mouchoires voiture girly 80,1.0,1.9,-1,-14774017,1,0,5.0,0,0,1,2.0,0,0.84,0.0,0.0,19.0,90.0,0.84,1.596,391786.0
1787,6192017323013,1,Shp Baby Bubble,2.617,3.33,-1,-14774017,1,0,0.0,0,0,1,2.0,0,3.142,30.0,0.0,19.0,27.25,2.199,2.798,0.0
1788,6192017316053,0,A/Shp Rojanet,2.547,3.33,-1,-14774017,1,0,0.0,0,0,1,2.0,0,3.058,30.0,0.0,19.0,30.72,2.141,2.799,0.0
1789,6192017338888,0,Coffret de banoire Fille,10.254,12.8,-1,-14774017,1,0,0.0,0,0,1,2.0,0,12.31,30.0,0.0,19.0,24.8,8.617,10.754,0.0
1790,6192017302094,0,Coffret Enfant memich,7.56,9.8,-1,-14774017,1,0,0.0,0,0,1,2.0,0,9.075,30.0,0.0,19.0,29.63,6.353,8.235,0.0
1791,6192477610562,0,lilas poudre machine clean jasmin 4 kg,17.15,19.5,-1,-14774017,1,0,3.0,0,0,1,2.0,0,17.15,0.0,0.0,0.0,13.7,17.15,19.5,221791.0
1792,6192477610555,0,Lilas poudre machine savon de marseille 4 kg,17.149,18.5,-1,-14774017,1,0,1.0,0,0,1,2.0,0,14.411,0.0,0.0,19.0,7.87,14.411,15.545,0.0
1793,6192430019791,0,Nadhif poudre machine 5 kg,12.6,15.75,-1,-14774017,1,0,0.0,0,0,1,2.0,0,15.126,30.0,0.0,19.0,25.0,10.588,13.235,
1794,1404000000005,39,Brosse 3VE 1404,23.062,29.75,-1,-14774017,1,0,1.0,0,0,1,2.0,0,21.533,10.0,0.0,19.0,29.0,19.38,25.0,0.0
1795,1405000000002,39,Brosse 3VE 1405,32.061,39.9,-1,-14774017,1,0,3.0,82,0,1,2.0,0,29.936,10.0,0.0,19.0,24.46,26.942,33.532,0.0
1796,2014000000005,39,Brosse 3VE 2014,12.094,15.6,-1,-14774017,1,0,2.0,82,0,1,2.0,0,11.292,10.0,0.0,19.0,29.0,10.163,13.11,0.0
1797,2015000000002,39,Brosse 3VE 2015,12.374,15.9,-1,-14774017,1,0,2.0,82,0,1,2.0,0,11.554,10.0,0.0,19.0,28.5,10.399,13.363,0.0
1798,2016000000009,39,Brosse 3VE 2016,14.062,15.9,-1,-14774017,1,0,3.0,82,0,1,2.0,0,13.13,10.0,0.0,19.0,13.1,11.817,13.365,11798.0
1799,3600530169979,41,Maybelline Mousse Fondation n°26 Honey Beige SPF 15,21.913,28.898,-1,-14774017,1,0,3.0,83,0,1,2.0,0,30.69,40.0,0.0,19.0,31.88,18.414,24.284,11799.0
1800,3600530170005,41,Maybelline Mousse Fondation n°32 Golden,21.913,28.898,-1,-14774017,1,0,3.0,83,0,1,2.0,0,30.69,40.0,0.0,19.0,31.88,18.414,24.284,
1801,3600531221423,41,Maybelline Mousse Fondation n°12 Fair ivory,21.913,28.898,-1,-14774017,1,0,0.0,83,0,1,2.0,0,30.69,40.0,0.0,19.0,31.88,18.414,24.284,
1802,3600530168699,41,Maybelline Mousse Fondation n°30 Sable,21.913,28.898,-1,-14774017,1,0,3.0,83,0,1,2.0,0,30.69,40.0,0.0,19.0,31.88,18.414,24.284,
1803,3600530168712,0,Maybelline Mousse Fondation n°40 Cannelle,21.913,28.898,-1,-14774017,1,0,3.0,0,0,1,2.0,0,30.69,40.0,0.0,19.0,31.88,18.414,24.284,11803.0
1804,3600530170029,41,Maybelline Mousse Fondation n°48 Sun Beige,21.913,28.898,-1,-14774017,1,0,3.0,83,0,1,2.0,0,30.69,40.0,0.0,19.0,31.88,18.414,24.284,
1805,3600530168651,41,Maybelline Mousse Fondation n°20 Beige éclat,21.913,28.898,-1,-14774017,1,0,3.0,83,0,1,2.0,0,30.69,40.0,0.0,19.0,31.88,18.414,24.284,
1806,3600531320065,0,Maybelline Mascara Cils Sensational,26.429,31.701,-1,-14774017,1,0,3.0,83,0,1,2.0,0,37.015,40.0,0.0,19.0,19.95,22.209,26.64,
1807,1401000000004,39,Brosse 3VE 1401,18.224,22.9,-1,-14774017,1,0,3.0,82,0,1,2.0,0,17.016,10.0,0.0,19.0,25.65,15.314,19.242,0.0
1808,3600531355128,0,Maybelline Mascara faux cils Push up Angel,20.735,25.006,-1,-14774017,1,0,1.0,83,0,1,2.0,0,29.04,40.0,0.0,19.0,20.6,17.424,21.013,
1809,1403000000008,39,Brosse 3VE 1403,22.5,28.8,-1,-14774017,1,0,3.0,82,0,1,2.0,0,21.008,10.0,0.0,19.0,28.0,18.907,24.201,11809.0
1810,1486000000001,39,Brosse 3VE 1486,22.5,28.8,-1,-14774017,1,0,0.0,82,0,1,2.0,0,21.008,10.0,0.0,19.0,28.0,18.907,24.201,0.0
1811,30098756,0,Maybelline Mascara colorssal smoky Black,23.091,27.7,-1,-14774017,1,0,0.0,83,0,1,2.0,0,32.34,40.0,0.0,19.0,19.96,19.404,23.277,11811.0
1812,1487000000008,39,Brosse 3VE 1487,22.5,28.8,-1,-14774017,1,0,0.0,82,0,1,2.0,0,21.008,10.0,0.0,19.0,28.0,18.907,24.201,0.0
1813,30108387,41,Maybelline Mascara colorssal go extreme,20.735,26.9,-1,-14774017,1,0,0.0,83,0,1,2.0,0,29.04,40.0,0.0,19.0,29.75,17.424,22.608,0.0
1814,1492000000002,39,Brosse 3VE 1492,41.062,49.5,-1,-14774017,1,0,2.0,82,0,1,2.0,0,38.34,10.0,0.0,19.0,20.55,34.506,41.597,11814.0
1815,1425000000000,39,Brosse 3VE 1425,40.5,48.0,-1,-14774017,1,0,3.0,82,0,1,2.0,0,37.815,10.0,0.0,19.0,18.52,34.034,40.337,0.0
1816,3600531396831,41,Maybelline concealer anti age eraser n°05 Brightener,24.583,29.9,-1,-14774017,1,0,3.0,83,0,1,2.0,0,34.43,40.0,0.0,19.0,21.63,20.658,25.126,
1817,1430000000004,39,Brosse 3VE 1430,40.5,48.0,-1,-14774017,1,0,3.0,82,0,1,2.0,0,37.815,10.0,0.0,19.0,18.52,34.034,40.337,0.0
1818,3600530733866,0,Maybelline concealer anti age eraser n°03 Fair,24.583,29.9,-1,-14774017,1,0,3.0,83,0,1,2.0,0,34.43,40.0,0.0,19.0,21.63,20.658,25.126,
1819,2091000000006,39,Brosse 3VE 2091,30.528,38.5,-1,-14774017,1,0,0.0,82,0,1,2.0,0,28.504,10.0,0.0,19.0,26.1,25.654,32.35,0.0
1820,2092000000003,39,Brosse 3VE 2092,36.0,45.0,-1,-14774017,1,0,2.0,82,0,1,2.0,0,33.613,10.0,0.0,19.0,25.0,30.252,37.815,0.0
1821,3600531224479,41,Maybelline Lipstick n° 955 Craving Coral Matte Finish,19.399,24.9,-1,-14774017,1,0,2.0,83,0,1,2.0,0,27.17,40.0,0.0,19.0,28.35,16.302,20.924,
1822,1446000000005,39,Brosse 3VE 1446,36.843,46.0,-1,-14774017,1,0,3.0,82,0,1,2.0,0,34.401,10.0,0.0,19.0,24.85,30.961,38.655,0.0
1823,1445000000008,39,Brosse 3VE 1445,31.499,39.0,-1,-14774017,1,0,3.0,82,0,1,2.0,0,29.411,10.0,0.0,19.0,23.8,26.47,32.77,0.0
1824,3600531224493,41,Maybelline lipstick n°965 siren in scarlet matte finish,19.399,24.9,-1,-14774017,1,0,2.0,83,0,1,2.0,0,27.17,40.0,0.0,19.0,28.35,16.302,20.924,0.0
1825,1444000000001,39,Brosse 3VE 1444,29.249,36.5,-1,-14774017,1,0,3.0,82,0,1,2.0,0,27.31,10.0,0.0,19.0,24.8,24.579,30.675,0.0
1826,3600531224509,41,Maybelline lipstick n°970 Daring ruby matte finish,19.399,24.9,-1,-14774017,1,0,3.0,83,0,1,2.0,0,27.17,40.0,0.0,19.0,28.35,16.302,20.924,0.0
1827,1447000000002,39,Brosse 3VE 1447,40.5,49.9,-1,-14774017,1,0,3.0,82,0,1,2.0,0,37.815,10.0,0.0,19.0,23.2,34.034,41.93,0.0
1828,3600531363826,41,Maybelline lipstick n°983 Beige Babe Matte finish,19.399,24.9,-1,-14774017,1,0,0.0,83,0,1,2.0,0,27.17,40.0,0.0,19.0,28.35,16.302,20.924,0.0
1829,1449000000006,39,Brosse 3VE 1449,48.937,59.7,-1,-14774017,1,0,2.0,82,0,1,2.0,0,45.693,10.0,0.0,19.0,22.0,41.124,50.171,0.0
1830,3600531224486,41,Maybelline lipstick n°960 Red sunset Matte finish,19.399,24.9,-1,-14774017,1,0,0.0,83,0,1,2.0,0,27.17,40.0,0.0,19.0,28.35,16.302,20.924,0.0
1831,2017000000006,39,Brosse 3VE 2017,16.031,19.5,-1,-14774017,1,0,4.0,82,0,1,2.0,0,14.968,10.0,0.0,19.0,21.65,13.471,16.387,11831.0
1832,3600531349790,41,Maybelline lipstick n°942 blushing pout matte finish,19.399,24.9,-1,-14774017,1,0,0.0,83,0,1,2.0,0,27.17,40.0,0.0,19.0,28.35,16.302,20.924,0.0
1833,2018000000003,39,Brosse 3VE 2018,26.437,32.8,-1,-14774017,1,0,3.0,82,0,1,2.0,0,24.684,10.0,0.0,19.0,24.08,22.216,27.566,11833.0
1834,3600531349769,41,Maybelline lipstick n°978 burgundy blush matte finish,19.399,24.9,-1,-14774017,1,0,2.0,83,0,1,2.0,0,27.17,40.0,0.0,19.0,28.35,16.302,20.924,0.0
1835,3600531224462,41,Maybelline Lipstick n° 950 Magnetic Magneta Matte Finish,19.399,24.9,-1,-14774017,1,0,0.0,83,0,1,2.0,0,27.17,40.0,0.0,19.0,28.35,16.302,20.924,
1836,3600530854387,41,Maybelline powder super stay water proof n°21 nude,29.06,37.9,-1,-14774017,1,0,0.0,83,0,1,2.0,0,40.7,40.0,0.0,19.0,30.41,24.42,31.846,0.0
1837,3600531047795,0,Maybelline eyeliner hyper precise all day,20.42,24.5,-1,-14774017,1,0,3.0,83,0,1,2.0,0,28.6,40.0,0.0,19.0,19.98,17.16,20.589,
1838,8053264517823,6,Mood Oxydant 10 vol 100ml,2.610027,3.398255154,-1,-14774017,1,0,23.0,48,0,1,12.0,0,2.437,10.0,0.0,19.0,30.2,2.1933,2.8556766,51838.0
1839,8050327687349,0,Mood Teinture Sans amoniac 10.71,8.26,11.498,-1,-14774017,1,0,12.0,48,0,1,5.0,0,7.712,10.0,0.0,19.0,39.2,6.941,9.662,11839.0
1840,6192002401870,30,Judy Sol Surfaces 800mL,4.501,5.3,-1,-14774017,1,0,0.0,17,0,1,2.0,0,3.782,0.0,0.0,19.0,17.78,3.782,4.454,211840.0
1841,6192002401863,30,Judy Sol Surfaces Citron 800mL,4.501,5.3,-1,-14774017,1,0,0.0,17,0,1,2.0,0,3.782,0.0,0.0,19.0,17.77,3.782,4.454,0.0
1842,6192502700176,0,Sofpince Balais,1.212,2.4,-1,-14774017,1,0,9.0,17,0,1,2.0,0,1.05,3.0,0.0,19.0,97.96,1.019,2.017,81842.0
1843,8697713838857,30,Aspérox Sol Surfaces Citron 1 L,4.599,5.9,-1,-14774017,1,0,1.0,80,0,1,2.0,0,3.865,0.0,0.0,19.0,28.27,3.865,4.958,111843.0
1844,6192000220152,0,Diptox diffiseur avec Interpteur 45 m,6.3,7.5,-1,-14774017,1,0,3.0,0,0,1,2.0,0,7.563,30.0,0.0,19.0,19.0,5.294,6.3,0.0
1845,6194048225571,0,Bas Voile Lycra L/XL Noir Satina,4.326,5.5,-1,-14774017,1,0,0.0,0,0,1,2.0,0,5.193,30.0,0.0,19.0,27.2,3.635,4.624,0.0
1846,6194048226370,0,Bas Voile Lycra S/M Satina,4.326,5.5,-1,-14774017,1,0,0.0,0,0,1,2.0,0,5.193,30.0,0.0,19.0,27.2,3.635,4.624,0.0
1847,6194048205139,0,Collant Lycra Elecgance Taille 2,2.737,3.5,-1,-14774017,1,0,0.0,0,0,1,2.0,0,3.285,30.0,0.0,19.0,28.0,2.3,2.944,0.0
1848,6194048225601,0,Bas Voile Lycra L/XL Noir Satina,4.326,5.5,-1,-14774017,1,0,0.0,0,0,1,2.0,0,5.193,30.0,0.0,19.0,27.2,3.635,4.624,0.0
1849,6192000220169,0,Diptox Recharge,4.75,5.7,-1,-14774017,1,0,10.0,0,0,1,2.0,0,3.992,0.0,0.0,19.0,20.0,3.992,4.79,0.0
1850,6194048226387,0,Bas Voile Lycra S/M carina Satina,4.326,5.5,-1,-14774017,1,0,4.0,0,0,1,2.0,0,5.193,30.0,0.0,19.0,27.2,3.635,4.624,0.0
1851,6194048213592,0,Collant Fillette Paillette Blanc 6 ans,1.274,1.7,-1,-14774017,1,0,4.0,0,0,1,2.0,0,1.529,30.0,0.0,19.0,33.7,1.07,1.431,0.0
1852,6194048213363,0,Collant Fillette Paillette Rose 4 ans,1.274,1.7,-1,-14774017,1,0,8.0,0,0,1,2.0,0,1.529,30.0,0.0,19.0,33.4,1.07,1.427,0.0
1853,6194048213394,0,Collant Fillette Paillette Blanc 4 ans,1.274,1.7,-1,-14774017,1,0,6.0,0,0,1,2.0,0,1.529,30.0,0.0,19.0,33.3,1.07,1.426,0.0
1854,6194048213189,0,Collant Fillette Paillette Noir 2 ans,1.274,1.7,-1,-14774017,1,0,4.0,0,0,1,2.0,0,1.529,30.0,0.0,19.0,33.3,1.07,1.426,0.0
1855,6194048213196,0,Collant Fillette Paillette Blanc 2 ans,1.274,1.7,-1,-14774017,1,0,1.0,0,0,1,2.0,0,1.529,30.0,0.0,19.0,33.3,1.07,1.426,0.0
1856,6194048213691,0,Collant Fillette Paillette Blanc 8 ans,1.274,1.7,-1,-14774017,1,0,7.0,0,0,1,2.0,0,1.529,30.0,0.0,19.0,33.3,1.07,1.426,0.0
1857,6194048213790,0,Collant Fillette Paillette Blanc 10 ans,1.274,1.7,-1,-14774017,1,0,2.0,0,0,1,2.0,0,1.529,30.0,0.0,19.0,33.3,1.07,1.426,0.0
1858,6194048204224,0,Collant Fillette Dentelle Blanc 8 ans,1.463,1.99,-1,-14774017,1,0,4.0,0,0,1,2.0,0,1.756,30.0,0.0,19.0,36.0,1.229,1.671,0.0
1859,6194048273336,0,Collant Fillette petit lapin rose 2 ans,2.862,3.8,-1,-14774017,1,0,3.0,0,0,1,2.0,0,3.436,30.0,0.0,19.0,32.8,2.405,3.194,0.0
1861,6194048204231,0,Collant Fillette dentelle Blanc 10 ans,1.274,1.7,-1,-14774017,1,0,1.0,0,0,1,2.0,0,1.529,30.0,0.0,19.0,33.3,1.07,1.426,0.0
1862,6192307200031,0,Cristaux de soude 1 kg,6.621,8.8,-1,-14774017,1,0,0.0,0,0,1,2.0,0,7.949,30.0,0.0,19.0,32.9,5.564,7.395,0.0
1863,6192307200048,0,Sno savon Noir Liquide 1 L,14.074,18.299,-1,-14774017,1,0,10.0,0,0,1,2.0,0,16.426,28.0,0.0,19.0,30.02,11.827,15.377,11863.0
1864,6192409002076,30,Dex liquide vaisselle citron 3L,10.704,13.2,-1,-14774017,1,0,0.0,18,0,1,2.0,0,9.273,3.0,0.0,19.0,23.31,8.995,11.092,0.0
1865,8720181029233,12,Axe Deo homme 150ml Black Frozen,7.651,9.9,-1,-14774017,1,0,21.0,84,0,1,2.0,0,6.429,0.0,0.0,19.0,29.4,6.429,8.319,
1866,8720181027703,12,Axe Deo homme 150ml Ice Breaker,7.651,9.9,-1,-14774017,1,0,6.0,84,0,1,2.0,0,6.429,0.0,0.0,19.0,29.4,6.429,8.319,
1867,8710908052040,12,Axe Deo homme 150ml Black Night,7.651,9.9,-1,-14774017,1,0,20.0,84,0,1,2.0,0,6.429,0.0,0.0,19.0,29.4,6.429,8.319,
1868,8720181032226,12,Axe Deo homme 150ml Africa,7.651,9.9,-1,-14774017,1,0,39.0,84,0,1,2.0,0,6.429,0.0,0.0,19.0,29.4,6.429,8.319,
1869,8720181029363,12,Axe Deo homme 150ml Dark Temptation,7.651,9.9,-1,-14774017,1,0,0.0,84,0,1,2.0,0,6.429,0.0,0.0,19.0,29.4,6.429,8.319,
1870,8720181031595,12,Axe Deo homme 150ml Anarchy For Him,7.649,9.9,-1,-14774017,1,0,7.0,84,0,1,2.0,0,6.428,0.0,0.0,19.0,29.4,6.428,8.318,
1871,8720181030222,12,Axe Deo homme 150ml Gold Temptation,7.651,9.9,-1,-14774017,1,0,15.0,84,0,1,2.0,0,6.429,0.0,0.0,19.0,29.4,6.429,8.319,
1872,8720181027390,0,Axe Deo homme 150ml You,7.651,9.9,-1,-14774017,1,0,6.0,84,0,1,2.0,0,6.429,0.0,0.0,19.0,29.4,6.429,8.319,
1873,6192000718246,1,Sunsilk SHP 350ml Antichute,4.584,5.9,-1,-14774017,1,0,23.0,57,0,1,2.0,0,3.852,0.0,0.0,19.0,28.71,3.852,4.958,51873.0
1874,6221155061829,0,Signal dentifrices 75ml Herbel Miswak,2.768,3.8,-1,-14774017,1,0,34.0,58,0,1,2.0,0,2.326,0.0,0.0,19.0,37.3,2.326,3.194,61874.0
1875,6192477620806,30,Lilas desorisant 1.5L Citron,2.424,2.9,-1,-14774017,1,0,1.0,43,0,1,2.0,0,2.037,0.0,0.0,19.0,19.5,2.037,2.434,
1876,6192477620813,30,Lilas desorisant 1.5L Floral,2.424,2.9,-1,-14774017,1,0,13.0,43,0,1,2.0,0,2.037,0.0,0.0,19.0,19.5,2.037,2.434,221876.0
1877,6192477620820,30,Lilas desorisant 1.5L Lavande,2.424,2.9,-1,-14774017,1,0,10.0,43,0,1,2.0,0,2.037,0.0,0.0,19.0,19.62,2.037,2.437,221877.0
1878,6192477620851,30,Lilas desorisant 1.5L Jasmin,2.424,2.9,-1,-14774017,1,0,2.0,43,0,1,2.0,0,2.037,0.0,0.0,19.0,19.62,2.037,2.437,
1879,6192477623388,30,Lilas gel machine savon de marseille  2.5L,16.9,19.9,-1,-14774017,1,0,0.0,43,0,1,2.0,0,14.202,0.0,0.0,19.0,17.75,14.202,16.723,221879.0
1880,6192477623371,30,Lilas gel machine enzymax vert 2.5L,16.9,19.9,-1,-14774017,1,0,0.0,43,0,1,2.0,0,14.202,0.0,0.0,19.0,17.75,14.202,16.723,
1881,3665468500959,30,Harpic Gel Nettoyant WC ocean,6.719,8.4,-1,-14774017,1,0,0.0,85,0,1,2.0,0,5.821,3.0,0.0,19.0,25.0,5.646,7.058,0.0
1882,3665468500973,30,Harpic Gel Nettoyant WC 100%,6.719,8.4,-1,-14774017,1,0,1.0,85,0,1,2.0,0,5.821,3.0,0.0,19.0,25.0,5.646,7.058,0.0
1883,3665468500782,30,Harpic Gel Nettoyant WC power Plus,6.719,8.4,-1,-14774017,1,0,0.0,85,0,1,2.0,0,5.821,3.0,0.0,19.0,25.0,5.646,7.058,0.0
1884,6001106103675,30,Vanish gel détachant 450 ML,6.2,8.9001,-1,-14774017,1,0,4.0,86,0,1,2.0,0,6.2,0.0,0.0,0.0,43.55,6.2,8.9001,151884.0
1885,5000309002755,8,Veet Silky fresh 100 ml,7.984,12.902,-1,-14774017,1,0,7.0,0,0,1,2.0,0,6.709,0.0,0.0,19.0,61.6,6.709,10.842,51885.0
1886,3059943021693,30,Parfum d'ambiance airwick 250 ml rose,8.334,10.8,-1,-14774017,1,0,0.0,0,0,1,2.0,0,7.22,3.0,0.0,19.0,29.6,7.003,9.076,0.0
1887,3059943021709,30,Airwick pure parfum d'ambiance 250 ml,8.591,10.4,-1,-14774017,1,0,-1.0,88,0,1,2.0,0,8.591,0.0,0.0,0.0,21.06,8.591,10.4,151887.0
1888,5410721204246,30,2 Block chasse Nicols Blue water,3.741,4.8,-1,-14774017,1,0,0.0,0,0,1,2.0,0,3.241,3.0,0.0,19.0,28.3,3.144,4.034,0.0
1889,6001106128005,30,finish tab vaisselle 13 Tabs,11.7,15.6,-1,-14774017,1,0,0.0,0,0,1,2.0,0,13.854,27.0,0.0,19.0,29.6,10.113,13.106,0.0
1890,6223005873583,0,DETTOL Savon cool 85gr,1.849,2.4,-1,-14774017,1,1,1.0,0,0,1,2.0,0,1.602,3.0,0.0,19.0,29.8,1.554,2.017,0.0
1891,6223005873606,30,Dettol Savon skincare 85gr,1.849,2.4,-1,-14774017,1,0,20.0,90,0,1,2.0,0,1.602,3.0,0.0,19.0,29.8,1.554,2.017,0.0
1892,6223005873569,30,Dettol Savon RE-ENERGIZE 85gr,1.849,2.4,-1,-14774017,1,0,86.0,90,0,1,2.0,0,1.602,3.0,0.0,19.0,29.8,1.554,2.017,0.0
1893,3059946163840,30,Finish Gel vaisselle 650 ml,21.707,27.5,-1,-14774017,1,0,0.0,89,0,1,2.0,0,18.805,3.0,0.0,19.0,26.7,18.241,23.111,0.0
1894,6192011803764,0,Lilas Protege Slip conf plus long parfumé,2.911,3.3,-1,-14774017,1,0,40.0,43,0,1,12.0,0,2.911,0.0,0.0,0.0,13.35,2.911,3.3,41894.0
1895,8717644061725,12,Réxona deo femme 200ml Biorythm,9.5,12.5,-1,-14774017,1,0,3.0,91,0,1,2.0,0,7.983,0.0,0.0,19.0,31.58,7.983,10.504,211895.0
1896,8710447492222,12,Réxona deo femme 200ml tropical,9.5,12.5,-1,-14774017,1,0,4.0,91,0,1,2.0,0,7.983,0.0,0.0,19.0,31.58,7.983,10.504,
1897,8717163340455,12,Réxona deo femme 200ml Aloe vera,9.5,12.5,-1,-14774017,1,0,1.0,91,0,1,2.0,0,7.983,0.0,0.0,19.0,31.58,7.983,10.504,
1898,8710447492185,12,Réxona deo femme 200ml Cotton Dry,9.5,12.5,-1,-14774017,1,0,0.0,91,0,1,2.0,0,7.983,0.0,0.0,19.0,31.58,7.983,10.504,51898.0
1899,8710447492215,12,Réxona deo femme 200ml shower Fresh,9.5,12.5,-1,-14774017,1,0,1.0,91,0,1,2.0,0,7.983,0.0,0.0,19.0,31.58,7.983,10.504,
1900,8712561534918,12,Réxona deo Homme 200ml Invisible B.W,9.5,12.5,-1,-14774017,1,0,42.0,91,0,1,2.0,0,7.983,0.0,0.0,19.0,31.58,7.983,10.504,211900.0
1901,3574661039732,7,Neutrogena gel nettoyant Anti-brillance Citron Vert 200mL,17.907,23.4,-1,-14774017,1,0,3.0,92,0,1,2.0,0,15.84,5.0,0.0,19.0,30.68,15.048,19.665,0.0
1902,3574661338439,7,Neutrogena gel nettoyant Pureté pamplemousse 200mL,17.907,23.4,-1,-14774017,1,0,3.0,92,0,1,2.0,0,15.84,5.0,0.0,19.0,30.68,15.048,19.665,0.0
1903,3574661288352,7,Neutrogena Gel NettoyantHydro Boost 200mL,17.90712,23.4,-1,-14774017,1,0,4.0,92,0,1,2.0,0,15.84,5.0,0.0,19.0,30.68,15.048,19.6647264,11903.0
1904,3574661336404,7,Neutrogena Gel exfoliant Pureté Pamplemousse 150mL,17.907,23.4,-1,-14774017,1,0,5.0,92,0,1,2.0,0,15.84,5.0,0.0,19.0,30.68,15.048,19.665,11904.0
1905,3574661034805,7,Neutrogena Gel Exfoliant Anti-Brillance Citron vert 150mL,17.907,23.4,-1,-14774017,1,0,3.0,92,0,1,2.0,0,15.84,5.0,0.0,19.0,30.68,15.048,19.665,11905.0
1906,3574661430690,7,Neutrogena Gel exfoliant purifiant Skin detox 150mL,20.021155,23.396721733,-1,-14774017,1,0,2.0,92,0,1,2.0,0,17.71,5.0,0.0,19.0,16.86,16.8245,19.6611107,11906.0
1907,3574661332550,7,Neutrogena Anti-Boutons 2en1 150mL,17.907,23.4,-1,-14774017,1,0,0.0,92,0,1,2.0,0,15.84,5.0,0.0,19.0,30.68,15.048,19.665,0.0
1908,3574661430737,7,Neutrogena Skin Detox Masque argile purifiant 2en1 150mL,20.021155,23.396721733,-1,-14774017,1,0,3.0,92,0,1,2.0,0,17.71,5.0,0.0,19.0,16.86,16.8245,19.6611107,11908.0
1909,3574661182001,9,Neutrogena Lait de Corps réparation intense 250mL,20.021,23.9,-1,-14774017,1,0,5.0,92,0,1,2.0,0,17.71,5.0,0.0,19.0,19.37,16.825,20.084,
1910,3574661181882,9,Neutrogena Lait de Corps Hydratation intense 250mL,20.021,23.9,-1,-14774017,1,0,5.0,92,0,1,2.0,0,17.71,5.0,0.0,19.0,19.37,16.825,20.084,
1911,3574661391342,0,Neutrogena Gel crème de Corps hydratant et désaltérant 250mL,20.021,23.9,-1,-14774017,1,0,5.0,92,0,1,2.0,0,17.71,5.0,0.0,19.0,19.37,16.825,20.084,11911.0
1912,8050327685376,4,Mood Masque Ultra Care Restoring 1L,26.729,35.0,-1,-14774017,1,0,3.0,48,0,1,2.0,0,24.957,10.0,0.0,19.0,30.94,22.461,29.41,0.0
1913,8053264516628,1,Mood SHP Derma Balance 1L,19.44,24.9,-1,-14774017,1,0,3.0,48,0,1,2.0,0,18.151,10.0,0.0,19.0,28.09,16.336,20.925,
1914,8053264516673,1,Mood shp Intense Repair 1L,19.44,24.9,-1,-14774017,1,0,2.0,48,0,1,2.0,0,18.151,10.0,0.0,19.0,28.09,16.336,20.925,
1915,8050327684768,1,Mood shp Silver Specific Pro 1L,24.3,33.0,-1,-14774017,1,0,2.0,48,0,1,2.0,0,22.689,10.0,0.0,19.0,35.79,20.42,27.728,
1916,8053264516642,4,Mood Masque Intense Repair 1L,23.084,27.702,-1,-14774017,1,0,3.0,48,0,1,2.0,0,21.554,10.0,0.0,19.0,20.0,19.399,23.279,
1917,8053264516659,4,Mood Masque 480gr Intense Repair,14.884,17.9,-1,-14774017,1,0,3.0,48,0,1,2.0,0,13.897,10.0,0.0,19.0,20.27,12.507,15.042,
1918,8053264516680,1,Mood shp Intense Repair 400mL,12.15,17.5,-1,-14774017,1,0,2.0,48,0,1,2.0,0,11.344,10.0,0.0,19.0,44.03,10.21,14.705,
1919,8050327680111,1,Mood shp Cell Force 400mL,12.15,17.5,-1,-14774017,1,0,3.0,48,0,1,2.0,0,11.344,10.0,0.0,19.0,44.05,10.21,14.708,
1920,8053264516635,1,Mood shp Derma Balance 400mL,12.149424,17.4988153872,-1,-14774017,1,0,3.0,48,0,1,2.0,0,11.344,10.0,0.0,19.0,44.03,10.2096,14.70488688,11920.0
1921,8050327686342,4,Mood Hair Body Gard Cream Curly Hair 150mL,16.402,21.5,-1,-14774017,1,0,0.0,48,0,1,2.0,0,15.315,10.0,0.0,19.0,31.08,13.784,18.067,0.0
1922,8050327686366,4,Mood Hair Body Gard Cream Frizzy Hair 150mL,16.402,21.5,-1,-14774017,1,0,4.0,48,0,1,2.0,0,15.315,10.0,0.0,19.0,31.08,13.784,18.068,11922.0
1923,3600531324483,0,Maybelline  Fond de teint Fit me  105,29.572,35.501,-1,-14774017,1,0,1.0,83,0,1,2.0,0,24.85,0.0,0.0,19.0,20.05,24.85,29.832,
1924,3600531324551,0,Maybelline  Fond de teint Fit me  220,29.572,35.501,-1,-14774017,1,0,3.0,83,0,1,2.0,0,24.85,0.0,0.0,19.0,20.05,24.85,29.832,11924.0
1925,3600531395544,0,Maybelline  Fond de teint Fit me  238,29.572,35.501,-1,-14774017,1,0,4.0,83,0,1,2.0,0,24.85,0.0,0.0,19.0,20.05,24.85,29.832,11925.0
1926,3600531324544,0,Maybelline  Fond de teint Fit me 130,29.572,35.501,-1,-14774017,1,0,3.0,83,0,1,2.0,0,24.85,0.0,0.0,19.0,20.05,24.85,29.832,
1927,3600531631383,42,Maybelline Fit Me Matte & Poreless,25.704,32.9,-1,-14774017,1,0,2.0,83,0,1,2.0,0,21.6,0.0,0.0,19.0,28.0,21.6,27.648,0.0
1928,3600531453442,0,Maybelline  Fond de teint Fit me 312,29.572,35.501,-1,-14774017,1,0,4.0,83,0,1,2.0,0,24.85,0.0,0.0,19.0,20.05,24.85,29.832,211928.0
1929,3600531369392,0,Maybelline  Fond de teint Fit me 118,29.572,35.501,-1,-14774017,1,0,3.0,83,0,1,2.0,0,24.85,0.0,0.0,19.0,20.05,24.85,29.832,11929.0
1930,3600531324513,0,Maybelline  Fond de teint Fit me 115,29.572,35.501,-1,-14774017,1,0,3.0,83,0,1,2.0,0,24.85,0.0,0.0,19.0,20.05,24.85,29.832,11930.0
1931,3600531324896,0,Maybelline  Fond de teint Fit me 250,29.572,35.501,-1,-14774017,1,0,3.0,83,0,1,2.0,0,24.85,0.0,0.0,19.0,20.05,24.85,29.832,
1932,3600531324520,0,Maybelline  Fond de teint Fit me 120,29.572,35.501,-1,-14774017,1,0,3.0,83,0,1,2.0,0,24.85,0.0,0.0,19.0,20.05,24.85,29.832,11932.0
1933,3600531369026,0,Maybelline  Fond de teint Fit me 128,29.572,35.501,-1,-14774017,1,0,3.0,83,0,1,2.0,0,24.85,0.0,0.0,19.0,20.05,24.85,29.832,
1934,3600531533694,0,Maybelline Spray fixateur de maquillage Lasting Fix,49.266,59.001,-1,-14774017,1,0,1.0,83,0,1,2.0,0,41.4,0.0,0.0,19.0,19.76,41.4,49.581,
1935,3600531537357,42,Maybelline Fit Me Blush  50 Wine  Rouge,35.224,44.9,-1,-14774017,1,0,0.0,83,0,1,2.0,0,29.6,0.0,0.0,19.0,27.48,29.6,37.734,0.0
1936,3600531537289,42,Maybelline Fit Me Blush - 40 peach,35.224,44.9,-1,-14774017,1,0,2.0,83,0,1,2.0,0,29.6,0.0,0.0,19.0,27.48,29.6,37.734,0.0
1937,3600531537531,42,Maybelline Fit Me Blush - 35 coral,35.224,44.9,-1,-14774017,1,0,3.0,83,0,1,2.0,0,29.6,0.0,0.0,19.0,27.48,29.6,37.734,0.0
1938,30096608,0,Maybelline Anti-cernes Fit Me - 20,27.4,32.8,-1,-14774017,1,0,1.0,83,0,1,2.0,0,23.025,0.0,0.0,19.0,19.71,23.025,27.563,
1939,30096615,0,Maybelline Anti-cernes Fit Me - 25,27.4,32.8,-1,-14774017,1,0,3.0,83,0,1,2.0,0,23.025,0.0,0.0,19.0,19.71,23.025,27.563,
1940,30171343,0,Maybelline Anti-cernes Fit Me - 18,27.4,32.8,-1,-14774017,1,0,3.0,83,0,1,2.0,0,23.025,0.0,0.0,19.0,19.71,23.025,27.563,
1941,30096592,0,Maybelline Anti-cernes Fit Me - 15,27.4,32.8,-1,-14774017,1,0,3.0,83,0,1,2.0,0,23.025,0.0,0.0,19.0,19.71,23.025,27.563,
1942,30101661,0,Maybelline  mascara  ROCKET VOLUME Express,27.311,33.018,-1,-14774017,1,0,2.0,83,0,1,2.0,0,22.95,0.0,0.0,19.0,20.9,22.95,27.747,
1943,3600531584696,0,Maybelline  Mascara Falsies Lash Lift,37.247,47.9,-1,-14774017,1,0,0.0,0,0,1,2.0,0,31.3,0.0,0.0,19.0,28.6,31.3,40.252,0.0
1944,30167223,0,Maybelline Mascara Lash Sensational Sky Waterproof,39.984,48.001,-1,-14774017,1,0,3.0,83,0,1,2.0,0,33.6,0.0,0.0,19.0,20.05,33.6,40.337,
1945,30166967,0,Maybelline Mascara Cils Sensational,39.984,48.001,-1,-14774017,1,0,1.0,83,0,1,2.0,0,33.6,0.0,0.0,19.0,20.05,33.6,40.337,
1946,3600531143510,0,Maybelline  Mascara Lash Sensational,40.044,48.0,-1,-14774017,1,0,3.0,83,0,1,2.0,0,33.65,0.0,0.0,19.0,19.87,33.65,40.336,
1947,30152830,0,Maybelline Mascara Lash Sensational Sky High,39.984,48.001,-1,-14774017,1,0,3.0,83,0,1,2.0,0,33.6,0.0,0.0,19.0,20.05,33.6,40.337,11947.0
1948,3600531465247,42,Maybelline Instant Anti Age Eraser Concealer  07,37.247,47.9,-1,-14774017,1,0,3.0,83,0,1,2.0,0,31.3,0.0,0.0,19.0,28.6,31.3,40.252,0.0
1949,3600531396855,42,Maybelline Instant Anti Age Eraser Concealer 06,37.247,47.899642,-1,-14774017,1,0,3.0,83,0,1,2.0,0,31.3,0.0,0.0,19.0,28.6,31.3,40.2518,11949.0
1950,3600530733859,42,Maybelline Instant Anti Age Eraser Concealer 02,37.247,47.9,-1,-14774017,1,0,3.0,83,0,1,2.0,0,31.3,0.0,0.0,19.0,28.6,31.3,40.252,0.0
1951,3600530733842,42,Maybelline Instant Anti Age Eraser Concealer 01,37.247,47.9,-1,-14774017,1,0,3.0,83,0,1,2.0,0,31.3,0.0,0.0,19.0,28.6,31.3,40.252,0.0
1952,3600531469481,0,Maybelline Super stay gloss 80,35.7,42.801,-1,-14774017,1,0,6.0,83,0,1,2.0,0,30.0,0.0,0.0,19.0,19.89,30.0,35.967,11952.0
1953,3600531469412,0,Maybelline Super Stay Gloss 70,35.7,42.801,-1,-14774017,1,0,3.0,83,0,1,2.0,0,30.0,0.0,0.0,19.0,19.89,30.0,35.967,11953.0
1954,3600531469498,42,Maybelline Super Stay Gloss 65,35.7,39.898,-1,-14774017,1,0,0.0,83,0,1,2.0,0,30.0,0.0,0.0,19.0,11.76,30.0,33.528,
1955,3600531411138,0,Maybelline Super Stay Gloss 30,35.7,42.801,-1,-14774017,1,0,3.0,83,0,1,2.0,0,30.0,0.0,0.0,19.0,19.89,30.0,35.967,
1956,3600531411114,0,Maybelline Super Stay Gloss 20,35.7,42.801,-1,-14774017,1,0,3.0,83,0,1,2.0,0,30.0,0.0,0.0,19.0,19.89,30.0,35.967,
1957,3600531579067,0,Maybelline Super Stay Gloss 155,35.7,42.801,-1,-14774017,1,0,3.0,83,0,1,2.0,0,30.0,0.0,0.0,19.0,19.89,30.0,35.967,
1958,3600531411183,0,Maybelline Super Stay Gloss 10,35.7,42.801,-1,-14774017,1,0,1.0,83,0,1,2.0,0,30.0,0.0,0.0,19.0,19.89,30.0,35.967,11958.0
1959,3600531513436,0,Maybelline Super Stay Gloss 130,35.7,42.801,-1,-14774017,1,0,3.0,83,0,1,2.0,0,30.0,0.0,0.0,19.0,19.89,30.0,35.967,
1960,3600531513429,0,Maybelline Super Stay Gloss 125,35.7,42.801,-1,-14774017,1,0,2.0,83,0,1,2.0,0,30.0,0.0,0.0,19.0,19.89,30.0,35.967,11960.0
1961,3600531411107,0,Maybelline Super Stay Gloss 15,35.7,42.801,-1,-14774017,1,0,2.0,83,0,1,2.0,0,30.0,0.0,0.0,19.0,19.89,30.0,35.967,11961.0
1962,3600531513474,0,Maybelline Super Stay Gloss 118,35.7,42.801,-1,-14774017,1,0,3.0,83,0,1,2.0,0,30.0,0.0,0.0,19.0,19.89,30.0,35.967,11962.0
1963,3600531579036,0,Maybelline Super Stay Gloss 140,35.7,42.801,-1,-14774017,1,0,3.0,83,0,1,2.0,0,30.0,0.0,0.0,19.0,19.89,30.0,35.967,
1964,3600531513450,0,Maybelline Super Stay Gloss 117,35.7,42.801,-1,-14774017,1,0,3.0,83,0,1,2.0,0,30.0,0.0,0.0,19.0,19.89,30.0,35.967,
1965,3600531632410,0,Maybelline Fond de Teint Superstay 30 heurs  ( 21 ),44.03,53.201,-1,-14774017,1,0,1.0,83,0,1,2.0,0,37.0,0.0,0.0,19.0,20.83,37.0,44.707,
1966,3600531632519,0,Maybelline Fond de Teint Superstay 30 heurs  ( 34 ),44.03,53.201,-1,-14774017,1,0,1.0,83,0,1,2.0,0,37.0,0.0,0.0,19.0,20.83,37.0,44.707,
1967,3600531632380,0,Maybelline Fond de Teint Superstay 30 heurs  ( 10 ),44.03,53.201,-1,-14774017,1,0,3.0,83,0,1,2.0,0,37.0,0.0,0.0,19.0,20.83,37.0,44.707,
1968,3600531632458,0,Maybelline Fond de Teint Superstay 30 heurs  ( 28 ),44.03,53.201,-1,-14774017,1,0,3.0,83,0,1,2.0,0,37.0,0.0,0.0,19.0,20.83,37.0,44.707,
1969,3600531647988,0,Maybelline Superstay Concealer 30HS 25,41.65,50.001,-1,-14774017,1,0,3.0,83,0,1,2.0,0,35.0,0.0,0.0,19.0,20.05,35.0,42.018,
1970,3600531647964,0,Maybelline Superstay Concealer 30HS 20,41.65,50.001,-1,-14774017,1,0,3.0,83,0,1,2.0,0,35.0,0.0,0.0,19.0,20.05,35.0,42.018,
1971,3600531647926,0,Maybelline Superstay Concealer 30HS 10,41.65,50.001,-1,-14774017,1,0,3.0,83,0,1,2.0,0,35.0,0.0,0.0,19.0,20.05,35.0,42.018,
1972,30147492,0,Maybelline Super Stay Vinyl Ink Lipstick 95,54.383,65.504,-1,-14774017,1,0,2.0,83,0,1,2.0,0,45.7,0.0,0.0,19.0,20.45,45.7,55.046,
1973,30150065,0,Maybelline Super Stay Vinyl Ink Lipstick 120,54.383,65.504,-1,-14774017,1,0,2.0,83,0,1,2.0,0,45.7,0.0,0.0,19.0,20.45,45.7,55.046,
1974,30152618,0,Maybelline Super Stay Vinyl Ink Lipstick 110,54.383,65.504,-1,-14774017,1,0,3.0,83,0,1,2.0,0,45.7,0.0,0.0,19.0,20.45,45.7,55.046,
1975,30153219,0,Maybelline Super Stay Vinyl Ink Lipstick 35,54.383,65.504,-1,-14774017,1,0,3.0,83,0,1,2.0,0,45.7,0.0,0.0,19.0,20.45,45.7,55.046,
1976,30148116,0,Maybelline Super Stay Vinyl Ink Lipstick 15,54.383,65.504,-1,-14774017,1,0,1.0,83,0,1,2.0,0,45.7,0.0,0.0,19.0,20.45,45.7,55.046,11976.0
1977,3600531453350,0,Maybelline Colossal Kajal Argan Oil Eyeliner,13.685,16.501,-1,-14774017,1,0,1.0,83,0,1,2.0,0,11.5,0.0,0.0,19.0,20.58,11.5,13.867,11977.0
1978,3061376210247,0,Maybelline Colossal Crayon Kajal,14.578,17.5,-1,-14774017,1,0,1.0,83,0,1,2.0,0,12.25,0.0,0.0,19.0,20.05,12.25,14.706,11978.0
1979,3600530730308,0,Maybelline Hyper Precise liquide Noir,34.986,41.903,-1,-14774017,1,0,1.0,83,0,1,2.0,0,29.4,0.0,0.0,19.0,19.77,29.4,35.212,
1980,3600531630317,0,"Maybelline 
Tattoo Brow 36h Meduim",36.325,43.503,-1,-14774017,1,0,2.0,83,0,1,2.0,0,30.525,0.0,0.0,19.0,19.76,30.525,36.557,
1981,3600531630218,0,"Maybelline 
Tattoo Brow 36h SOFT",36.325,43.503,-1,-14774017,1,0,3.0,83,0,1,2.0,0,30.525,0.0,0.0,19.0,19.76,30.525,36.557,
1982,30174115,0,Maybelline Super Stay Ink Crayon À Lèvres 50,31.773,38.001,-1,-14774017,1,0,3.0,83,0,1,2.0,0,26.7,0.0,0.0,19.0,19.6,26.7,31.933,
1983,30174191,0,Maybelline Super Stay Ink Crayon À Lèvres 20,31.773,38.001,-1,-14774017,1,0,2.0,83,0,1,2.0,0,26.7,0.0,0.0,19.0,19.6,26.7,31.933,
1984,30174184,0,Maybelline Super Stay Ink Crayon À Lèvres 15,31.773,38.001,-1,-14774017,1,0,2.0,83,0,1,2.0,0,26.7,0.0,0.0,19.0,19.6,26.7,31.933,
1985,3600531592974,0,"Maybelline Palette 
Nudes Of New York",67.116,80.506,-1,-14774017,1,0,3.0,83,0,1,2.0,0,56.4,0.0,0.0,19.0,19.95,56.4,67.652,
1986,3600531429911,0,Maybelline Palette The Burgundy,67.116,80.506,-1,-14774017,1,0,3.0,83,0,1,2.0,0,56.4,0.0,0.0,19.0,19.95,56.4,67.652,
1987,3600531609726,0,Maybelline  Lifter Gloss 004 silk,35.7,42.901,-1,-14774017,1,0,2.0,83,0,1,2.0,0,30.0,0.0,0.0,19.0,20.17,30.0,36.051,
1988,3600531609764,0,Maybelline  Lifter Gloss 002 ice,35.7,42.901,-1,-14774017,1,0,2.0,83,0,1,2.0,0,30.0,0.0,0.0,19.0,20.17,30.0,36.051,
1989,3600531609771,0,Maybelline  Lifter Gloss 003 Moon,35.7,42.901,-1,-14774017,1,0,2.0,83,0,1,2.0,0,30.0,0.0,0.0,19.0,20.17,30.0,36.051,
1990,3600531609733,0,Maybelline  Lifter Gloss 005 petal,35.7,42.901,-1,-14774017,1,0,3.0,83,0,1,2.0,0,30.0,0.0,0.0,19.0,20.17,30.0,36.051,
1991,3600531609719,0,Maybelline  Lifter Gloss 008 Stone,35.7,42.901,-1,-14774017,1,0,2.0,83,0,1,2.0,0,30.0,0.0,0.0,19.0,20.17,30.0,36.051,
1992,8053264516697,1,Mood conditioner Silver Specific Pro 400 ml,15.794,20.5,-1,-14774017,1,0,3.0,48,0,1,2.0,0,14.747,10.0,0.0,19.0,29.8,13.272,17.227,
1993,8718951153400,3,Tahiti Gel douche Orchidé,7.063,7.9,-1,-14774017,1,0,0.0,93,0,1,2.0,0,5.935,0.0,0.0,19.0,11.85,5.935,6.638,0.0
1994,8718951153509,3,Tahiti Gel douche Vanille,7.063,7.9,-1,-14774017,1,0,0.0,93,0,1,2.0,0,5.935,0.0,0.0,19.0,11.85,5.935,6.638,0.0
1995,8718951153165,3,Tahiti Gel douche Bois Vivifiant,7.063,7.9,-1,-14774017,1,0,0.0,93,0,1,2.0,0,5.935,0.0,0.0,19.0,11.85,5.935,6.638,0.0
1996,8718951544413,3,Tahiti Gel douche Citron Huile de Coco,7.063,7.9,-1,-14774017,1,0,0.0,93,0,1,2.0,0,5.935,0.0,0.0,19.0,11.85,5.935,6.638,0.0
1997,8718951544475,3,Tahiti Gel douche Mangue,7.063,7.9,-1,-14774017,1,0,2.0,93,0,1,2.0,0,5.935,0.0,0.0,19.0,11.85,5.935,6.638,0.0
1998,8718951153202,3,Tahiti Gel douche Tiaré,7.063,7.9,-1,-14774017,1,0,3.0,93,0,1,2.0,0,5.935,0.0,0.0,19.0,11.85,5.935,6.638,0.0
1999,8718951263925,3,Tahiti Gel douche Eau de Lotus,7.063,7.9,-1,-14774017,1,0,5.0,93,0,1,2.0,0,5.935,0.0,0.0,19.0,11.85,5.935,6.638,0.0
2000,8718951544505,3,Tahiti Gel douche Lotus huile de coco,7.063,7.9,-1,-14774017,1,0,4.0,93,0,1,2.0,0,5.935,0.0,0.0,19.0,11.85,5.935,6.638,0.0
2001,6281001341123,35,Palmolive Savon 120 g Tender Sensation,3.064,3.7,-1,-14774017,1,0,4.0,94,0,1,2.0,0,2.575,0.0,0.0,19.0,20.75,2.575,3.109,12001.0
2002,6281001341130,35,Palmolive Savon 120 g Moisture care,3.064,3.7,-1,-14774017,1,0,6.0,94,0,1,2.0,0,2.575,0.0,0.0,19.0,20.75,2.575,3.109,12002.0
2003,6281001341147,35,Palmolive Savon 120 g Moisturizing Freshness,3.064,3.7,-1,-14774017,1,0,8.0,94,0,1,2.0,0,2.575,0.0,0.0,19.0,20.75,2.575,3.109,12003.0
2004,6281001341116,35,Palmolive Savon 120 g Balance Softness,3.064,3.7,-1,-14774017,1,0,4.0,94,0,1,2.0,0,2.575,0.0,0.0,19.0,20.75,2.575,3.109,12004.0
2005,6281001341178,35,Palmolive Savon 120 g Herbal Extract,3.064,3.7,-1,-14774017,1,0,8.0,94,0,1,2.0,0,2.575,0.0,0.0,19.0,20.75,2.575,3.109,12005.0
2006,8053264516703,1,Mood shp Silver Specific  400 ml,15.794,17.5,-1,-14774017,1,0,2.0,48,0,1,2.0,0,14.747,10.0,0.0,19.0,10.8,13.272,14.705,
2007,3610340015489,6,Garnier color natural chatin clair N°5,10.514,12.6,-1,-14774017,1,0,7.0,0,0,1,8.0,0,9.5,7.0,0.0,19.0,19.84,8.835,10.588,12007.0
2008,5000146980353,8,Veet Cream Sensitive 100 ML,8.034,12.9,-1,-14774017,1,0,5.0,87,0,1,2.0,0,6.751,0.0,0.0,19.0,60.58,6.751,10.841,12008.0
2009,5000309002601,8,Veet Cream Rose 100 ML,7.984,12.9,-1,-14774017,1,0,11.0,87,0,1,2.0,0,6.709,0.0,0.0,19.0,61.58,6.709,10.84,12009.0
2010,6295120025161,8,Veet Bandes Des Cires P.Sensitive de 10,10.49937,13.003469745,-1,-14774017,1,0,15.0,87,0,1,2.0,0,8.823,0.0,0.0,19.0,23.85,8.823,10.9272855,12010.0
2011,6295120025154,8,Veet Bandes de Cire P.Normal de 10,10.49937,13.003469745,-1,-14774017,1,0,12.0,87,0,1,2.0,0,8.823,0.0,0.0,19.0,23.85,8.823,10.9272855,12011.0
2012,8000836138818,1,Arkemusa shp Olive 500 ml,15.18678,19.59853959,-1,-14774017,1,0,3.0,95,0,1,4.0,0,14.18,10.0,0.0,19.0,29.05,12.762,16.469361,12012.0
2013,8000836138771,1,Arkemusa shp Macadamia 500 ml,15.18678,19.59853959,-1,-14774017,1,0,2.0,95,0,1,4.0,0,14.18,10.0,0.0,19.0,29.05,12.762,16.469361,12013.0
2014,8000836138795,1,Arkemusa shp Jojoba 500 ml,15.18678,19.59853959,-1,-14774017,1,0,4.0,95,0,1,4.0,0,14.18,10.0,0.0,19.0,29.05,12.762,16.469361,12014.0
2015,8000836138757,1,Arkemusa shp Fito Keratin 500 ml,15.18678,19.59853959,-1,-14774017,1,0,6.0,95,0,1,4.0,0,14.18,10.0,0.0,19.0,29.05,12.762,16.469361,12015.0
2016,8000836149722,4,Arkemusa Masque Macadamia 500 ml,15.794037,20.500660026,-1,-14774017,1,0,4.0,95,0,1,4.0,0,14.747,10.0,0.0,19.0,29.8,13.2723,17.2274454,12016.0
2017,8000836149807,4,Arkemusa Masque Olive 500 ml,15.794037,20.500660026,-1,-14774017,1,0,6.0,95,0,1,4.0,0,14.747,10.0,0.0,19.0,29.8,13.2723,17.2274454,12017.0
2018,8000836149760,4,Arkemusa Masque Jojoba 500 ml,15.794037,20.500660026,-1,-14774017,1,0,6.0,95,0,1,4.0,0,14.747,10.0,0.0,19.0,29.8,13.2723,17.2274454,12018.0
2019,8000836149685,4,Arkemusa Masque Fito Keratin 500 ml,15.794037,20.500660026,-1,-14774017,1,0,6.0,95,0,1,4.0,0,14.747,10.0,0.0,19.0,29.8,13.2723,17.2274454,12019.0
2020,5285001951277,0,Eelegance gel hair 250gr BLEU,4.998,5.7996792,-1,-14774017,1,0,12.0,38,0,1,2.0,0,4.2,0.0,0.0,19.0,16.04,4.2,4.87368,12020.0
2021,5285001951222,0,Eelegance gel hair 250gr ROSE,4.998,5.7996792,-1,-14774017,1,0,6.0,38,0,1,2.0,0,4.2,0.0,0.0,19.0,16.04,4.2,4.87368,12021.0
2022,8053264517830,6,Mood Oxydant 20 vol 100ml,2.610027,3.400865181,-1,-14774017,1,0,2.0,48,0,1,20.0,0,2.437,10.0,0.0,19.0,30.3,2.1933,2.8578699,52022.0
2023,5287000234634,15,ELSADA GEL VERT (Promo)  250 g,3.0,3.33,-1,-14774017,1,0,13.0,41,0,1,2.0,0,2.521,0.0,0.0,19.0,11.0,2.521,2.798,0.0
2024,30155824,41,Maybelline Anti-cernes Fit Me - 55,27.397,34.9,-1,-14774017,1,0,0.0,83,0,1,2.0,0,23.025,1.0,1.0,19.0,27.37,23.023,29.324,0.0
2025,3600531537470,42,Maybelline Fit Me Blush - 25 coral,35.224,44.9,-1,-14774017,1,0,0.0,83,0,1,2.0,0,29.6,0.0,0.0,19.0,27.48,29.6,37.734,0.0
2026,101902600005,41,Testeur Maybelline  Fond de teint Fit me 128,0.001,0.0,-1,-14774017,1,0,0.0,83,0,1,2.0,0,1.0,99.9,0.0,0.0,0.0,0.001,0.001,0.0
2027,101452000003,41,Testeur Maybelline  Fond de teint Fit me 120,0.001,0.0,-1,-14774017,1,0,0.0,83,0,1,2.0,0,1.0,99.9,0.0,0.0,0.0,0.001,0.001,0.0
2028,101939200001,41,Testeur Maybelline  Fond de teint Fit me 118,0.001,0.0,-1,-14774017,1,0,0.0,83,0,1,2.0,0,1.0,99.9,0.0,0.0,0.0,0.001,0.001,0.0
2029,101451300005,41,Testeur Maybelline  Fond de teint Fit me 115,0.001,0.0,-1,-14774017,1,0,0.0,83,0,1,2.0,0,1.0,99.9,0.0,0.0,0.0,0.001,0.001,0.0
2030,101448300001,41,Testeur Maybelline  Fond de teint Fit me  105,0.001,0.0,-1,-14774017,1,0,0.0,83,0,1,2.0,0,1.0,99.9,0.0,0.0,0.0,0.001,0.001,0.0
2031,101344200009,41,Testeur Maybelline  Fond de teint Fit me 312,0.001,0.0,-1,-14774017,1,0,0.0,83,0,1,2.0,0,1.0,99.9,0.0,0.0,0.0,0.001,0.001,0.0
2032,101489600009,41,Testeur Maybelline  Fond de teint Fit me 250,0.001,0.0,-1,-14774017,1,0,0.0,83,0,1,2.0,0,1.0,99.9,0.0,0.0,0.0,0.001,0.001,0.0
2033,101554400008,41,Testeur Maybelline  Fond de teint Fit me  238,0.001,0.0,-1,-14774017,1,0,0.0,83,0,1,2.0,0,1.0,99.9,0.0,0.0,0.0,0.001,0.001,0.0
2034,101455100007,41,Testeur Maybelline  Fond de teint Fit me  220,0.001,0.0,-1,-14774017,1,0,0.0,83,0,1,2.0,0,1.0,99.9,0.0,0.0,0.0,0.001,0.001,0.0
2035,101454400009,41,Testeur  Maybelline  Fond de teint Fit me 130,0.001,0.0,-1,-14774017,1,0,0.0,83,0,1,2.0,0,1.0,99.9,0.0,0.0,0.0,0.001,0.001,0.0
2036,101138300007,41,Testeur Maybelline Fit Me Matte & Poreless,0.001,0.0,-1,-14774017,1,0,1.0,83,0,1,2.0,0,1.001,99.9,0.0,0.0,0.0,0.001,0.001,0.0
2037,101261800009,41,Testeur Maybelline Super Stay Vinyl Ink Lipstick 110,0.001,0.0,-1,-14774017,1,0,1.0,83,0,1,2.0,0,1.001,99.9,0.0,0.0,0.0,0.001,0.001,0.0
2038,101749200000,41,Testeur Maybelline Super Stay Vinyl Ink Lipstick 95,0.001,0.0,-1,-14774017,1,0,1.0,83,0,1,2.0,0,1.001,99.9,0.0,0.0,0.0,0.001,0.001,0.0
2039,101321900007,41,Testeur Maybelline Super Stay Vinyl Ink Lipstick 35,0.001,0.0,-1,-14774017,1,0,1.0,83,0,1,2.0,0,1.001,99.9,0.0,0.0,0.0,0.001,0.001,0.0
2040,101006500003,41,Testeur Maybelline Super Stay Vinyl Ink Lipstick 120,0.001,0.0,-1,-14774017,1,0,1.0,83,0,1,2.0,0,1.001,99.9,0.0,0.0,0.0,0.001,0.001,0.0
2041,101283000005,41,Testeur Maybelline Mascara Lash Sensational Sky High,0.001,0.0,-1,-14774017,1,0,1.0,83,0,1,2.0,0,1.001,99.9,0.0,0.0,0.0,0.001,0.001,0.0
2042,101696700004,41,Testeur Maybelline Mascara Cils Sensational,0.001,0.0,-1,-14774017,1,0,1.0,83,0,1,2.0,0,1.001,99.9,0.0,0.0,0.0,0.001,0.001,0.0
2043,101469600005,41,Testeur Maybelline  Mascara Falsies Lash Lift,0.001,0.0,-1,-14774017,1,0,0.0,83,0,1,2.0,0,1.0,99.9,0.0,0.0,0.0,0.001,0.001,0.0
2044,101512800000,41,Testeur Maybelline Mascara faux cils Push up Angel,0.001,0.0,-1,-14774017,1,0,1.0,83,0,1,2.0,0,1.001,99.9,0.0,0.0,0.0,0.001,0.001,0.0
2045,101875600002,41,Testeur Maybelline Mascara colorssal smoky Black,0.001,0.0,-1,-14774017,1,0,1.0,83,0,1,2.0,0,1.001,99.9,0.0,0.0,0.0,0.001,0.001,0.0
2046,101351000005,41,Testeur Maybelline  Mascara Lash Sensational,0.001,0.0,-1,-14774017,1,0,0.0,83,0,1,2.0,0,1.0,99.9,0.0,0.0,0.0,0.001,0.001,0.0
2047,101351010004,41,Testeur Maybelline  Mascara Lash Sensational,0.001,0.0,-1,-14774017,1,0,0.0,83,0,1,2.0,0,1.0,99.9,0.0,0.0,0.0,0.001,0.001,0.0
2048,101006510002,0,Testeur Maybelline Mascara Cils Sensational,0.001,0.0,-1,-14774017,1,0,0.0,0,0,1,2.0,0,1.0,99.9,0.0,0.0,0.0,0.001,0.001,0.0
2049,101977100004,41,Testeur Maybelline  Lifter Gloss 003 Moon,0.001,0.0,-1,-14774017,1,0,0.0,83,0,1,2.0,0,1.0,99.9,0.0,0.0,0.0,0.001,0.001,0.0
2050,101972600004,41,Testeur Maybelline  Lifter Gloss 004 silk,0.001,0.0,-1,-14774017,1,0,0.0,83,0,1,2.0,0,1.0,99.9,0.0,0.0,0.0,0.001,0.001,0.0
2051,101973300002,41,Testeur Maybelline  Lifter Gloss 005 petal,0.001,0.0,-1,-14774017,1,0,0.0,83,0,1,2.0,0,1.0,99.9,0.0,0.0,0.0,0.001,0.001,0.0
2052,101971900006,41,Testeur Maybelline  Lifter Gloss 008 Stone,0.001,0.0,-1,-14774017,1,0,0.0,83,0,1,2.0,0,1.0,99.9,0.0,0.0,0.0,0.001,0.001,0.0
2053,101659200008,41,Testeur Maybelline Anti-cernes Fit Me - 15,0.001,0.0,-1,-14774017,1,0,1.0,83,0,1,2.0,0,1.001,99.9,0.0,0.0,0.0,0.001,0.001,0.0
2054,101134300001,41,Testeur Maybelline Anti-cernes Fit Me - 18,0.001,0.0,-1,-14774017,1,0,1.0,83,0,1,2.0,0,1.001,99.9,0.0,0.0,0.0,0.001,0.001,0.0
2055,101660800006,41,Testeur Maybelline Anti-cernes Fit Me - 20,0.001,0.0,-1,-14774017,1,0,1.0,83,0,1,2.0,0,1.001,99.9,0.0,0.0,0.0,0.001,0.001,0.0
2056,101661500004,41,Testeur Maybelline Anti-cernes Fit Me - 25,0.001,0.0,-1,-14774017,1,0,1.0,83,0,1,2.0,0,1.001,99.9,0.0,0.0,0.0,0.001,0.001,0.0
2057,101582400001,41,Testeur Maybelline Anti-cernes Fit Me - 55,0.001,0.0,-1,-14774017,1,0,0.0,83,0,1,2.0,0,1.0,99.9,0.0,0.0,0.0,0.001,0.001,0.0
2058,101251900009,41,Testeur Maybelline Fond de Teint Superstay 30 heurs  ( 34 ),0.001,0.0,-1,-14774017,1,0,0.0,83,0,1,2.0,0,1.0,99.9,0.0,0.0,0.0,0.001,0.001,0.0
2059,101245800001,41,Testeur  Maybelline Fond de Teint Superstay 30 heurs  ( 28 ),0.001,0.0,-1,-14774017,1,0,0.0,83,0,1,2.0,0,1.0,99.9,0.0,0.0,0.0,0.001,0.001,0.0
2060,101241000009,41,Testeur Maybelline Fond de Teint Superstay 30 heurs  ( 21 ),0.001,0.0,-1,-14774017,1,0,0.0,83,0,1,2.0,0,1.0,99.9,0.0,0.0,0.0,0.001,0.001,0.0
2061,101238000005,41,Testeur Maybelline Fond de Teint Superstay 30 heurs  ( 10 ),0.001,0.0,-1,-14774017,1,0,0.0,83,0,1,2.0,0,1.0,99.9,0.0,0.0,0.0,0.001,0.001,0.0
2062,101524700008,41,Testeur Maybelline Instant Anti Age Eraser Concealer  07,0.001,0.0,-1,-14774017,1,0,0.0,83,0,1,2.0,0,1.0,99.9,0.0,0.0,0.0,0.001,0.001,0.0
2063,101685500004,41,Testeur Maybelline Instant Anti Age Eraser Concealer 06,0.001,0.0,-1,-14774017,1,0,1.0,83,0,1,2.0,0,1.001,99.9,0.0,0.0,0.0,0.001,0.001,0.0
2064,101385900005,41,Testeur Maybelline Instant Anti Age Eraser Concealer 02,0.001,0.0,-1,-14774017,1,0,1.0,83,0,1,2.0,0,1.001,99.9,0.0,0.0,0.0,0.001,0.001,0.0
2065,101384200007,41,Testeur Maybelline Instant Anti Age Eraser Concealer 01,0.001,0.0,-1,-14774017,1,0,1.0,83,0,1,2.0,0,1.001,99.9,0.0,0.0,0.0,0.001,0.001,0.0
2066,101906700008,42,Testeur Maybelline Super Stay Gloss 155,0.001,0.0,-1,-14774017,1,0,1.0,83,0,1,2.0,0,1.001,99.9,0.0,0.0,0.0,0.001,0.001,0.0
2067,101903600004,41,Testeur Maybelline Super Stay Gloss 140,0.001,0.0,-1,-14774017,1,0,1.0,83,0,1,2.0,0,1.001,99.9,0.0,0.0,0.0,0.001,0.001,0.0
2068,101343600008,41,Testeur Maybelline Super Stay Gloss 130,0.001,0.0,-1,-14774017,1,0,1.0,83,0,1,2.0,0,1.001,99.9,0.0,0.0,0.0,0.001,0.001,0.0
2069,101345000004,41,Testeur Maybelline Super Stay Gloss 117,0.001,0.0,-1,-14774017,1,0,1.0,83,0,1,2.0,0,1.001,99.9,0.0,0.0,0.0,0.001,0.001,0.0
2070,101948100002,41,Testeur Maybelline Super stay gloss 80,0.001,0.0,-1,-14774017,1,0,1.0,83,0,1,2.0,0,1.001,99.9,0.0,0.0,0.0,0.001,0.001,0.0
2071,101941200006,41,Testeur Maybelline Super Stay Gloss 70,0.001,0.0,-1,-14774017,1,0,1.0,83,0,1,2.0,0,1.001,99.9,0.0,0.0,0.0,0.001,0.001,0.0
2072,101111400007,41,Testeur Maybelline Super Stay Gloss 20,0.001,0.0,-1,-14774017,1,0,1.0,83,0,1,2.0,0,1.001,99.9,0.0,0.0,0.0,0.001,0.001,0.0
2073,101342900000,41,Testeur Maybelline Super Stay Gloss 125,0.001,0.0,-1,-14774017,1,0,1.0,83,0,1,2.0,0,1.001,99.9,0.0,0.0,0.0,0.001,0.001,0.0
2074,101347400000,41,Testeur Maybelline Super Stay Gloss 118,0.001,0.0,-1,-14774017,1,0,1.0,83,0,1,2.0,0,1.001,99.9,0.0,0.0,0.0,0.001,0.001,0.0
2075,101949800000,41,Testeur Maybelline Super Stay Gloss 65,0.001,0.0,-1,-14774017,1,0,0.0,83,0,1,2.0,0,1.001,99.9,0.0,0.0,0.0,0.001,0.001,0.0
2076,101113800003,41,Testeur Maybelline Super Stay Gloss 30,0.001,0.0,-1,-14774017,1,0,1.0,83,0,1,2.0,0,1.001,99.9,0.0,0.0,0.0,0.001,0.001,0.0
2077,101110700009,41,Testeur Maybelline Super Stay Gloss 15,0.001,0.0,-1,-14774017,1,0,1.0,83,0,1,2.0,0,1.001,99.9,0.0,0.0,0.0,0.001,0.001,0.0
2078,101118300003,41,Testeur Maybelline Super Stay Gloss 10,0.001,0.0,-1,-14774017,1,0,1.0,83,0,1,2.0,0,1.001,99.9,0.0,0.0,0.0,0.001,0.001,0.0
2079,101411500001,41,Testeur Maybelline Super Stay Ink Crayon À Lèvres 50,0.001,0.0,-1,-14774017,1,0,1.0,83,0,1,2.0,0,1.001,99.9,0.0,0.0,0.0,0.001,0.001,0.0
2080,101419100005,41,Testeur Maybelline Super Stay Ink Crayon À Lèvres 20,0.001,0.0,-1,-14774017,1,0,1.0,83,0,1,2.0,0,1.001,99.9,0.0,0.0,0.0,0.001,0.001,0.0
2081,101418400007,41,Testeur Maybelline Super Stay Ink Crayon À Lèvres 15,0.001,0.0,-1,-14774017,1,0,1.0,83,0,1,2.0,0,1.001,99.9,0.0,0.0,0.0,0.001,0.001,0.0
2082,101031700003,41,Testeur Maybelline Tattoo Brow 36h Meduim,0.001,0.0,-1,-14774017,1,0,1.0,83,0,1,2.0,0,1.001,99.9,0.0,0.0,0.0,0.001,0.001,0.0
2083,101021800003,41,Testeur Maybelline Tattoo Brow 36h SOFT,0.001,0.0,-1,-14774017,1,0,1.0,83,0,1,2.0,0,1.001,99.9,0.0,0.0,0.0,0.001,0.001,0.0
2084,101024700003,41,Testeur Maybelline Colossal Crayon Kajal,0.001,0.0,-1,-14774017,1,0,1.0,83,0,1,2.0,0,1.001,99.9,0.0,0.0,0.0,0.001,0.001,0.0
2085,101335000007,41,Testeur Maybelline Colossal Kajal Argan Oil Eyeliner,0.001,0.0,-1,-14774017,1,0,1.0,83,0,1,2.0,0,1.001,99.9,0.0,0.0,0.0,0.001,0.001,0.0
2086,101030800001,0,Testeur Maybelline Hyper Precise liquide Noir,0.001,0.0,-1,-14774017,1,0,1.0,0,0,1,2.0,0,1.001,99.9,0.0,0.0,0.0,0.001,0.001,0.0
2087,101779500002,41,Testeur Maybelline eyeliner hyper precise all day,0.001,0.0,-1,-14774017,1,0,0.0,83,0,1,2.0,0,1.0,99.9,0.0,0.0,0.0,0.001,0.001,0.0
2088,101991100004,41,Testeur Maybelline Palette The Burgundy,0.001,0.0,-1,-14774017,1,0,1.0,83,0,1,2.0,0,1.001,99.9,0.0,0.0,0.0,0.001,0.001,0.0
2089,101297400006,41,Testeur Maybelline Palette Nudes Of New York,0.001,0.0,-1,-14774017,1,0,1.0,83,0,1,2.0,0,1.001,99.9,0.0,0.0,0.0,0.001,0.001,0.0
2090,101735700002,41,Testeur Maybelline Fit Me Blush  50 Wine  Rouge,0.001,0.0,-1,-14774017,1,0,0.0,83,0,1,2.0,0,1.0,99.9,0.0,0.0,0.0,0.001,0.001,0.0
2091,101728900006,41,Testeur Maybelline Fit Me Blush - 40 peach,0.001,0.0,-1,-14774017,1,0,1.0,83,0,1,2.0,0,1.001,99.9,0.0,0.0,0.0,0.001,0.001,0.0
2092,101753100006,41,Testeur Maybelline Fit Me Blush - 35 coral,0.001,0.0,-1,-14774017,1,0,1.0,83,0,1,2.0,0,1.001,99.9,0.0,0.0,0.0,0.001,0.001,0.0
2093,101127700009,41,Testeur Maybelline Instant Anti Age Eraser Concealer multiuse,0.001,0.0,-1,-14774017,1,0,0.0,83,0,1,2.0,0,1.0,99.9,0.0,0.0,0.0,0.001,0.001,0.0
2094,101747000008,41,Testeur Maybelline Fit Me Blush - 25 coral,0.001,0.0,-1,-14774017,1,0,0.0,83,0,1,2.0,0,1.0,99.9,0.0,0.0,0.0,0.001,0.001,0.0
2095,3600531561277,0,Maybelline Instant Anti Age Eraser Concealer Multiuse,37.247,47.9,-1,-14774017,1,0,0.0,0,0,1,2.0,0,31.3,0.0,0.0,19.0,28.6,31.3,40.252,0.0
2096,6130552006503,34,Cotex Essuie Tout CLassic 2+1gratuits,2.448,2.9,-1,-14774017,1,0,35.0,56,0,1,2.0,0,2.057,0.0,0.0,19.0,18.48,2.057,2.437,32096.0
2097,6130552009511,34,Servillette de Table Neto 30x30 cm (80),0.969,1.2,-1,-14774017,1,0,34.0,0,0,1,2.0,0,0.814,0.0,0.0,19.0,24.0,0.814,1.009,0.0
2098,6192002408329,30,Judy Linge Machine bleu 3 L,15.0,19.021,-1,-14774017,1,0,0.0,17,0,1,2.0,0,12.605,0.0,0.0,19.0,26.81,12.605,15.984,
2099,101012021400,53,Serpillere PM,0.889,1.5,-1,-14774017,1,1,51.0,0,0,1,2.0,0,0.77,3.0,0.0,19.0,68.73,0.747,1.26,82099.0
2100,6192477630478,0,Lilas Javel Classic 3L+1L GRATUIT,3.601,4.2,-1,-14774017,1,0,-1.0,43,0,1,2.0,0,3.601,0.0,0.0,0.0,16.63,3.601,4.2,222100.0
2101,8697926024276,15,CLASS CIRE ORANGE POWER 150 ML,5.236,6.9,-1,-14774017,1,0,4.0,20,0,1,2.0,0,4.4,0.0,0.0,19.0,31.8,4.4,5.799,0.0
2102,6192002020026,0,Choc Gel wc,2.425,3.0,-1,-14774017,1,0,9.0,0,0,1,2.0,0,2.101,3.0,0.0,19.0,23.8,2.038,2.523,82102.0
2103,6221048408243,0,Signal dentifrices 50ml Cavity Fighter Mint,2.1,2.5,-1,-14774017,1,0,1.0,58,0,1,2.0,0,1.765,0.0,0.0,19.0,19.2,1.765,2.104,
2104,6192000719380,0,Sunsilk SHP 600ml Brillance,6.582,7.5995772,-1,-14774017,1,0,19.0,57,0,1,2.0,0,6.582,0.0,0.0,0.0,15.46,6.582,7.5995772,52104.0
2105,6192440000666,7,Jet 7 Black Mask Peel OFF 100mL,3.0,3.9,-1,-14774017,1,0,8.0,0,0,1,2.0,0,2.521,0.0,0.0,19.0,30.0,2.521,3.277,0.0
2106,3337875518451,7,La Roche Posay Effaclar DUO + Unifiant 40mL,45.0,58.5,-1,-14774017,1,0,3.0,96,0,1,2.0,0,37.815,0.0,0.0,19.0,30.0,37.815,49.16,0.0
2107,4008496556342,0,Varta Superlife R20,6.724,7.6,-1,-14774017,1,0,10.0,97,0,1,2.0,0,5.65,0.0,0.0,19.0,13.04,5.65,6.387,12107.0
2108,4008496556540,22,Varta R20 S.W,5.831,7.2,-1,-14774017,1,0,1.0,97,0,1,2.0,0,4.9,0.0,0.0,19.0,23.5,4.9,6.052,0.0
2109,4902580151140,22,Maxell R20 Lonh Lasting,5.831,7.2,-1,-14774017,1,0,4.0,8,0,1,2.0,0,4.9,0.0,0.0,19.0,23.5,4.9,6.052,0.0
2110,4902580151171,22,Maxell R20 S.W,5.355,6.5,-1,-14774017,1,0,2.0,8,0,1,2.0,0,4.5,0.0,0.0,19.0,21.35,4.5,5.461,0.0
2111,887930946383,22,Kodak R20 EXTRA HEAVY DUTY,5.6525,6.9,-1,-14774017,1,0,8.0,4,0,1,2.0,0,4.75,0.0,0.0,19.0,22.1,4.75,5.79975,12111.0
2112,887930410396,22,Kodak R20 S.W,5.355,6.5,-1,-14774017,1,0,2.0,4,0,1,2.0,0,4.5,0.0,0.0,19.0,21.35,4.5,5.461,0.0
2113,6192477624095,30,Lilas Liquide Main Extra Narjess 2L,7.46963,8.900064145,-1,-14774017,1,0,11.0,43,0,1,2.0,0,6.277,0.0,0.0,19.0,19.15,6.277,7.4790455,222113.0
2114,6192477623494,30,Lilas Fortox Extra Fort 300mL,3.451,3.9,-1,-14774017,1,0,0.0,43,0,1,2.0,0,2.9,0.0,0.0,19.0,13.0,2.9,3.277,212114.0
2115,6192477623173,30,Lilas Fortox Citron 300mL,3.451,3.9,-1,-14774017,1,0,0.0,43,0,1,2.0,0,2.9,0.0,0.0,19.0,13.0,2.9,3.277,0.0
2116,6192477623180,30,Lilas Fortox Classic 500mL,4.699,5.4,-1,-14774017,1,0,0.0,43,0,1,2.0,0,3.949,0.0,0.0,19.0,15.0,3.949,4.541,212116.0
2117,6192477623197,0,Lilas Fortox Citron 650mL,5.5,6.499,-1,-14774017,1,0,5.0,43,0,1,2.0,0,5.5,0.0,0.0,0.0,18.17,5.5,6.499,222117.0
2118,6192477623487,30,Lilas Fortox Extra Fort 500mL,4.699,5.35,-1,-14774017,1,0,0.0,43,0,1,2.0,0,3.949,0.0,0.0,19.0,13.85,3.949,4.496,212118.0
2119,6192477624057,30,Lilas Sol & Surface Florale 1.2L,4.547,5.5,-1,-14774017,1,0,0.0,43,0,1,2.0,0,3.821,0.0,0.0,19.0,21.0,3.821,4.623,0.0
2120,6192477624033,30,Lilas Sol & Surface Pomme 1.2L,4.547,5.5,-1,-14774017,1,0,4.0,43,0,1,2.0,0,3.821,0.0,0.0,19.0,21.0,3.821,4.623,0.0
2121,6192477624026,30,Lilas Sol & Surface Lavande,4.547,5.5,-1,-14774017,1,0,0.0,43,0,1,2.0,0,3.821,0.0,0.0,19.0,21.0,3.821,4.623,0.0
2122,6192477610777,0,Clean Poudre Main Savon de Marseille 1KG,3.776,4.603,-1,-14774017,1,0,4.0,43,0,1,2.0,0,3.173,0.0,0.0,19.0,21.9,3.173,3.868,42122.0
2123,3282779355773,7,Avène Ecran Solaire 50 SPF Sans Parfum 50 mL,26.099,39.9,-1,-14774017,1,0,3.0,98,0,1,2.0,0,24.369,10.0,0.0,19.0,52.87,21.932,33.527,0.0
2126,6192400658128,0,Nana Protège Parfumé 20,2.761,3.203,-1,-14774017,1,0,54.0,52,0,1,12.0,0,2.32,0.0,0.0,19.0,16.0,2.32,2.691,112126.0
2127,6192400658104,0,Nana Protège Slip Douceur 20,2.761,3.2,-1,-14774017,1,0,48.0,52,0,1,12.0,0,2.32,0.0,0.0,19.0,16.0,2.32,2.691,52127.0
2128,1020101020164,0,100 Pailles Flexible,0.89012,1.2,-1,-14774017,1,0,0.0,0,0,1,2.0,0,0.748,0.0,0.0,19.0,34.79,0.748,1.0082292,12128.0
2129,1010101010128,0,100 Pailles Simple,0.59976,0.799660008,-1,-14774017,1,0,0.0,17,0,1,2.0,0,0.504,0.0,0.0,19.0,33.33,0.504,0.6719832,12129.0
2130,6130552001034,0,Cotons Tiges Family X200,1.95,2.5,-1,-14774017,1,0,0.0,17,0,1,2.0,0,1.639,0.0,0.0,19.0,28.25,1.639,2.102,0.0
2131,6130552000136,0,COTY LYS Cotons Tiges 100p,1.39,1.8,-1,-14774017,1,0,2.0,17,0,1,2.0,0,1.168,0.0,0.0,19.0,29.7,1.168,1.515,0.0
2132,3529311309215,0,Peggy Sage Colle faux cils transparent,16.69,21.5,-1,-14774017,1,0,0.0,0,0,1,2.0,0,16.5,15.0,0.0,19.0,28.8,14.025,18.064,0.0
2133,6281006591066,0,Dove Savon Bleu beauty Cream,3.582,4.3,-1,-14774017,1,0,33.0,61,0,1,2.0,0,3.01,0.0,0.0,19.0,20.0,3.01,3.612,
2134,6192000718147,2,Sunsilk SHP 180ml Brilliance,3.05949,3.50311605,-1,-14774017,1,0,6.0,57,0,1,2.0,0,2.571,0.0,0.0,19.0,14.5,2.571,2.943795,52134.0
2135,6192000718390,0,Sunsilk SHP 180ml Force et Brilliance,3.059,3.503,-1,-14774017,1,0,4.0,57,0,1,2.0,0,2.571,0.0,0.0,19.0,14.5,2.571,2.944,52135.0
2136,6192000718185,0,Sunsilk SHP 180ml anti chute,3.059,3.5,-1,-14774017,1,0,9.0,57,0,1,2.0,0,2.571,0.0,0.0,19.0,14.4,2.571,2.941,52136.0
2137,6192000719243,0,Sunsilk SHP 180ml anti-pelliculaire,3.059,3.503,-1,-14774017,1,0,2.0,57,0,1,2.0,0,2.571,0.0,0.0,19.0,14.5,2.571,2.944,62137.0
2138,6192000718086,0,Sunsilk SHP 180ml Lisses et soyeux,3.059,3.5,-1,-14774017,1,0,8.0,57,0,1,2.0,0,2.571,0.0,0.0,19.0,14.5,2.571,2.944,
2139,8710447328095,24,Signal dentifrices 75ml integral Coco blancheur,5.416,6.5,-1,-14774017,1,0,10.0,58,0,1,2.0,0,4.551,0.0,0.0,19.0,20.0,4.551,5.461,
2140,8710604781879,24,Signal dentifrices 75ml Integral Bicarbonate,5.416,6.5,-1,-14774017,1,0,2.0,58,0,1,2.0,0,4.551,0.0,0.0,19.0,20.0,4.551,5.461,
2141,8710522417379,51,Signal dentifrices 75ml Integral Charbon,5.833,6.5,-1,-14774017,1,0,21.0,58,0,1,2.0,0,5.833,0.0,0.0,0.0,11.43,5.833,6.5,62141.0
2142,6192011808059,30,lilas PH Clean Classic *4,1.849,2.5,-1,-14774017,1,0,0.0,43,0,1,2.0,0,1.554,0.0,0.0,19.0,35.2,1.554,2.101,52142.0
2143,6192011814173,30,Essuie-Tout Ultra Doux,1.852,2.5,-1,-14774017,1,0,0.0,43,0,1,2.0,0,1.556,0.0,0.0,19.0,35.0,1.556,2.101,222143.0
2144,6192409003660,30,Det gel machine 2.5L Parfum,13.336,16.0,-1,-14774017,1,0,0.0,18,0,1,2.0,0,11.207,0.0,0.0,19.0,20.0,11.207,13.448,52144.0
2145,6192409005718,0,Dex lave main 350ml Lavande,2.668,3.2,-1,-14774017,1,0,3.0,18,0,1,5.0,0,2.311,3.0,0.0,19.0,19.94,2.242,2.689,52145.0
2146,6192409005657,0,Dex lave main 350ml fruit,2.668,3.2,-1,-14774017,1,0,8.0,18,0,1,5.0,0,2.311,3.0,0.0,19.0,19.94,2.242,2.689,82146.0
2147,3178041356367,0,Eau eclarte Decolor Stop Max protect 12 p,11.961,14.9,-1,-14774017,1,0,2.0,18,0,1,2.0,0,10.362,3.0,0.0,19.0,24.6,10.051,12.524,
2148,6192000502906,3,Sensea Gel Douche Vanille,3.3,4.9,-1,-14774017,1,0,3.0,53,0,1,2.0,0,2.773,0.0,0.0,19.0,48.5,2.773,4.118,0.0
2149,6192000502999,3,Sensea Gel Douche  Espades Spa,3.3,4.9,-1,-14774017,1,0,6.0,53,0,1,2.0,0,2.773,0.0,0.0,19.0,48.5,2.773,4.118,0.0
2150,6192000502852,3,Sensea Gel Douche  Avocat,3.3,4.9,-1,-14774017,1,0,11.0,53,0,1,2.0,0,2.773,0.0,0.0,19.0,48.5,2.773,4.118,0.0
2151,42349754,14,Nivea Bille Femme Dry Fresh 50mL,7.283,9.5,-1,-14774017,1,0,9.0,21,0,1,4.0,0,7.2,15.0,0.0,19.0,30.5,6.12,7.987,0.0
2152,6192440002479,1,Jet 7 SHP kératine de soie 500mL,4.274,5.8,-1,-14774017,1,0,5.0,0,0,1,3.0,0,3.781,5.0,0.0,19.0,35.7,3.592,4.874,12152.0
2153,6192440000901,0,Jet 7 A/SHP Kératine Végétale 500mL,4.748,5.8,-1,-14774017,1,0,4.0,99,0,1,3.0,0,4.2,5.0,0.0,19.0,22.15,3.99,4.874,12153.0
2154,6192440002486,2,Jet 7 A/shp Kertaine de Soie,4.748,5.9,-1,-14774017,1,0,5.0,99,0,1,3.0,0,4.2,5.0,0.0,19.0,24.26,3.99,4.958,
2155,6192440002530,1,Jet 7 a/shp Pro Max Kératine végétale 3 L,19.379,24.9,-1,-14774017,1,0,3.0,99,0,1,1.0,0,17.142,5.0,0.0,19.0,28.5,16.285,20.926,0.0
2156,6192440002523,1,Jet 7 Shp Pro Max Kératine Végétal  3L,18.524,23.2,-1,-14774017,1,0,2.0,99,0,1,1.0,0,16.386,5.0,0.0,19.0,25.25,15.567,19.498,0.0
2157,6192440002547,4,Jet 7 Masque Pro Max Kératine Végétal 3L,20.9,26.2,-1,-14774017,1,0,1.0,99,0,1,1.0,0,18.487,5.0,0.0,19.0,25.35,17.563,22.015,0.0
2158,6192440000819,15,Jet 7 Cire Coiffante Kératine 150 g,3.483,4.5,-1,-14774017,1,0,2.0,99,0,1,3.0,0,3.081,5.0,0.0,19.0,29.2,2.927,3.782,0.0
2159,6192440002417,14,Jet 7 bille 50ml Floral,2.279,3.8,-1,-14774017,1,0,5.0,99,0,1,2.0,0,2.016,5.0,0.0,19.0,66.75,1.915,3.193,
2160,6192440002431,14,Jet 7 bille 50ml Citrus,2.279,3.8,-1,-14774017,1,0,7.0,99,0,1,2.0,0,2.016,5.0,0.0,19.0,66.75,1.915,3.193,
2161,6192440002424,14,Jet 7 bille 50ml Exotic,2.279,3.8,-1,-14774017,1,0,7.0,99,0,1,2.0,0,2.016,5.0,0.0,19.0,66.75,1.915,3.193,
2162,6192440002400,14,Jet 7 bille 50ml Marinz,2.279,3.8,-1,-14774017,1,0,10.0,99,0,1,2.0,0,2.016,5.0,0.0,19.0,66.75,1.915,3.193,
2163,6192440002448,14,Jet 7 bille 50ml Fruitti,2.279,3.8,-1,-14774017,1,0,8.0,99,0,1,2.0,0,2.016,5.0,0.0,19.0,66.75,1.915,3.193,
2164,6192440002394,0,Jet 7 Gel a raser Fresh sensation 750 ml,4.702,5.901,-1,-14774017,1,0,7.0,0,0,1,3.0,0,4.159,5.0,0.0,19.0,25.5,3.951,4.959,12164.0
2165,6192440002578,3,Jet 7 Gel douche Double Black,4.40895,5.49972423,-1,-14774017,1,0,9.0,99,0,1,3.0,0,3.9,5.0,0.0,19.0,24.74,3.705,4.621617,12165.0
2166,6192440002561,3,Jet 7 Gel douche Gentel Men,4.409,5.5,-1,-14774017,1,0,6.0,99,0,1,3.0,0,3.9,5.0,0.0,19.0,24.74,3.705,4.622,12166.0
2167,6192440002585,3,Jet 7 Gel douche Black,4.409,5.5,-1,-14774017,1,0,0.0,99,0,1,3.0,0,3.9,5.0,0.0,19.0,24.74,3.705,4.622,0.0
2168,3612621769784,7,La roche Posay Ecran Solei,28.999,48.0,-1,-14774017,1,0,1.0,96,0,1,2.0,0,24.369,0.0,0.0,19.0,65.52,24.369,40.336,0.0
2169,3401353789500,0,bioderma creme teintee photoderm 100 spf,28.999,39.9,-1,-14774017,1,0,3.0,100,0,1,2.0,0,24.369,0.0,0.0,19.0,37.59,24.369,33.529,
2170,6192440001748,4,Jet 7 Masque Kératine Végital 500 ml,4.2744205,6.9006244552,-1,-14774017,1,0,6.0,99,0,1,3.0,0,3.781,5.0,0.0,19.0,61.44,3.59195,5.79884408,12170.0
2171,6192440002493,4,Jet 7 Masque Keratine au soie 500 ml,4.274,6.9,-1,-14774017,1,0,7.0,99,0,1,3.0,0,3.781,5.0,0.0,19.0,61.44,3.592,5.799,0.0
2172,6192440000840,0,Jet 7 Créme Cire 100 ml,2.659,3.504,-1,-14774017,1,0,21.0,0,0,1,2.0,0,2.352,5.0,0.0,19.0,31.8,2.234,2.944,12172.0
2173,887930414196,23,Kodak Torche LED 3W Multiuse LIGHT 220 LM,33.703,43.9,-1,-14774017,1,0,1.0,4,0,1,2.0,0,28.322,0.0,0.0,19.0,30.26,28.322,36.892,0.0
2174,887930414202,23,Kodak Torche LED 6 LED Lantern-75 LM,28.535,37.1,-1,-14774017,1,0,5.0,4,0,1,2.0,0,23.979,0.0,0.0,19.0,30.0,23.979,31.173,0.0
2175,0101010101012,23,Rhino Torche Rechargable 15W,129.999,169.0,-1,-14774017,1,0,1.0,0,0,1,2.0,0,109.243,0.0,0.0,19.0,30.0,109.243,142.017,0.0
2176,6192002408275,30,Judy liquide vaisselle Pomme 580mL,3.0,3.8,-1,-14774017,1,0,4.0,17,0,1,2.0,0,2.521,0.0,0.0,19.0,26.7,2.521,3.194,
2177,6192440000727,0,Jet 7 Vaseline 100mL,2.449,3.2,-1,-14774017,1,0,1.0,99,0,1,2.0,0,2.166,5.0,0.0,19.0,30.66,2.058,2.689,0.0
2178,6192002408039,30,Judy Linge semi automatique Savon Vert 4 L,10.551,13.401,-1,-14774017,1,0,0.0,17,0,1,2.0,0,8.866,0.0,0.0,19.0,27.02,8.866,11.262,
2179,6192002050108,30,Sani Brille Eclat Bord Citron 250 ml,5.6,6.7,-1,-14774017,1,0,0.0,17,0,1,2.0,0,4.706,0.0,0.0,19.0,19.7,4.706,5.633,0.0
2180,6192002050207,30,Sani Brille EclaBord Lavande 250 ml,5.6,6.7,-1,-14774017,1,0,0.0,17,0,1,2.0,0,4.706,0.0,0.0,19.0,19.7,4.706,5.633,
2181,6192002408282,30,Judy liquide vaisselle Framboise 580ml,3.0,3.8,-1,-14774017,1,0,7.0,17,0,1,2.0,0,2.521,0.0,0.0,19.0,26.7,2.521,3.194,
2182,6192002408640,30,Judy liquide vaisselle aloe vera 580ml,2.99999,3.80098733,-1,-14774017,1,0,2.0,17,0,1,2.0,0,2.521,0.0,0.0,19.0,26.7,2.521,3.194107,52182.0
2183,6192002406721,30,Judy desorisant 4L Azur,5.85956,6.8996319,-1,-14774017,1,0,0.0,17,0,1,2.0,0,4.924,0.0,0.0,19.0,17.75,4.924,5.79801,32183.0
2184,6192002406714,30,Judy desorisant 4L Jasmin,5.495,6.6,-1,-14774017,1,0,2.0,17,0,1,2.0,0,4.618,0.0,0.0,19.0,20.1,4.618,5.546,32184.0
2185,6192002406707,30,Judy desorisant 4L Lavande,4.501,6.6,-1,-14774017,1,0,5.0,17,0,1,2.0,0,3.782,0.0,0.0,19.0,46.65,3.782,5.546,32185.0
2186,3574661303925,7,Listerine Bain de bouche Miswak 250mL,6.426,7.7,-1,-14774017,1,0,1.0,1,0,1,2.0,0,6.0,10.0,0.0,19.0,19.8,5.4,6.469,0.0
2187,3574661303932,17,Listerine Bain de Bouche Miswak 500mL,8.835,11.5,-1,-14774017,1,0,1.0,1,0,1,2.0,0,8.249,10.0,0.0,19.0,30.17,7.424,9.664,0.0
2188,4891199156540,22,GP AA B4 Super Heavy Duty,3.094,4.1,-1,-14774017,1,0,0.0,0,0,1,2.0,0,2.6,0.0,0.0,19.0,32.5,2.6,3.445,
2189,4891199063916,22,GP Lithium CR 2450-3V,7.021,8.8,-1,-14774017,1,0,1.0,0,0,1,2.0,0,5.9,0.0,0.0,19.0,25.38,5.9,7.397,0.0
2190,4891199003738,22,GP Ithium CR 2430-3V,6.307,7.9,-1,-14774017,1,0,1.0,0,0,1,2.0,0,5.3,0.0,0.0,19.0,25.25,5.3,6.638,0.0
2191,4902580133481,22,Maxell Micro Lithium Cell CR 2016,3.689,4.7,-1,-14774017,1,0,0.0,0,0,1,2.0,0,3.1,0.0,0.0,19.0,27.4,3.1,3.949,0.0
2192,6192111000346,34,Papier esuie-tout Folia 2+1,2.255,2.5,-1,-14774017,1,0,0.0,101,0,1,5.0,0,1.895,0.0,0.0,19.0,10.86,1.895,2.101,0.0
2193,6192111000353,34,Papier Toilette Folia 4+2,2.206,2.9,-1,-14774017,1,0,0.0,101,0,1,5.0,0,1.854,0.0,0.0,19.0,31.45,1.854,2.437,0.0
2194,6192111000209,34,Papier esuie-tout Softy Classic x2 =260gr,2.328,2.5,-1,-14774017,1,0,5.0,102,0,1,2.0,0,2.017,3.0,0.0,19.0,8.0,1.956,2.112,82194.0
2195,6192111000223,34,Papier esuie-tout Softy Classic X 8,9.501,11.9,-1,-14774017,1,0,0.0,102,0,1,2.0,0,7.984,0.0,0.0,19.0,25.25,7.984,10.0,0.0
2196,6192111000254,34,Softy papier esuie-tout Softy XL 380gr,4.397,5.9,-1,-14774017,1,0,-2.0,102,0,1,2.0,0,4.397,0.0,0.0,0.0,34.18,4.397,5.9,82196.0
2197,6192111000247,34,Softy papier esuie-tout jumbo X2,4.576,5.5,-1,-14774017,1,0,14.0,102,0,1,2.0,0,3.964,3.0,0.0,19.0,20.2,3.845,4.622,82197.0
2198,6192111000230,34,Papier esuie-tout Jumbo X1,2.296,2.9,-1,-14774017,1,0,0.0,102,0,1,2.0,0,1.989,3.0,0.0,19.0,26.32,1.929,2.437,82198.0
2199,6192111000162,34,Papier Toilette Softy x4,2.167,2.5,-1,-14774017,1,0,4.0,0,0,1,2.0,0,1.821,0.0,0.0,19.0,15.36,1.821,2.101,0.0
2200,6192111000186,34,Papier Toilette Softy X 12,6.256,6.901,-1,-14774017,1,0,0.0,102,0,1,2.0,0,5.42,3.0,0.0,19.0,24.68,5.257,6.555,82200.0
2201,6192111000193,34,Papier Toilette softy X 24,12.931,15.8,-1,-14774017,1,0,0.0,102,0,1,2.0,0,10.866,0.0,0.0,19.0,22.2,10.866,13.278,0.0
2202,6192111000179,34,Softy Papier Toilette  X 8,4.187,4.8,-1,-14774017,1,0,3.0,102,0,1,2.0,0,3.627,3.0,0.0,19.0,14.66,3.518,4.034,82202.0
2203,3600551145938,0,Narta Bille Femme Protection 5,11.733,13.901,-1,-14774017,1,0,3.0,10,0,1,3.0,0,10.955,10.0,0.0,19.0,18.47,9.86,11.681,12203.0
2204,6192400652201,37,Nana Maternité,3.84965,4.399764985,-1,-14774017,1,0,29.0,51,0,1,12.0,0,3.235,0.0,0.0,19.0,14.29,3.235,3.6972815,262204.0
2205,6192000517122,37,Sensea lingettes  Peaux Sensibles 25PC,4.499,5.503,-1,-14774017,1,0,0.0,51,0,1,2.0,0,3.781,0.0,0.0,19.0,22.3,3.781,4.624,
2206,6192000583790,0,Sensea lingettes démaquillantes 25PC,4.499,5.503,-1,-14774017,1,0,8.0,51,0,1,2.0,0,3.781,0.0,0.0,19.0,22.3,3.781,4.624,342206.0
2207,6192477624118,30,Lilas Extra mouatter 2L,3.685,4.4,-1,-14774017,1,0,12.0,43,0,1,2.0,0,3.097,0.0,0.0,19.0,19.5,3.097,3.701,222207.0
2208,6192477623166,30,Lilas Fortox Classic 405 ml Rouge,3.451,3.9,-1,-14774017,1,0,0.0,43,0,1,2.0,0,2.9,0.0,0.0,19.0,13.0,2.9,3.277,212208.0
2209,6192477630034,30,Lilas Javel parfumer Citron 1.5 L,3.271,3.9,-1,-14774017,1,0,0.0,43,0,1,2.0,0,2.749,0.0,0.0,19.0,19.2,2.749,3.277,0.0
2210,6192477630072,30,Lilas Javel parfumer Citron 3 L,4.313,5.1,-1,-14774017,1,0,0.0,43,0,1,2.0,0,3.624,0.0,0.0,19.0,18.35,3.624,4.289,0.0
2211,6192477630096,30,Lilas Javel parfumer Foret 4.75 L,6.188,7.3,-1,-14774017,1,0,0.0,43,0,1,2.0,0,5.2,0.0,0.0,19.0,18.0,5.2,6.136,0.0
2212,6192477630102,30,Lilas Javel parfumer  Lavande 4.75 L,6.188,7.3,-1,-14774017,1,0,9.0,43,0,1,2.0,0,5.2,0.0,0.0,19.0,18.0,5.2,6.136,0.0
2213,6192011803719,37,Lilas Clip Ultra Nuit 9,3.007,3.801,-1,-14774017,1,0,66.0,43,0,1,12.0,0,3.007,0.0,0.0,0.0,26.4,3.007,3.801,42213.0
2214,6192011812148,0,Lilas Protège Slip Confort Plus Longg Parfume,2.911,3.301,-1,-14774017,1,0,32.0,43,0,1,12.0,0,2.911,0.0,0.0,0.0,13.4,2.911,3.301,42214.0
2215,6192000220022,0,Diptox Rouge 300mL,3.831,4.5,-1,-14774017,1,0,29.0,17,0,1,2.0,0,3.319,3.0,0.0,19.0,17.46,3.219,3.781,82215.0
2216,6192000220008,0,Diptox Rouge 650mL,5.166,5.9,-1,-14774017,1,0,61.0,17,0,1,2.0,0,5.166,0.0,0.0,0.0,14.2,5.166,5.9,
2217,6192500400016,30,Raclette Lion Super,1.637,2.3,-1,-14774017,1,0,33.0,17,0,1,2.0,0,1.637,0.0,0.0,0.0,40.5,1.637,2.3,0.0
2218,8003510024568,0,Malizia Deo femme 150ml fresh care cucumber & green tea,8.193,9.2,-1,-14774017,1,0,15.0,68,0,1,2.0,0,8.1,15.0,0.0,19.0,12.29,6.885,7.731,12218.0
2219,8003510024612,12,Malizia Deo femme 150ml  fresh care talc,8.193,9.2,-1,-14774017,1,0,18.0,68,0,1,2.0,0,8.1,15.0,0.0,19.0,12.29,6.885,7.731,
2220,8003510024599,0,Malizia Deo femme 150ml fresh care perfetct touch,8.193,9.2,-1,-14774017,1,0,11.0,68,0,1,2.0,0,8.1,15.0,0.0,19.0,12.29,6.885,7.731,212220.0
2221,8003510024575,0,Malizia Deo femme 150ml fresh care original,8.193,9.2,-1,-14774017,1,0,16.0,68,0,1,2.0,0,8.1,15.0,0.0,19.0,12.29,6.885,7.731,12221.0
2222,8003510024605,0,Malizia Deo femme 150ml fresh care dry,8.193,9.2,-1,-14774017,1,0,16.0,68,0,1,2.0,0,8.1,15.0,0.0,19.0,12.29,6.885,7.731,12222.0
2223,3337875589185,7,La roche posay tinted BB cream anthelios ultra 50+SPF,45.999,70.0,-1,-14774017,1,0,5.0,96,0,1,2.0,0,38.655,0.0,0.0,19.0,52.18,38.655,58.825,0.0
2224,8003510024582,0,Malizia Deo femme 150ml fresh care netral,8.193,9.2,-1,-14774017,1,0,10.0,68,0,1,2.0,0,8.1,15.0,0.0,19.0,12.29,6.885,7.731,12224.0
2225,8003510007523,0,Malizia Gel douche 1000ml 3en1 coconut milk,9.71,12.601,-1,-14774017,1,0,6.0,68,0,1,2.0,0,10.2,20.0,0.0,19.0,29.77,8.16,10.589,52225.0
2226,8003510036363,0,Malizia Gel douche 1000ml AMBER AND ORCHID 3en1,9.71,12.604,-1,-14774017,1,0,5.0,68,0,1,2.0,0,10.2,20.0,0.0,19.0,29.8,8.16,10.592,12226.0
2227,8003510027996,3,Malizia Gel douche 1000ml aloe&mangolia 3en1 BIO,10.317,12.6,-1,-14774017,1,0,0.0,68,0,1,2.0,0,10.2,15.0,0.0,19.0,22.12,8.67,10.588,
2228,5283022043445,0,No limit Deo femme flower Bob,4.998,7.4,-1,-14774017,1,0,15.0,45,0,1,2.0,0,4.2,0.0,0.0,19.0,48.06,4.2,6.219,12228.0
2229,5283022043391,12,No limit Deo femme Angelina (Promo),4.398,14.999,-1,-14774017,1,0,0.0,45,0,1,2.0,0,4.2,12.0,0.0,19.0,241.02,3.696,12.604,
2230,5283022043346,12,No limit Deo femme la Demoiselle (Promo),4.398,7.4,-1,-14774017,1,0,0.0,45,0,1,2.0,0,4.2,12.0,0.0,19.0,68.25,3.696,6.219,
2231,5283022043469,0,No limit Deo femme Narciso,4.998,7.4,-1,-14774017,1,0,13.0,45,0,1,2.0,0,4.2,0.0,0.0,19.0,48.05,4.2,6.218,12231.0
2232,5283022020132,4,Elegance hair oil treatment keratine 875 ml,9.0,13.9,-1,-14774017,1,0,5.0,38,0,1,2.0,0,8.403,10.0,0.0,19.0,54.45,7.563,11.681,12232.0
2233,6291069206708,17,Dabur dentifrices 50+25gr original Miswak,1.607,2.3,-1,-14774017,1,0,9.0,103,0,1,2.0,0,1.35,0.0,0.0,19.0,43.15,1.35,1.933,
2234,8003650003218,30,Smac nettoyant argent 150 ml,5.534,6.7,-1,-14774017,1,0,7.0,104,0,1,2.0,0,4.65,0.0,0.0,19.0,21.1,4.65,5.631,
2235,5287000234702,7,Elegance aprés Rasage 180 ml,4.249,5.2,-1,-14774017,1,0,0.0,38,0,1,2.0,0,3.571,0.0,0.0,19.0,22.29,3.571,4.367,0.0
2236,5285001950942,15,Eelegance gel hair 250gr Bleu Extra Strong,4.284,4.9,-1,-14774017,1,0,0.0,38,0,1,2.0,0,3.6,0.0,0.0,19.0,14.35,3.6,4.117,
2237,8697926025303,0,CLASS DEO HOMME 2+1 Mizo 150mL,2.999,9.999,-1,-14774017,1,0,116.0,20,0,1,2.0,0,3.6,30.0,0.0,19.0,233.42,2.52,8.402,342237.0
2238,8697926025297,0,CLASS DEO HOMME 2+1 Classico 150mL,2.999,9.99,-1,-14774017,1,0,211.0,20,0,1,2.0,0,3.6,30.0,0.0,19.0,233.47,2.52,8.403,12238.0
2239,8697926025310,0,Class Deo Homme Brisk 150mL,2.999,10.003,-1,-14774017,1,0,83.0,20,0,1,2.0,0,3.6,30.0,0.0,19.0,233.56,2.52,8.406,12239.0
2240,6192488204859,4,R.Bl serum argan 100mL,16.66,19.499,-1,-14774017,1,0,21.0,15,0,1,2.0,0,14.0,0.0,0.0,19.0,17.04,14.0,16.386,12240.0
2241,6192488209335,1,R.B SHP Collagene 500mL,12.638,14.501,-1,-14774017,1,0,7.0,15,0,1,2.0,0,11.8,10.0,0.0,19.0,14.74,10.62,12.185,12241.0
2242,6192488209311,0,R.B SHP Botox 500mL,11.936,14.499,-1,-14774017,1,0,2.0,15,0,1,2.0,0,11.8,15.0,0.0,19.0,21.48,10.03,12.184,12242.0
2243,4005900392169,9,Nivea Lait de corps Cherry Blossom 200mL,20.825,23.4,-1,-14774017,1,0,3.0,21,0,1,2.0,0,17.5,0.0,0.0,19.0,12.35,17.5,19.661,0.0
2244,4005900392138,9,Nivea Lait de Corps Vanilla 200mL,20.825,23.403,-1,-14774017,1,0,4.0,21,0,1,2.0,0,17.5,0.0,0.0,19.0,12.38,17.5,19.667,
2245,0101010123223,0,FACHKA,14.28,17.20026,-1,-14774017,1,0,5.0,0,0,1,2.0,0,12.0,0.0,0.0,19.0,20.45,12.0,14.454,12245.0
2246,6192407501922,18,Idol Coffret Natural Spray 100mL,8.33,9.8,-1,-14774017,1,0,9.0,0,0,1,2.0,0,7.0,0.0,0.0,19.0,17.68,7.0,8.238,0.0
2247,7322540388503,37,Nana Ultra 8,3.7,4.5,-1,-14774017,1,0,31.0,51,0,1,12.0,0,3.109,0.0,0.0,19.0,21.62,3.109,3.781,112247.0
2248,7322540080032,37,Nana Ultra 10,3.7,4.5,-1,-14774017,1,0,22.0,51,0,1,12.0,0,3.109,0.0,0.0,19.0,21.64,3.109,3.782,112248.0
2249,6195100400615,30,Sac Frigo Clean Fresh (50P),1.75,2.5,-1,-14774017,1,0,-3.0,105,0,1,2.0,0,1.471,0.0,0.0,19.0,43.0,1.471,2.104,212249.0
2250,3610340655227,1,Elsève shp HYALURON 200mL,11.04558,13.800347652,-1,-14774017,1,0,4.0,22,0,1,6.0,0,10.2,9.0,0.0,19.0,24.94,9.282,11.5969308,12250.0
2251,3610340232497,0,Elsève shp Huile Extra cheveux Normaux 200mL,10.61242,12.600126266,-1,-14774017,1,0,9.0,22,0,1,3.0,0,9.8,9.0,0.0,19.0,18.73,8.918,10.5883414,12251.0
2252,3610340232473,0,Elsève shp Filtre Uv - Cheveux Colorés 200mL,10.612,12.6,-1,-14774017,1,0,8.0,22,0,1,6.0,0,9.8,9.0,0.0,19.0,18.73,8.918,10.588,12252.0
2253,3600523934201,4,Elsève Masque Total Repair 5  310mL,18.207,21.8993796,-1,-14774017,1,0,5.0,22,0,1,3.0,0,18.0,15.0,0.0,19.0,20.28,15.3,18.40284,12253.0
2254,4005808260973,9,Nivea Sun Protect & Dry Touch 200mL,51.941,63.0,-1,-14774017,1,0,3.0,21,0,1,2.0,0,51.35,15.0,0.0,19.0,21.3,43.648,52.943,0.0
2255,3014260806262,17,Oral-B Avantage 3D Fresh M40,5.31,6.5,-1,-14774017,1,0,14.0,31,0,1,2.0,0,4.958,10.0,0.0,19.0,22.42,4.462,5.462,12255.0
2256,3014260795146,17,Oral-B Advantage 3D White M40,5.31,6.5,-1,-14774017,1,0,9.0,31,0,1,2.0,0,4.958,10.0,0.0,19.0,22.42,4.462,5.462,0.0
2257,6195100311188,36,Kappo Film Fraicheur  300 M,13.326,16.0,-1,-14774017,1,0,10.0,66,0,1,3.0,0,13.998,20.0,0.0,19.0,20.07,11.198,13.445,12257.0
2258,6195100311263,36,Kappo Papier Cuisson 5m,2.1182,2.89960398,-1,-14774017,1,0,28.0,66,0,1,6.0,0,1.78,0.0,0.0,19.0,36.89,1.78,2.436642,12258.0
2259,6195100311300,36,Kappo Papier Aluminium 5m,1.265327,1.5002982239,-1,-14774017,1,0,35.0,66,0,1,6.0,0,1.519,30.0,0.0,19.0,18.57,1.0633,1.26075481,12259.0
2260,6195100311287,36,Kappo Papier Aluminuim  50M,9.156336,10.9,-1,-14774017,1,0,0.0,66,0,1,3.0,0,9.618,20.0,0.0,19.0,19.05,7.6944,9.1601832,12260.0
2261,3178041341646,0,K2R Pistolet Anti tache Super Power 550 ml,16.006,18.901,-1,-14774017,1,0,5.0,106,0,1,2.0,0,13.866,3.0,0.0,19.0,18.09,13.45,15.883,82261.0
2262,3178041329330,30,K2R Pistolet Anti tache Action Complet 500 ml,14.894,18.9,-1,-14774017,1,0,2.0,106,0,1,2.0,0,12.903,3.0,0.0,19.0,26.9,12.516,15.883,0.0
2263,6281006591059,0,Dove Savon Shea Butter,3.582,4.3,-1,-14774017,1,0,24.0,61,0,1,2.0,0,3.01,0.0,0.0,19.0,20.0,3.01,3.612,
2264,6281006591028,0,Dove Savon  Go Fresh Revive,3.582,4.3,-1,-14774017,1,0,30.0,61,0,1,2.0,0,3.01,0.0,0.0,19.0,20.0,3.01,3.612,
2265,3152210229256,30,K2R Tablette Anti taches Action Complet X10,15.81,18.9,-1,-14774017,1,0,6.0,106,0,1,2.0,0,13.697,3.0,0.0,19.0,19.57,13.286,15.886,0.0
2266,6192409006135,30,DET poudre main Fresh Rose 280 gr,1.576,1.899,-1,-14774017,1,0,42.0,18,0,1,2.0,0,1.365,3.0,0.0,19.0,20.5,1.324,1.595,52266.0
2267,6192409005763,0,Det poudre main Fresh Bleu  280 gr,1.576,1.9,-1,-14774017,1,0,12.0,18,0,1,2.0,0,1.365,3.0,0.0,19.0,20.5,1.324,1.595,52267.0
2268,6192409006180,0,Dex Gel Machine Jasmin 5 L,19.2548783,21.90049857842,-1,-14774017,1,0,2.0,0,0,1,2.0,0,16.681,3.0,0.0,19.0,13.74,16.18057,18.403780318,82268.0
2269,6192409006197,30,Dexel Gel Machine Blue Flower 5 L,16.2964074,19.89954307614,-1,-14774017,1,0,0.0,18,0,1,2.0,0,14.118,3.0,0.0,19.0,22.11,13.69446,16.722305106,82269.0
2270,6192409002854,30,Det poudre machine savon de marseille 4kg+1kg,17.46,21.0,-1,-14774017,1,0,0.0,18,0,1,2.0,0,17.46,0.0,0.0,0.0,20.3,17.46,21.004,82270.0
2271,6192409006333,30,Dexel poudre main savon de marseille 10 kg,23.765,28.5,-1,-14774017,1,0,0.0,18,0,1,2.0,0,20.588,3.0,0.0,19.0,19.94,19.97,23.952,
2272,6192409003943,30,Dexel poudre main Citron 5 kg,12.61,15.0,-1,-14774017,1,0,0.0,18,0,1,2.0,0,10.924,3.0,0.0,19.0,18.95,10.596,12.604,
2273,6192000718819,35,Pure Line lave main 350ml d'amande et d'orange,1.454,2.0,-1,-14774017,1,0,2.0,0,0,1,2.0,0,1.222,0.0,0.0,19.0,37.55,1.222,1.681,0.0
2274,6192000719595,0,Pure Line lave main 450ml d'Amande et Fleur D'orange,2.682,3.7,-1,-14774017,1,0,-1.0,0,0,1,2.0,0,2.254,0.0,0.0,19.0,37.95,2.254,3.109,
2275,6192409001987,30,Duvet Assouplissant Lavande 1 L,4.6079656,5.4973029608,-1,-14774017,1,0,6.0,18,0,1,2.0,0,3.992,3.0,0.0,19.0,19.3,3.87224,4.61958232,52275.0
2276,6192000718895,35,Pure Line lave main 200ml Menthe & Citron,1.399,2.0,-1,-14774017,1,0,7.0,0,0,1,2.0,0,1.176,0.0,0.0,19.0,42.85,1.176,1.68,0.0
2277,6192465801941,0,Zynia lave main Citron Cuisine 370 ML,2.758,3.5,-1,-14774017,1,0,7.0,0,0,1,2.0,0,2.7,15.0,1.0,19.0,26.9,2.318,2.941,142277.0
2278,6192465802801,3,Zynia Gel Douche Monoi 1000mL,6.13,7.5,-1,-14774017,1,0,5.0,71,0,1,2.0,0,6.0,15.0,1.0,19.0,22.36,5.151,6.303,142278.0
2279,6192465802610,3,Zynia Gel Douche Marine 1000mL,6.13,7.5,-1,-14774017,1,0,5.0,71,0,1,2.0,0,6.0,15.0,1.0,19.0,22.36,5.151,6.303,142279.0
2280,6192465802603,0,Zynia Gel Douche Peche-Abricot 1000mL,7.139286,5.89883,-1,-14774017,1,0,7.0,71,0,1,2.0,0,6.6,10.0,1.0,19.0,18.35,5.9994,7.1002899,142280.0
2281,6192465802580,3,Zynia Gel Douche Pink Trip 1000mL,6.13,7.5,-1,-14774017,1,0,3.0,71,0,1,2.0,0,6.0,15.0,1.0,19.0,22.36,5.151,6.303,142281.0
2282,6192465802245,4,Zynia Ecran Cheveux  200mL,14.603,18.5,-1,-14774017,1,0,9.0,71,0,1,2.0,0,13.5,10.0,1.0,19.0,26.7,12.272,15.549,0.0
2283,6192465801392,9,Zynia Body Splash Sublime 250mL,9.194535,11.4996049245,-1,-14774017,1,0,8.0,71,0,1,2.0,0,9.0,15.0,1.0,19.0,25.07,7.7265,9.66353355,52283.0
2284,6192465801408,9,Zynia Body Splash Séductrice 250mL,9.735,11.5,-1,-14774017,1,0,3.0,71,0,1,2.0,0,9.0,10.0,1.0,19.0,18.13,8.181,9.664,52284.0
2285,6192465800937,9,Zynia Body Splash Monoi 250mL,9.735,11.5,-1,-14774017,1,0,5.0,71,0,1,2.0,0,9.0,10.0,1.0,19.0,18.13,8.181,9.664,0.0
2286,6192465800890,9,"ZYNIA HUILE BRONZANTE MONOI SPF30,100ML",14.062,17.6,-1,-14774017,1,0,11.0,71,0,1,2.0,0,13.0,10.0,1.0,19.0,25.15,11.817,14.789,0.0
2287,6192465800906,9,Zynia Baume Bronzage 100G,14.062,18.5,-1,-14774017,1,0,10.0,71,0,1,2.0,0,13.0,10.0,1.0,19.0,31.56,11.817,15.546,0.0
2288,6192011805164,37,Lilas PH 4 Jaune Fleuri,2.445,3.0,-1,-14774017,1,0,0.0,43,0,1,2.0,0,2.055,0.0,0.0,19.0,22.69,2.055,2.521,0.0
2289,6192011810342,37,Lilas essuie-tout 2 Decore Jumbo,5.288,6.0,-1,-14774017,1,0,0.0,43,0,1,2.0,0,4.444,0.0,0.0,19.0,13.5,4.444,5.044,
2290,6192011810335,37,Lilas essuie-tout 1 Decore Jumbo,2.689,3.2,-1,-14774017,1,0,0.0,43,0,1,2.0,0,2.26,0.0,0.0,19.0,19.1,2.26,2.692,
2291,6192011812681,37,Lilas essuie-tout 1 RLX,7.621,9.5,-1,-14774017,1,0,0.0,43,0,1,2.0,0,6.404,0.0,0.0,19.0,24.7,6.404,7.986,
2292,4005900731869,12,Nivea Deo femme Silky Smooth 200mL,9.609,12.5,-1,-14774017,1,0,12.0,21,0,1,3.0,0,9.5,15.0,0.0,19.0,30.08,8.075,10.504,212292.0
2293,5900017079721,12,Nivea Deo homme Black & White Fresh 200mL,9.609,12.5,-1,-14774017,1,0,0.0,21,0,1,3.0,0,9.5,15.0,0.0,19.0,30.08,8.075,10.504,
2294,4005808816187,0,Nivea Deo homme Fresh Active 200mL,12.138,12.502,-1,-14774017,1,0,14.0,21,0,1,3.0,0,10.2,0.0,0.0,19.0,3.0,10.2,10.506,12294.0
2295,4005900523174,0,NIVEA deo homme DARK WOOD 200ML,12.138,12.502,-1,-14774017,1,0,13.0,21,0,1,3.0,0,10.2,0.0,0.0,19.0,3.0,10.2,10.506,12295.0
2296,5013965322655,17,Creste Complete Fresh Mint 100mL,5.257,6.9,-1,-14774017,1,0,2.0,34,0,1,2.0,0,4.65,5.0,0.0,19.0,31.24,4.418,5.798,0.0
2297,6192477624149,30,Lilas Liquide Main  Narjess 1L,3.94961,4.90146601,-1,-14774017,1,0,18.0,43,0,1,2.0,0,3.319,0.0,0.0,19.0,24.1,3.319,4.118879,222297.0
2298,6192477624156,30,Lilas Multiusage Mounadhef Pomme 1L,3.61641,4.3035279,-1,-14774017,1,0,13.0,43,0,1,2.0,0,3.039,0.0,0.0,19.0,19.0,3.039,3.61641,222298.0
2299,6192477621827,30,Lilas liquide vaisselle Citron Vert 580mL,2.743,3.8,-1,-14774017,1,0,0.0,21,0,1,2.0,0,2.305,0.0,0.0,19.0,38.53,2.305,3.193,0.0
2300,6192477621834,30,Lilas liquide vaisselle agrumes 580mL,2.743,3.8,-1,-14774017,1,0,0.0,43,0,1,2.0,0,2.305,0.0,0.0,19.0,38.53,2.305,3.193,0.0
2301,6192477621582,0,Lilas liquide vaisselle Pomme 1L,4.792,5.9,-1,-14774017,1,0,5.0,43,0,1,2.0,0,4.027,0.0,0.0,19.0,23.12,4.027,4.958,
2302,6192477620684,30,Lilas Multiusage Savon de Marseille 3L,7.95,9.5,-1,-14774017,1,0,0.0,43,0,1,2.0,0,6.681,0.0,0.0,19.0,19.5,6.681,7.984,0.0
2303,6192477620677,30,Lilas Multiusage Pomme 3L,7.95,9.5,-1,-14774017,1,0,0.0,43,0,1,2.0,0,6.681,0.0,0.0,19.0,19.5,6.681,7.984,0.0
2304,6192477630058,30,Lilas Javel parfumer Forét 3L,4.313,5.1,-1,-14774017,1,0,0.0,43,0,1,2.0,0,3.624,0.0,0.0,19.0,18.35,3.624,4.289,0.0
2305,6130793002104,37,Molfix Couche Nrml T5,15.2,17.5,-1,-14774017,1,0,0.0,107,0,1,2.0,0,12.773,0.0,0.0,19.0,15.13,12.773,14.706,32305.0
2306,6130793002081,37,Molfix Couche Nrml T3,14.453,17.5,-1,-14774017,1,0,12.0,107,0,1,2.0,0,14.453,0.0,0.0,0.0,21.08,14.453,17.5,
2307,6130793002074,37,Molfix Couche Nrml T2,14.453,16.5,-1,-14774017,1,0,0.0,107,0,1,2.0,0,14.453,0.0,0.0,0.0,14.15,14.453,16.498,0.0
2308,6130793003644,37,Molfix Couche Nrml T6,15.2,17.5,-1,-14774017,1,0,0.0,107,0,1,2.0,0,12.773,0.0,0.0,19.0,15.13,12.773,14.706,32308.0
2309,6130793002098,37,Molfix Couche Nrml T4,14.453,17.5,-1,-14774017,1,0,2.0,107,0,1,2.0,0,14.453,0.0,0.0,0.0,21.08,14.453,17.5,
2310,6130793004214,37,Molfix Couche Jumbo T5,29.1,32.5,-1,-14774017,1,0,0.0,107,0,1,2.0,0,29.1,0.0,0.0,0.0,11.67,29.1,32.496,0.0
2311,6130793009516,37,Molfix Couche Jumbo T6,30.07,32.5,-1,-14774017,1,0,0.0,107,0,1,2.0,0,26.05,3.0,0.0,19.0,8.08,25.269,27.311,0.0
2312,6130793009455,37,Molfix Couche Jumbo T4,22.31,28.0,-1,-14774017,1,0,1.0,107,0,1,2.0,0,22.31,0.0,0.0,0.0,25.51,22.31,28.001,
2313,6192002010010,30,Netoyant Meuble Sani brille PM,4.8619116,5.89944353544,-1,-14774017,1,0,24.0,109,0,1,2.0,0,4.212,3.0,0.0,19.0,21.34,4.08564,4.957515576,82313.0
2314,6192002010027,30,Netoyant Meuble Sani Brille GM,6.208,7.5,-1,-14774017,1,0,1.0,109,0,1,2.0,0,5.378,3.0,0.0,19.0,20.8,5.217,6.302,82314.0
2315,0101,30,Super Glue  Patex,2.668,3.3,-1,-14774017,1,0,1.0,0,0,1,10.0,0,2.311,3.0,0.0,19.0,23.7,2.242,2.773,82315.0
2316,6192493800572,30,Air Fresh Valia 250 ml  Floral,2.134,2.9,-1,-14774017,1,0,0.0,110,0,1,2.0,0,1.849,3.0,0.0,19.0,35.89,1.794,2.438,0.0
2317,6192493800565,30,Air Fresh Valia 250 ml  Citrus,2.134,2.9,-1,-14774017,1,0,0.0,110,0,1,2.0,0,1.849,3.0,0.0,19.0,35.89,1.794,2.438,0.0
2318,6192493800602,30,Air Fresh Valia 250 ml  Vanille,2.134,2.9,-1,-14774017,1,0,0.0,110,0,1,2.0,0,1.849,3.0,0.0,19.0,35.89,1.794,2.438,0.0
2319,6192493800589,30,Air Fresh Valia 250 ml  Lavande,2.134,2.9,-1,-14774017,1,0,0.0,110,0,1,2.0,0,1.849,3.0,0.0,19.0,35.89,1.794,2.438,0.0
2320,6192493800596,30,Air Fresh Valia 250 ml  Marine,2.134,2.9,-1,-14774017,1,0,0.0,110,0,1,2.0,0,1.849,3.0,0.0,19.0,35.89,1.794,2.438,0.0
2321,6192002020354,30,Choc Four 500 ml,4.1808746,5.49952244884,-1,-14774017,1,0,15.0,108,0,1,2.0,0,3.622,3.0,0.0,19.0,31.54,3.51334,4.621447436,82321.0
2322,6192002020316,30,Choc Salle de Bain 500 ml,3.8588249,5.49959724748,-1,-14774017,1,0,8.0,108,0,1,2.0,0,3.343,3.0,0.0,19.0,42.52,3.24271,4.621510292,82322.0
2323,6192002020293,30,Choc Bruleur de Gaz 500 ml,3.951,5.5,-1,-14774017,1,0,5.0,108,0,1,2.0,0,3.423,3.0,0.0,19.0,39.2,3.32,4.621,0.0
2324,6192002020323,30,Choc Cuisine 500 ml,3.9084598,5.50037547654,-1,-14774017,1,0,11.0,108,0,1,2.0,0,3.386,3.0,0.0,19.0,40.73,3.28442,4.622164266,82324.0
2325,6192002010522,30,Choc Poudre Citron 500g,2.134,3.0,-1,-14774017,1,0,7.0,108,0,1,2.0,0,1.849,3.0,0.0,19.0,40.58,1.794,2.522,0.0
2326,6192002010515,30,Choc Poudre Naturel 500g,2.134,3.0,-1,-14774017,1,0,3.0,108,0,1,2.0,0,1.849,3.0,0.0,19.0,40.58,1.794,2.522,0.0
2327,6130793004054,0,Molfix Couche T1,5.82,7.5,-1,-14774017,1,0,0.0,107,0,1,2.0,0,5.042,3.0,0.0,19.0,28.86,4.891,6.303,0.0
2328,6135053000203,30,Dégraissant Brillex 1L,8.1482037,9.50243515494,-1,-14774017,1,0,14.0,111,0,1,2.0,0,7.059,3.0,0.0,19.0,16.62,6.84723,7.985239626,82328.0
2329,6192002080150,0,Choc net bloc citron  WC 4P,6.014,7.1,-1,-14774017,1,0,3.0,108,0,1,2.0,0,5.21,3.0,0.0,19.0,18.06,5.054,5.967,82329.0
2330,6192002080051,0,Choc Net desodorise WC 2P,3.53,4.5,-1,-14774017,1,0,6.0,108,0,1,2.0,0,3.058,3.0,0.0,19.0,27.47,2.966,3.781,82330.0
2331,6192507700065,30,Pince a linge Plastique 20p,3.492,4.3,-1,-14774017,1,0,15.0,0,0,1,2.0,0,3.492,0.0,0.0,0.0,23.13,3.492,4.3,0.0
2332,6192500400047,30,Pelle Poussiere avec Manche,2.231,5.6,-1,-14774017,1,0,1.0,0,0,1,2.0,0,1.933,3.0,0.0,19.0,151.0,1.875,4.706,0.0
2333,6192507800383,0,Brosse A Pelle Vienna,2.28,3.9,-1,-14774017,1,0,8.0,0,0,1,2.0,0,1.975,3.0,0.0,19.0,71.05,1.916,3.277,82333.0
2334,010101010102,57,Sac poubelle B8,1.94,2.401,-1,-14774017,1,1,56.0,0,0,1,2.0,0,1.681,3.0,0.0,19.0,23.71,1.631,2.018,82334.0
2335,6192017602767,0,Wezza Detarant 750 ml,2.7160679,3.50019670273,-1,-14774017,1,0,31.0,108,0,1,12.0,0,2.353,3.0,0.0,19.0,28.87,2.28241,2.941341767,82335.0
2336,6192017600305,30,Décapant Max 1L,2.711,3.8,-1,-14774017,1,0,37.0,0,0,1,2.0,0,2.711,0.0,0.0,0.0,40.11,2.711,3.798,0.0
2337,6192503800035,57,Sac Poubelle Gm Clean,3.152,3.9,-1,-14774017,1,1,85.0,0,0,1,2.0,0,3.152,0.0,0.0,0.0,23.77,3.152,3.901,
2338,1020301020346,30,Sac Congelation 1KG,0.673,0.751,-1,-14774017,1,0,4.0,0,0,1,2.0,0,0.583,3.0,0.0,19.0,11.5,0.566,0.631,
2339,6192103701015,0,SUPER ROLLING Sac Congelation 1L*100PC,1.94,2.5,-1,-14774017,1,0,60.0,0,0,1,2.0,0,1.681,3.0,0.0,19.0,28.86,1.631,2.101,82339.0
2340,6240000412418,30,Lotus Sac poubelle Rlx,1.456,2.0,-1,-14774017,1,0,-20.0,0,0,1,2.0,0,1.261,3.0,0.0,19.0,37.36,1.223,1.68,52340.0
2341,6192019452001,30,Manche Blanc 1.5 m,2.765,3.5,-1,-14774017,1,0,0.0,0,0,1,2.0,0,2.395,3.0,0.0,19.0,26.58,2.323,2.94,0.0
2342,8410474414777,53,Manche Metal 1.4m VERT,1.94,2.7,-1,-14774017,1,1,10.0,0,0,1,2.0,0,1.681,3.0,0.0,19.0,39.18,1.631,2.27,82342.0
2343,8410474414753,30,Manche Metal 1.4 Rouge,1.747,2.5,-1,-14774017,1,0,0.0,0,0,1,2.0,0,1.513,3.0,0.0,19.0,43.1,1.468,2.101,0.0
2344,0809040500002,53,Manche Blinz 1.2,1.94,3.9,-1,-14774017,1,1,24.0,0,0,1,2.0,0,1.681,3.0,0.0,19.0,101.1,1.631,3.28,
2345,6192409800085,30,Serpillere Supper GM,1.021,1.5,-1,-14774017,1,0,20.0,0,0,1,2.0,0,0.885,3.0,0.0,19.0,46.91,0.858,1.26,82345.0
2346,6192441901054,35,Savon liquide Sensive Citron 400 ml (Promo),2.349,3.33,-1,-2165458,1,1,0.0,112,0,1,2.0,0,1.974,0.0,0.0,19.0,41.89,1.974,2.801,52346.0
2347,6192441901047,35,Savon Liquide Sensive Citron Vert 400 ML (Promo),2.349,3.33,-1,-15865550,1,1,0.0,112,0,1,2.0,0,1.974,0.0,0.0,19.0,41.89,1.974,2.801,0.0
2348,6192441901061,35,Savon Liquide Sensive Fraise 400 ML (PROMO),2.349,3.33,-1,-130558,1,1,0.0,112,0,1,2.0,3,1.974,0.0,0.0,19.0,41.89,1.974,2.801,0.0
2349,8717163965276,12,Dove deo femme 200ml Invisible Dry,10.366,12.5,-1,-14774017,1,0,27.0,61,0,1,2.0,0,8.711,0.0,0.0,19.0,20.6,8.711,10.505,
2350,8711700822985,12,Dove deo femme 200ml Pierre d'alun,10.366,12.5,-1,-14774017,1,0,84.0,61,0,1,2.0,0,8.711,0.0,0.0,19.0,20.6,8.711,10.505,
2351,3014230000201,12,Dove deo femme 200ml Original,10.366,12.5,-1,-14774017,1,0,18.0,61,0,1,2.0,0,8.711,0.0,0.0,19.0,20.6,8.711,10.505,
2352,6130552001997,34,Cotex essuie tout classic  *2 =200gr,1.818,2.5,-1,-14774017,1,0,9.0,56,0,1,2.0,0,1.528,0.0,0.0,19.0,37.51,1.528,2.101,
2353,6192465802252,9,Zynia Ecran Solaire 100mL,21.634,27.9,-1,-14774017,1,0,2.0,70,0,1,2.0,0,20.0,10.0,1.0,19.0,28.97,18.18,23.446,0.0
2354,6192465802597,7,Zynia Ecran Solaire Visage 50mL,18.93,24.5,-1,-14774017,1,0,2.0,70,0,1,2.0,0,17.5,10.0,1.0,19.0,29.42,15.908,20.588,0.0
2355,3600542398114,18,Garnier coffret vitamin c,45.75,49.899,-1,-14774017,1,0,5.0,9,0,1,8.0,0,38.445,0.0,0.0,19.0,9.07,38.445,41.932,
2356,3610340655128,0,L'oreal coffret hyaluron (soin+shp+brosse),25.68,29.905,-1,-14774017,1,0,1.0,24,0,1,2.0,0,33.2,35.0,0.0,19.0,16.45,21.58,25.13,
2357,3610340655210,18,L'oreal coffret hyaluron (shp+a/shp+brosse),29.75,29.997,-1,-14774017,1,0,0.0,24,0,1,2.0,0,25.0,0.0,0.0,19.0,0.83,25.0,25.208,
2358,1234561234560,0,majirel vrac 100 ml 20 vol,4.165,5.0,-1,-14774017,1,0,-26.0,0,0,1,2.0,0,3.5,0.0,0.0,19.0,20.04,3.5,4.201,
2359,1231231235605,0,majirel vrac 100 ml 30 vol,4.165,5.0,-1,-14774017,1,0,-16.0,0,0,1,2.0,0,3.5,0.0,0.0,19.0,20.04,3.5,4.201,0.0
2360,6192440002509,0,Jet 7 Mousse Nettoyante Visage 200 ml,8.479,11.999,-1,-14774017,1,0,13.0,99,0,1,2.0,0,7.5,5.0,0.0,19.0,41.52,7.125,10.083,12360.0
2362,6192477621254,30,Lilas Sol Surfaces Floral 1L,3.95,4.9,-1,-14774017,1,0,0.0,43,0,1,2.0,0,3.319,0.0,0.0,19.0,24.05,3.319,4.117,0.0
2363,6192477621216,30,Lilas Sol Surfaces Savon de Marseille 1L,3.95,4.9,-1,-14774017,1,0,0.0,43,0,1,2.0,0,3.319,0.0,0.0,19.0,24.05,3.319,4.117,0.0
2364,6192477621230,30,Lilas Sol Surfaces Pomme 1L,3.95,4.9,-1,-14774017,1,0,0.0,43,0,1,2.0,0,3.319,0.0,0.0,19.0,24.05,3.319,4.117,0.0
2365,6192477620837,30,Lilas desorisant 1.5L Rose,2.424,2.9,-1,-14774017,1,0,7.0,43,0,1,2.0,0,2.037,0.0,0.0,19.0,19.5,2.037,2.434,
2366,6192011814203,30,Lilas Lingette Bebe Lot 3 (20),2.744,3.2,-1,-14774017,1,0,16.0,43,0,1,2.0,0,2.744,0.0,0.0,0.0,16.6,2.744,3.2,52366.0
2367,6192401700260,0,Insecticide Hilac Liquide 60cc,1.501,2.1,-1,-14774017,1,0,21.0,113,0,1,2.0,0,1.261,0.0,0.0,19.0,39.96,1.261,1.765,192367.0
2368,6192401701199,0,Killer gel,6.5,7.5,-1,-14774017,1,0,17.0,113,0,1,2.0,0,5.462,0.0,0.0,19.0,15.38,5.462,6.302,0.0
2369,6130552007265,0,Lilas Protege Slip Day by Day,5.78,7.5,-1,-14774017,1,0,20.0,0,0,1,12.0,0,4.857,0.0,0.0,19.0,29.76,4.857,6.302,32369.0
2370,025802580258,8,Gillette femme rose 2 //,1.499,1.8,-1,-14774017,1,0,0.0,26,0,1,6.0,0,1.26,0.0,0.0,19.0,20.0,1.26,1.512,52370.0
2371,59084051,0,Dove Invisible Dry,7.499,8.5,-1,-14774017,1,0,0.0,61,0,1,2.0,0,6.302,0.0,0.0,19.0,13.33,6.302,7.142,
2372,8720181031625,12,Axe Deo homme 150ml Apollo,7.649,9.9,-1,-14774017,1,0,4.0,84,0,1,2.0,0,6.428,0.0,0.0,19.0,29.4,6.428,8.318,
2373,8720181028755,12,Axe Deo homme 150ml Excite,7.649,9.9,-1,-14774017,1,0,27.0,84,0,1,2.0,0,6.428,0.0,0.0,19.0,29.4,6.428,8.318,
2374,6192000719571,0,Pure Line Noix de coco 450 ml,2.499,3.7,-1,-14774017,1,0,-37.0,0,0,1,2.0,0,2.1,0.0,0.0,19.0,48.04,2.1,3.109,
2375,6223000659243,0,Johnson shp gold 100ML,4.34945,5.30023977,-1,-14774017,1,0,5.0,27,0,1,4.0,0,4.3,15.0,0.0,19.0,21.86,3.655,4.453983,12375.0
2376,6192488208338,15,R.B Cire pommade,5.307,6.5,-1,-14774017,1,0,4.0,15,0,1,2.0,0,4.955,10.0,0.0,19.0,22.47,4.46,5.462,0.0
2377,40063690,10,Nivea Créme Tube,7.58625,8.4996345,-1,-14774017,1,0,6.0,21,0,1,3.0,0,7.5,15.0,0.0,19.0,12.04,6.375,7.14255,12377.0
2378,3574661325842,5,Johnson Cologne Brise marine 100 ml,6.474,7.499,-1,-14774017,1,0,6.0,27,0,1,4.0,0,6.4,15.0,0.0,19.0,15.84,5.44,6.302,12378.0
2379,3574661104041,5,johnson Cologne Dream 100 ml,6.4736,7.49901824,-1,-14774017,1,0,8.0,27,0,1,4.0,0,6.4,15.0,0.0,19.0,15.84,5.44,6.301696,12379.0
2380,3574669909594,5,johnson Huile 200 ml,9.40695,10.499096895,-1,-14774017,1,0,2.0,27,0,1,3.0,0,9.3,15.0,0.0,19.0,11.61,7.905,8.8227705,12380.0
2381,3574669907903,1,Johnson shp gold 500 ML,10.975,13.8,-1,-14774017,1,0,0.0,27,0,1,4.0,0,10.85,15.0,0.0,19.0,25.75,9.223,11.598,12381.0
2382,5000394011625,22,Duracell AAA 1,2.632,3.201,-1,-14774017,1,0,18.0,5,0,1,2.0,0,2.458,10.0,0.0,19.0,21.6,2.212,2.69,12382.0
2383,5000394011458,22,Duracell AA 1,2.632518,2.9505261744,-1,-14774017,1,0,14.0,5,0,1,2.0,0,2.458,10.0,0.0,19.0,12.08,2.2122,2.47943376,12383.0
2384,4902580132118,22,Maxell pile Montre SR41 W392,7.182,8.5,-1,-14774017,1,0,10.0,8,0,1,2.0,0,7.1,15.0,0.0,19.0,18.35,6.035,7.142,0.0
2385,4902580132361,22,Maxell pile Montre SR920 SW371,4.248,6.0,-1,-14774017,1,0,10.0,8,0,1,2.0,0,4.2,15.0,0.0,19.0,41.24,3.57,5.042,0.0
2386,4902580132248,22,Maxell Pile Montre SR626 SW377,2.731,5.0,-1,-14774017,1,0,8.0,8,0,1,2.0,0,2.7,15.0,0.0,19.0,83.0,2.295,4.2,0.0
2387,4902580132224,22,Maxell Pile Montre SR621 SW364,2.681,5.0,-1,-14774017,1,0,10.0,8,0,1,2.0,0,2.65,15.0,0.0,19.0,86.49,2.253,4.202,0.0
2388,6192409003677,30,Det Liquide machine savon de marseille 2.5 l,14.55,16.0,-1,-14774017,1,0,0.0,18,0,1,2.0,0,12.605,3.0,0.0,19.0,9.96,12.227,13.445,0.0
2389,3152210229249,30,k2r detachant a sec,12.9004568,13.900242202,-1,-14774017,1,0,0.0,106,0,1,2.0,0,11.176,3.0,0.0,19.0,7.75,10.84072,11.6808758,82389.0
2390,8682835415598,8,Papier epilation Strips 100 P,5.95,6.99958,-1,-14774017,1,0,3.0,114,0,1,2.0,0,5.0,0.0,0.0,19.0,17.64,5.0,5.882,12390.0
2391,8682835415451,8,Papier epilation Rolls RNS,15.708,17.5,-1,-14774017,1,0,4.0,114,0,1,2.0,0,16.5,20.0,0.0,19.0,11.4,13.2,14.705,0.0
2392,3660398001149,10,Ecran Solaire Uriage 50 ml,38.08,41.9,-1,-14774017,1,0,1.0,115,0,1,2.0,0,32.0,0.0,0.0,19.0,10.03,32.0,35.21,0.0
2393,000985214560,8,Pince epilation,2.916,3.5,-1,-14774017,1,1,35.0,0,0,1,2.0,0,2.45,0.0,0.0,19.0,20.0,2.45,2.94,
2394,6192409005633,30,Det poudre main savon de marseille 1Kg,5.2532193,6.30018590649,-1,-14774017,1,0,9.0,18,0,1,2.0,0,4.551,3.0,0.0,19.0,19.93,4.41447,5.294273871,82394.0
2395,6192002403935,0,Judy Colorspray 450mL,3.85,4.7,-1,-14774017,1,0,16.0,17,0,1,2.0,0,3.235,0.0,0.0,19.0,22.1,3.235,3.95,32395.0
2396,6192002403638,30,Judy Clorogel 0.8 L,3.95,4.9,-1,-14774017,1,0,5.0,17,0,1,2.0,0,3.319,0.0,0.0,19.0,24.0,3.319,4.116,32396.0
2397,6192000220176,30,Appareil Diptox Interieur,8.8,10.5,-1,-14774017,1,0,8.0,17,0,1,2.0,0,7.395,0.0,0.0,19.0,19.32,7.395,8.824,0.0
2398,6192011814210,5,Lilas Lingette Bebe Lot 3 (20),2.744,3.2,-1,-14774017,1,0,0.0,43,0,1,2.0,0,2.744,0.0,0.0,0.0,16.62,2.744,3.2,212398.0
2399,887930952827,22,Kodak R06 AA B2 Alkaline,3.856,4.9,-1,-14774017,1,0,0.0,4,0,1,2.0,0,3.6,10.0,0.0,19.0,27.09,3.24,4.118,0.0
2400,6192477621209,30,Lilas Sol Surfaces citron 1L,3.95,4.9,-1,-14774017,1,0,4.0,43,0,1,2.0,0,3.319,0.0,0.0,19.0,24.05,3.319,4.117,0.0
2401,6192477621223,30,Lilas Sol Surfaces Lavande 1L,3.95,4.9,-1,-14774017,1,0,0.0,43,0,1,2.0,0,3.319,0.0,0.0,19.0,24.05,3.319,4.117,0.0
2402,6192477624477,0,Lilas gel machine rouge 2.5L,14.499,16.9,-1,-14774017,1,0,4.0,43,0,1,0.0,0,12.184,0.0,0.0,19.0,16.56,12.184,14.202,42402.0
2403,6192477624460,0,Lilas gel machine rose 2.5L,14.499,16.9,-1,-14774017,1,0,4.0,43,0,1,2.0,0,12.184,0.0,0.0,19.0,16.56,12.184,14.202,222403.0
2404,6192477624491,30,Lilas gel machine blanc 2.5L,14.49896,16.899987776,-1,-14774017,1,0,5.0,43,0,1,2.0,0,12.184,0.0,0.0,19.0,16.56,12.184,14.2016704,222404.0
2405,6192477624453,0,Lilas gel machine lavande 2.5L,14.499,16.9,-1,-14774017,1,0,4.0,43,0,1,2.0,0,12.184,0.0,0.0,19.0,16.56,12.184,14.202,222405.0
2406,6192409006579,30,Det Gel machine Protect lot ( 2.5L+1L),18.104,20.7,-1,-14774017,1,0,0.0,18,0,1,2.0,0,18.104,0.0,0.0,0.0,14.35,18.104,20.702,0.0
2407,4005900420633,7,Nivea Micilaire Face Wash Rose Care 150mL,23.8,29.9,-1,-14774017,1,0,10.0,21,0,1,2.0,0,20.0,0.0,0.0,19.0,25.63,20.0,25.126,12407.0
2409,5059001002525,30,Air Fresh machine avec recharge air wick Cherry,32.064,39.5,-1,-14774017,1,0,1.0,88,0,1,2.0,0,27.778,3.0,0.0,19.0,23.19,26.945,33.194,0.0
2410,4002448116066,30,Air Fresh machine avec recharge air wick Belebend,36.819,39.5,-1,-14774017,1,0,6.0,88,0,1,2.0,0,39.667,22.0,0.0,19.0,7.28,30.94,33.192,0.0
2411,3059943021112,30,Lotus air fresh recharge fleur de,10.481,12.9,-1,-14774017,1,0,0.0,88,0,1,2.0,0,9.08,3.0,0.0,19.0,23.07,8.808,10.84,0.0
2412,5410036165768,30,Finish Clasique 40 TAB,24.81983,26.400853171,-1,-14774017,1,0,1.0,89,0,1,2.0,0,20.857,0.0,0.0,19.0,6.37,20.857,22.1855909,152412.0
2413,8410104091002,0,Finish Sel régénérant 2KG,12.0,14.5,-1,-14774017,1,0,23.0,89,0,1,2.0,0,13.096,23.0,0.0,19.0,20.83,10.084,12.184,152413.0
2414,6001106298999,8,Veet wax Bikini,10.759,13.5,-1,-14774017,1,0,7.0,87,0,1,2.0,0,9.321,3.0,0.0,19.0,25.48,9.041,11.345,
2415,50158904,0,Dettol Antiseptic Disinfictant 125 ml,2.931,4.2,-1,-14774017,1,0,7.0,90,0,1,2.0,0,2.931,0.0,0.0,0.0,43.31,2.931,4.2,132415.0
2416,50158911,30,Dettol Antiseptic Disinfictant  250 ml,4.05,5.9,-1,-14774017,1,0,3.0,90,0,1,2.0,0,3.509,3.0,0.0,19.0,45.67,3.404,4.959,0.0
2417,50158928,0,Dettol Antiseptic Disinfictant 500 ml,9.772,12.5,-1,-14774017,1,0,6.0,90,0,1,2.0,0,9.772,0.0,0.0,0.0,27.92,9.772,12.5,132417.0
2418,6295120041994,30,Dettol  sol surface antibactérial power Lemon 900 ml,9.977,12.5,-1,-14774017,1,0,4.0,90,0,1,2.0,0,8.643,3.0,0.0,19.0,25.28,8.384,10.503,0.0
2419,6192003850370,12,Déo créme déodorant fraicheur marine 30ml,2.955,3.8,-1,-14774017,1,0,36.0,0,0,1,2.0,0,2.483,0.0,0.0,19.0,28.6,2.483,3.193,0.0
2420,6192003850363,12,Déo créme déodorant fraicheur fruité 30ml,2.955,3.8,-1,-14774017,1,0,32.0,0,0,1,2.0,0,2.483,0.0,0.0,19.0,28.6,2.483,3.193,0.0
2421,3272310029027,0,Gant de Ménage paul masquin M,4.159,5.1,-1,-14774017,1,0,12.0,0,0,1,2.0,0,4.159,0.0,0.0,0.0,22.62,4.159,5.1,132421.0
2422,3272310029034,0,Gant de ménage paul masquin L,4.159,5.1,-1,-14774017,1,0,12.0,0,0,1,2.0,0,4.159,0.0,0.0,0.0,22.62,4.159,5.1,132422.0
2423,3600550038743,0,Dessange shp Douce Argile Racine & Pointe 250mL,16.2164275,16.702920325,-1,-14774017,1,0,2.0,3,0,1,2.0,0,14.975,9.0,0.0,19.0,3.0,13.62725,14.0360675,12423.0
2424,3600542525695,1,Garnier Ultra Doux SHP Enfant Disney Abricot 300mL,10.61242,12.50143076,-1,-14774017,1,0,5.0,9,0,1,2.0,0,9.8,9.0,0.0,19.0,17.8,8.918,10.505404,12424.0
2425,6192457503402,0,Lot Compact power liquide vaisselle 2.5L+gel machine 3L,14.55,17.9,-1,-14774017,1,0,1.0,116,0,1,2.0,0,12.605,3.0,0.0,19.0,23.02,12.227,15.042,82425.0
2426,6192457503419,30,Compact power gel machine 5L Alpina,16.454,19.5,-1,-14774017,1,0,0.0,116,0,1,2.0,0,14.255,3.0,0.0,19.0,18.51,13.827,16.386,52426.0
2427,6192457503433,30,Compact power gel machine 5L savon marseille,16.454,19.5,-1,-14774017,1,0,0.0,116,0,1,2.0,0,14.255,3.0,0.0,19.0,18.51,13.827,16.386,0.0
2428,6192457503426,30,Compact power gel machine 5L fraicheur,16.455,19.5,-1,-14774017,1,0,1.0,116,0,1,2.0,0,16.455,0.0,0.0,0.0,18.51,16.455,19.501,52428.0
2429,6192457502122,30,Compact power gel machine 3L Alpina,9.7,16.5,-1,-14774017,1,0,3.0,116,0,1,2.0,0,8.403,3.0,0.0,19.0,70.11,8.151,13.866,212429.0
2430,6192457502108,30,Compact power gel machine 3L Fraicheur,9.7,16.5,-1,-14774017,1,0,-1.0,116,0,1,2.0,0,8.403,3.0,0.0,19.0,70.11,8.151,13.866,212430.0
2431,6192457502115,30,Compact power gel machine 3L Fleur Blanche,9.7,16.5,-1,-14774017,1,0,0.0,116,0,1,2.0,0,8.403,3.0,0.0,19.0,70.11,8.151,13.866,212431.0
2432,3211233210006,19,Sac de Congelation 20*32cm,1.94,3.5,-1,-14774017,1,1,2.0,105,0,1,2.0,0,1.681,3.0,0.0,19.0,80.41,1.631,2.942,
2433,6192011803788,37,Clip Poaket Normal 20,2.676,3.2,-1,-14774017,1,0,0.0,43,0,1,2.0,0,2.318,3.0,0.0,19.0,19.58,2.248,2.688,0.0
2434,6195100400127,0,Sac Poubelle Clean Géant 85*95,3.5,4.3,-1,-14774017,1,0,8.0,105,0,1,2.0,0,2.941,0.0,0.0,19.0,22.87,2.941,3.614,32434.0
2435,9517530000000,57,sac poubellle 50/80 cm,0.824,1.201,-1,-14774017,1,1,15.0,0,0,1,2.0,0,0.714,3.0,0.0,19.0,45.63,0.693,1.009,82435.0
2436,6666444000002,0,sac b6,1.456,2.5,-1,-14774017,1,0,39.0,0,0,1,2.0,0,1.261,3.0,0.0,19.0,71.7,1.223,2.1,0.0
2437,1478998741004,0,goublet GM carton,3.718,4.5,-1,-14774017,1,0,1.0,0,0,1,2.0,0,3.221,3.0,0.0,19.0,21.03,3.124,3.781,0.0
2438,6192457503075,35,Dumax lave main 1L fruit rouge,4.559485,5.4991948585,-1,-14774017,1,0,1.0,117,0,1,2.0,0,3.95,3.0,0.0,19.0,20.61,3.8315,4.62117215,52438.0
2439,6192457503082,35,Dumax lave main 1L lait de miel,4.559485,5.4991948585,-1,-14774017,1,0,3.0,117,0,1,2.0,0,3.95,3.0,0.0,19.0,20.61,3.8315,4.62117215,82439.0
2440,6192457501804,0,Dumax lave main 1L fraicheur,4.56,5.5,-1,-14774017,1,0,2.0,117,0,1,2.0,0,3.95,3.0,0.0,19.0,20.62,3.832,4.622,82440.0
2441,6192457501903,35,Dumax lave main 1L péche,4.559485,5.4991948585,-1,-14774017,1,0,1.0,117,0,1,2.0,0,3.95,3.0,0.0,19.0,20.61,3.8315,4.62117215,82441.0
2442,6192457501828,35,Dumax lave main 1L cypres,4.559485,5.4991948585,-1,-14774017,1,0,1.0,117,0,1,2.0,0,3.95,3.0,0.0,19.0,20.61,3.8315,4.62117215,82442.0
2443,6192457501897,35,Dumax lave main 1L violettes,4.559485,5.4991948585,-1,-14774017,1,0,4.0,117,0,1,2.0,0,3.95,3.0,0.0,19.0,20.61,3.8315,4.62117215,82443.0
2444,6192457501811,35,Dumax lave main 1L bergamote verviene,4.559485,5.4991948585,-1,-14774017,1,0,4.0,117,0,1,2.0,0,3.95,3.0,0.0,19.0,20.61,3.8315,4.62117215,82444.0
2445,6192457502047,30,Luxis Vitre 500 ml,2.037,3.0,-1,-14774017,1,0,0.0,118,0,1,2.0,0,1.765,3.0,0.0,19.0,47.27,1.712,2.521,0.0
2446,6192457503044,35,Dumax lave main 400ml Fruits Rouge,2.571,3.5,-1,-14774017,1,0,0.0,117,0,1,2.0,0,2.227,3.0,0.0,19.0,36.13,2.16,2.94,0.0
2447,6192457500791,35,Dumax lave main 400ml Fraicheur,2.571,3.5,-1,-14774017,1,0,0.0,117,0,1,2.0,0,2.227,3.0,0.0,19.0,36.13,2.16,2.94,0.0
2448,6192457503051,35,Dumax lave main 400ml lait miel,2.571,3.5,-1,-14774017,1,0,0.0,117,0,1,2.0,0,2.227,3.0,0.0,19.0,36.13,2.16,2.94,0.0
2449,6192457500753,35,Dumax lave main 400ml Kiwi,2.571,3.5,-1,-14774017,1,0,0.0,117,0,1,2.0,0,2.227,3.0,0.0,19.0,36.13,2.16,2.94,0.0
2450,6192457500845,35,Dumax lave main 400ml Orange,2.571,3.5,-1,-14774017,1,0,0.0,117,0,1,2.0,0,2.227,3.0,0.0,19.0,36.13,2.16,2.94,0.0
2451,6192457500951,35,Dumax lave main 400ml violettes,2.571,3.5,-1,-14774017,1,0,0.0,117,0,1,2.0,0,2.227,3.0,0.0,19.0,36.13,2.16,2.94,0.0
2452,6192457500760,35,Dumax lave main 400ml Fraise,2.571,3.5,-1,-14774017,1,0,0.0,117,0,1,2.0,0,2.227,3.0,0.0,19.0,36.13,2.16,2.94,0.0
2453,6192457501774,35,Dumax lave main 400ml edition limité,2.571,3.5,-1,-14774017,1,0,0.0,117,0,1,2.0,0,2.227,3.0,0.0,19.0,36.13,2.16,2.94,0.0
2454,6192457500746,35,Dumax lave main 400ml bergzmote verviene,2.571,3.5,-1,-14774017,1,0,0.0,117,0,1,2.0,0,2.227,3.0,0.0,19.0,36.13,2.16,2.94,0.0
2455,6192457500982,0,Dumax Air fresh Lavande 250 ML,2.124,2.9,-1,-14774017,1,0,19.0,117,0,1,2.0,0,1.84,3.0,0.0,19.0,36.54,1.785,2.437,82455.0
2456,6192457500999,30,Dumax Air Fresh Rose 250 ML,2.124,3.0,-1,-14774017,1,0,0.0,117,0,1,2.0,0,1.84,3.0,0.0,19.0,41.24,1.785,2.521,82456.0
2457,6192457502610,0,Dumax Air Fresh asmin 250 ML,2.124,2.9,-1,-14774017,1,0,13.0,117,0,1,2.0,0,1.84,3.0,0.0,19.0,36.54,1.785,2.437,82457.0
2458,6192457502627,0,Dumax Air Fresh Exotique 250 ML,2.124,2.9,-1,-14774017,1,0,14.0,117,0,1,2.0,0,1.84,3.0,0.0,19.0,36.54,1.785,2.437,82458.0
2459,6130520006986,35,Prosafe Savon  Jaune 100gr,1.673,2.0,-1,-14774017,1,0,0.0,0,0,1,2.0,0,1.449,3.0,0.0,19.0,19.54,1.406,1.681,0.0
2460,6130520005835,35,Prosafe Savon  Mauve 100gr,1.673,2.0,-1,-14774017,1,0,0.0,0,0,1,2.0,0,1.449,3.0,0.0,19.0,19.54,1.406,1.681,0.0
2461,6130520005828,35,Prosafe Savon  Vert 100gr,1.673,2.0,-1,-14774017,1,0,1.0,0,0,1,2.0,0,1.449,3.0,0.0,19.0,19.54,1.406,1.681,0.0
2462,6130520007075,35,Prosafe Savon  Rose 100gr,1.673,2.0,-1,-14774017,1,0,1.0,0,0,1,2.0,0,1.449,3.0,0.0,19.0,19.54,1.406,1.681,0.0
2463,6192006708845,0,Satinella Disque A Demaquiller 100 PCS,3.843,4.5,-1,-14774017,1,0,7.0,0,0,1,2.0,0,3.329,3.0,0.0,19.0,17.1,3.229,3.781,82463.0
2464,6192421105175,38,Film Fraicheur 300m,13.58,16.3,-1,-14774017,1,0,0.0,0,0,1,2.0,0,11.765,3.0,0.0,19.0,20.03,11.412,13.698,
2465,6192457502290,0,Air Fresh 250mL Boule,2.231,3.0,-1,-14774017,1,0,0.0,0,0,1,2.0,0,1.933,3.0,0.0,19.0,34.46,1.875,2.521,0.0
2466,6192507800413,0,Balai Et Balayette Oscar,5.82,9.8,-1,-14774017,1,0,2.0,0,0,1,2.0,0,5.042,3.0,0.0,19.0,68.38,4.891,8.235,0.0
2467,6193001314109,0,Lampes LED 5W Econis E27,3.2102247,4.50009298446,-1,-14774017,1,0,5.0,0,0,1,2.0,0,3.093,3.0,0.0,7.0,40.18,3.00021,4.205694378,82467.0
2468,6193001313119,0,Lampe Led Econis 7W e14,3.546,4.5,-1,-14774017,1,0,10.0,0,0,1,2.0,0,3.416,3.0,0.0,7.0,27.0,3.314,4.209,82468.0
2469,6193001315168,0,Led 10W E27 Econis,3.438,4.5,-1,-14774017,1,0,15.0,0,0,1,2.0,0,3.312,3.0,0.0,7.0,30.9,3.213,4.206,82469.0
2470,6193001315182,0,Led 12W E27 Econis,3.759,4.5,-1,-14774017,1,0,10.0,0,0,1,2.0,0,3.622,3.0,0.0,7.0,19.71,3.513,4.205,82470.0
2471,6193001315199,0,Led 12W B22 Econis,3.759,4.5,-1,-14774017,1,0,2.0,0,0,1,2.0,0,3.622,3.0,0.0,7.0,19.71,3.513,4.205,0.0
2472,6193001315731,0,Led 14W B22 Econis,4.297,5.5,-1,-14774017,1,0,9.0,0,0,1,2.0,0,4.14,3.0,0.0,7.0,27.99,4.016,5.14,0.0
2473,1010101012337,0,SOFPINCE Serie couvert 18P,2.007,2.499,-1,-14774017,1,0,0.0,0,0,1,2.0,0,1.739,3.0,0.0,19.0,24.48,1.687,2.1,
2474,302010302014,52,Savon Vert royale 375 gr,2.314,3.6,-1,-14774017,1,1,41.0,0,0,1,2.0,0,2.005,3.0,0.0,19.0,55.52,1.945,3.025,82474.0
2475,201030520005,0,Savon Vert Royale 100 g,0.805,0.95,-1,-14774017,1,0,0.0,0,0,1,2.0,0,0.776,3.0,0.0,7.0,17.85,0.753,0.887,52475.0
2476,3600551119793,1,Mixa SHP Bébé Classic 300mL,12.778,14.9,-1,-14774017,1,0,5.0,32,0,1,4.0,0,11.8,9.0,0.0,19.0,16.61,10.738,12.522,0.0
2477,3600524076122,12,L'oréal Deo Men Thermic Resist 150mL,17.2118625,19.49931902625,-1,-14774017,1,0,6.0,24,0,1,2.0,0,15.225,5.0,0.0,19.0,13.29,14.46375,16.385982375,12477.0
2478,3600524076139,12,L'oréal Deo Men Shirt Protect 150mL,17.212,19.5,-1,-14774017,1,0,1.0,24,0,1,2.0,0,15.225,5.0,0.0,19.0,13.29,14.464,16.386,0.0
2479,3600542418638,1,Garnier U.D SHP ENFANT CERISE & AMANDE 250ML,9.096,10.6,-1,-14774017,1,0,1.0,19,0,1,2.0,0,8.4,9.0,0.0,19.0,16.53,7.644,8.908,0.0
2480,8000836429534,6,Dikson Bloom Kit coloration n°403,12.218,15.8,-1,-14774017,1,0,6.0,72,0,1,2.0,0,12.079,15.0,0.0,19.0,29.31,10.267,13.276,12480.0
2481,8000836429480,6,Dikson Bloom Kit coloration n°830,12.218,15.8,-1,-14774017,1,0,6.0,72,0,1,2.0,0,12.079,15.0,0.0,19.0,29.31,10.267,13.276,12481.0
2482,8000836429473,6,Dikson Bloom Kit coloration n°730,12.218,15.8,-1,-14774017,1,0,5.0,72,0,1,2.0,0,12.079,15.0,0.0,19.0,29.31,10.267,13.276,12482.0
2483,8000836429510,6,Dikson Bloom Kit coloration n°666,12.218,15.8,-1,-14774017,1,0,0.0,72,0,1,2.0,0,12.079,15.0,0.0,19.0,29.31,10.267,13.276,12483.0
2484,8000836429497,6,Dikson Bloom Kit coloration n°4.62,12.218,15.8,-1,-14774017,1,0,0.0,72,0,1,2.0,0,12.079,15.0,0.0,19.0,29.31,10.267,13.276,12484.0
2485,8000836244625,4,Dikson Masque Colorant 250 ml Red,23.741,25.9,-1,-14774017,1,0,3.0,73,0,1,2.0,0,21.0,5.0,0.0,19.0,9.09,19.95,21.763,12485.0
2486,8000836244649,4,Dikson Masque Colorant 250 ml Copper,23.741,25.9,-1,-14774017,1,0,2.0,73,0,1,2.0,0,21.0,5.0,0.0,19.0,9.09,19.95,21.763,12486.0
2487,8000836553949,4,Dikson Masque Colorant 250 ml Silver,23.741,25.9,-1,-14774017,1,0,3.0,73,0,1,2.0,0,21.0,5.0,0.0,19.0,9.09,19.95,21.763,12487.0
2488,8000836244632,4,Dikson Masque Colorant 250 ml Purpel,23.741,25.9,-1,-14774017,1,0,2.0,73,0,1,2.0,0,21.0,5.0,0.0,19.0,9.09,19.95,21.763,12488.0
2489,8000836244663,4,Dikson Masque Colorant 250 ml Caramel,23.741,25.9,-1,-14774017,1,0,2.0,73,0,1,2.0,0,21.0,5.0,0.0,19.0,9.09,19.95,21.763,12489.0
2490,8000836244656,4,Dikson Masque Colorant 250 ml Chocolat,23.741,25.9,-1,-14774017,1,0,3.0,73,0,1,2.0,0,21.0,5.0,0.0,19.0,9.09,19.95,21.763,12490.0
2491,8000836244694,4,Dikson Masque Colorant 250 ml Platinuim Blond,23.741,25.9,-1,-14774017,1,0,3.0,73,0,1,2.0,0,21.0,5.0,0.0,19.0,9.09,19.95,21.763,12491.0
2492,3600542510080,0,Garnier U.D MASQUE AVOCAT 340ml,14.727,17.499,-1,-14774017,1,0,6.0,9,0,1,3.0,0,13.6,9.0,0.0,19.0,18.82,12.376,14.705,12492.0
2493,3054080000082,0,L'oréal elnet Laque Bleu 150 ml,15.827,17.9,-1,-14774017,1,0,3.0,0,0,1,2.0,0,14.0,5.0,0.0,19.0,13.09,13.3,15.041,12493.0
2494,3600523035625,0,L'oréal elnett Laque Rouge 300 ml,24.871,27.5,-1,-14774017,1,0,3.0,119,0,1,2.0,0,22.0,5.0,0.0,19.0,10.57,20.9,23.109,12494.0
2495,6131023000013,0,Gants d'eximination,14.2499525,19.5,-1,-14774017,1,0,14.0,0,0,1,2.0,0,12.605,5.0,0.0,19.0,36.85,11.97475,16.387445375,12495.0
2496,4005900555762,9,LABELLO STRAWBERRY SHINE,6.545,7.80164,-1,-14774017,1,0,4.0,29,0,1,2.0,0,5.5,0.0,0.0,19.0,19.2,5.5,6.556,52496.0
2497,3211597530000,0,gants d'examination vrac (PAIRE),0.143,0.5,-1,-14774017,1,0,-72.0,0,0,1,2.0,0,0.126,5.0,0.0,19.0,250.0,0.12,0.42,52497.0
2498,3600522831983,6,EXCELLENCE 6.7 marron,25.288,29.9,-1,-14774017,1,0,0.0,24,0,1,2.0,0,25.0,15.0,0.0,19.0,18.24,21.25,25.126,
2499,4005900242174,14,NIVEA BILLE FEMME Protect Care 50 ml,7.283,9.5,-1,-14774017,1,0,5.0,21,0,1,4.0,0,7.2,15.0,0.0,19.0,30.44,6.12,7.983,0.0
2500,3600551145952,0,Narta Deo Femme Invisible 200 ml,12.3403,15.80052012,-1,-14774017,1,0,4.0,10,0,1,4.0,0,12.2,15.0,0.0,19.0,28.04,10.37,13.277748,12500.0
2501,3600551146126,12,Narta Deo Femme Floral 200 ml,11.632,15.8,-1,-14774017,1,0,0.0,10,0,1,2.0,0,11.5,15.0,0.0,19.0,35.83,9.775,13.277,12501.0
2502,3600551146188,0,Narta Deo Homme Invismax 200 ml,12.3403,15.80052012,-1,-14774017,1,0,13.0,10,0,1,4.0,0,12.2,15.0,0.0,19.0,28.04,10.37,13.277748,12502.0
2503,3600551145969,0,Narta Deo Classique 200 ml,12.3403,15.80052012,-1,-14774017,1,0,11.0,10,0,1,4.0,0,12.2,15.0,0.0,19.0,28.04,10.37,13.277748,12503.0
2504,3600551145914,0,Narta Bille Homme Prot 5 50ML,11.733,13.901,-1,-14774017,1,0,9.0,10,0,1,3.0,0,10.955,10.0,0.0,19.0,18.47,9.86,11.681,12504.0
2505,3600551146362,0,Narta Bille Homme Classique,11.733,13.901,-1,-14774017,1,0,15.0,10,0,1,3.0,0,10.955,10.0,0.0,19.0,18.47,9.86,11.681,12505.0
2506,3610340652769,1,Garnier U.D shp camomille 400 ml,12.941,13.9,-1,-14774017,1,0,0.0,19,0,1,2.0,0,11.95,9.0,0.0,19.0,7.41,10.875,11.681,0.0
2507,4005900493002,12,NIVEA deo femme Dry fresh,9.609,12.5,-1,-14774017,1,0,10.0,21,0,1,3.0,0,9.5,15.0,0.0,19.0,30.08,8.075,10.504,12507.0
2508,6130552010487,34,Cotex Papier Toilette 12 p,5.939,6.9,-1,-14774017,1,0,1.0,56,0,1,2.0,0,6.252,5.0,0.0,0.0,16.2,5.939,6.901,
2509,6130552010500,34,Cotex Papier Toilette 24 p,12.5,14.0,-1,-14774017,1,0,0.0,56,0,1,2.0,0,10.504,0.0,0.0,19.0,12.0,10.504,11.764,32509.0
2510,6281031248720,0,Syoss shp Oleo Care 500 ml,7.428,9.7,-1,-14774017,1,0,9.0,0,0,1,2.0,0,8.538,13.0,0.0,0.0,30.59,7.428,9.7,172510.0
2511,6192430009235,0,Syoss A/SHP  Keratin 500ml,7.932,10.7,-1,-14774017,1,0,0.0,0,0,1,2.0,0,7.662,13.0,0.0,19.0,34.89,6.666,8.992,
2512,5283009711428,0,Genereal Power Active pine 1 piéces,3.361,3.901,-1,-14774017,1,0,12.0,0,0,1,2.0,0,3.323,15.0,0.0,19.0,16.04,2.825,3.278,172512.0
2513,5283009711480,0,Genereal Power Active Ocean 3 piéces,8.011,9.3,-1,-14774017,1,0,1.0,0,0,1,2.0,0,7.239,7.0,0.0,19.0,16.09,6.732,7.815,172513.0
2514,5283009711466,0,General Power Active Pine 3 piéces,7.996,9.899,-1,-14774017,1,0,7.0,0,0,1,2.0,0,7.073,5.0,0.0,19.0,23.81,6.719,8.319,172514.0
2515,6192430021312,0,Nadhif Complet propreté et fraicheur 2.5L,13.194,15.0,-1,-14774017,1,0,1.0,62,0,1,2.0,0,12.184,9.0,0.0,19.0,13.69,11.087,12.605,172515.0
2516,6192445400218,15,Crème à Raser Formule Mentholée GM,1.752,2.2,-1,-14774017,1,0,2.0,0,0,1,2.0,0,1.472,0.0,0.0,19.0,25.75,1.472,1.851,0.0
2517,6192445400225,0,Crème à Raser Formule D'oud Gm,1.752,2.2,-1,-14774017,1,0,6.0,0,0,1,2.0,0,1.472,0.0,0.0,19.0,25.75,1.472,1.851,0.0
2518,6130552011132,0,Cotex Essuie tout Basico de 2+1gratuits,2.543,2.9,-1,-14774017,1,0,0.0,56,0,1,2.0,0,2.543,0.0,0.0,0.0,14.05,2.543,2.9,32518.0
2519,6192319101456,12,Lilas Déo Femme Extrème Glamour 200mL,5.055,5.9,-1,-14774017,1,0,0.0,43,0,1,2.0,0,4.248,0.0,0.0,19.0,16.71,4.248,4.958,0.0
2520,6192319101418,12,Lilas Déo Femme Extrème Floral 200mL,5.05512,5.899830552,-1,-14774017,1,0,0.0,43,0,1,2.0,0,4.248,0.0,0.0,19.0,16.71,4.248,4.9578408,282520.0
2521,6192319101425,12,Lilas Déo Homme Extrème Cool 200mL,5.05512,5.899830552,-1,-14774017,1,0,4.0,43,0,1,2.0,0,4.248,0.0,0.0,19.0,16.71,4.248,4.9578408,282521.0
2522,6192319101432,12,Lilas Déo Homme Extrème Sport 200mL,5.05512,5.899830552,-1,-14774017,1,0,4.0,43,0,1,2.0,0,4.248,0.0,0.0,19.0,16.71,4.248,4.9578408,282522.0
2523,6192319101487,12,Lilas Déo Homme Extrème Dark 200mL,5.05512,5.899830552,-1,-14774017,1,0,8.0,43,0,1,2.0,0,4.248,0.0,0.0,19.0,16.71,4.248,4.9578408,282523.0
2524,6192319102002,4,Lilas Masque Extrème Protecteur 400mL,7.618,9.2,-1,-14774017,1,0,0.0,43,0,1,2.0,0,6.402,0.0,0.0,19.0,20.76,6.402,7.731,0.0
2525,6192319106598,4,Lilas Masque Extrème Sublimateur 400mL,7.618,9.2,-1,-14774017,1,0,2.0,43,0,1,2.0,0,6.402,0.0,0.0,19.0,20.76,6.402,7.731,
2526,6192319102019,4,Lilas Masque Extrème Rénovateur 400mL,7.618,9.2,-1,-14774017,1,0,3.0,43,0,1,2.0,0,6.402,0.0,0.0,19.0,20.76,6.402,7.731,0.0
2527,6192319101999,4,Lilas Masque Extrème Reconsctructeur 400mL,7.61838,9.199955688,-1,-14774017,1,0,4.0,43,0,1,2.0,0,6.402,0.0,0.0,19.0,20.76,6.402,7.7310552,282527.0
2528,6192319101982,4,Lilas Masque Extrème Réparateur 400mL,7.618,9.2,-1,-14774017,1,0,0.0,43,0,1,2.0,0,6.402,0.0,0.0,19.0,20.76,6.402,7.731,0.0
2529,6192319101005,2,Lilas A/Shp Extrème Reconstructeur 180mL,3.30939,4.19961591,-1,-14774017,1,0,6.0,43,0,1,2.0,0,2.781,0.0,0.0,19.0,26.9,2.781,3.529089,282529.0
2530,6192319105485,2,Lilas A/Shp Extrème Sublimateur 180mL,3.309,4.2,-1,-14774017,1,0,3.0,43,0,1,2.0,0,2.781,0.0,0.0,19.0,26.9,2.781,3.529,
2531,6192319106260,3,Lilas G.Douche Extrème Homme Cool 400mL,4.195,5.2,-1,-14774017,1,0,0.0,43,0,1,2.0,0,3.525,0.0,0.0,19.0,24.0,3.525,4.371,0.0
2532,6192319106253,3,Lilas G.Douche Extrème Homme Dark 400mL,4.195,5.2,-1,-14774017,1,0,2.0,43,0,1,2.0,0,3.525,0.0,0.0,19.0,24.0,3.525,4.371,0.0
2533,6192319106277,3,Lilas G.Douche Extrème Homme Sport 400mL,4.195,5.5,-1,-14774017,1,0,0.0,43,0,1,2.0,0,3.525,0.0,0.0,19.0,31.1,3.525,4.621,0.0
2534,6192319106284,3,Lilas G.Douche Extrème Homme Sensitive 400mL,4.195,5.5,-1,-14774017,1,0,3.0,43,0,1,2.0,0,3.525,0.0,0.0,19.0,31.1,3.525,4.621,0.0
2535,6192319105409,0,Lilas lave mains 500ml Extrème Citron,3.771,4.4995572,-1,-14774017,1,0,3.0,43,0,1,2.0,0,3.771,0.0,0.0,0.0,19.32,3.771,4.4995572,52535.0
2536,6192319105386,0,Lilas lave mains 500ml Extrème floral,3.771,4.5,-1,-14774017,1,0,0.0,43,0,1,2.0,0,3.771,0.0,0.0,0.0,19.32,3.771,4.5,282536.0
2537,6192319105416,0,Lilas lave mains 500ml Extrème Grenadine,3.771,4.4995572,-1,-14774017,1,0,0.0,43,0,1,2.0,0,3.771,0.0,0.0,0.0,19.32,3.771,4.4995572,282537.0
2538,6192319105379,0,Lilas lave mains 500ml Extrème Marine,3.771,4.5,-1,-14774017,1,0,0.0,43,0,1,2.0,0,3.771,0.0,0.0,0.0,19.32,3.771,4.5,52538.0
2539,6192319105799,4,Lilas Oil Extrème Sublimateur 300mL,9.231,10.9,-1,-14774017,1,0,3.0,43,0,1,2.0,0,7.757,0.0,0.0,19.0,18.08,7.757,9.159,0.0
2540,6192319105645,4,Lilas Oil Extrème Protecteur 300mL,9.231,10.9,-1,-14774017,1,0,0.0,43,0,1,2.0,0,7.757,0.0,0.0,19.0,18.08,7.757,9.159,0.0
2541,6192319105652,4,Lilas Oil Extrème Reconstructeur 300mL,9.231,10.9,-1,-14774017,1,0,0.0,43,0,1,2.0,0,7.757,0.0,0.0,19.0,18.08,7.757,9.159,0.0
2542,6192319101623,24,Lilas dentifrices 75ml Extrème Anti-caries,2.523,3.2,-1,-14774017,1,0,0.0,43,0,1,2.0,0,2.12,0.0,0.0,19.0,26.85,2.12,2.689,
2543,6192319101593,24,Lilas dentifrices 75ml Anti-Carries Menthe,2.523,3.2,-1,-14774017,1,0,0.0,43,0,1,2.0,0,2.12,0.0,0.0,19.0,26.85,2.12,2.689,
2544,6192319101746,24,Lilas dentifrices 75ml Herbal,2.5228,3.2001718,-1,-14774017,1,0,11.0,43,0,1,2.0,0,2.12,0.0,0.0,19.0,26.85,2.12,2.68922,282544.0
2545,6192319101708,24,Lilas dentifrices 75ml Miswak,2.523,3.2,-1,-14774017,1,0,0.0,43,0,1,2.0,0,2.12,0.0,0.0,19.0,26.85,2.12,2.689,
2546,6192319101777,24,Lilas dentifrices 75ml Extrème Menthe Fraiche,3.832,4.6,-1,-14774017,1,0,0.0,43,0,1,2.0,0,3.22,0.0,0.0,19.0,20.05,3.22,3.866,
2547,6192319101760,24,Lilas dentifrices 75ml Extrème Blancheur,3.832,4.6,-1,-14774017,1,0,0.0,43,0,1,2.0,0,3.22,0.0,0.0,19.0,20.05,3.22,3.866,
2548,6192319101814,24,Lilas dentifrices 75ml Extrème Soin Intense,3.832,4.6,-1,-14774017,1,0,0.0,43,0,1,2.0,0,3.22,0.0,0.0,19.0,20.05,3.22,3.866,
2549,6192319101845,24,Lilas dentifrices 75ml Extrème Menthe Charbon,3.832,4.6,-1,-14774017,1,0,1.0,43,0,1,2.0,0,3.22,0.0,0.0,19.0,20.05,3.22,3.866,
2550,6192319102637,3,Lilas G.Douche Extrème Femme Fruité 500mL,4.19475,5.20149,-1,-14774017,1,0,4.0,43,0,1,2.0,0,3.525,0.0,0.0,19.0,24.0,3.525,4.371,42550.0
2551,6192319102668,3,Lilas G.Douche Extrème Femme Mangue 500mL,4.195,5.2,-1,-14774017,1,0,0.0,43,0,1,2.0,0,3.525,0.0,0.0,19.0,24.0,3.525,4.371,0.0
2552,6192319102651,3,Lilas G.Douche Extrème Femme Citron 500mL,4.195,5.2,-1,-14774017,1,0,0.0,43,0,1,2.0,0,3.525,0.0,0.0,19.0,24.0,3.525,4.371,0.0
2553,6192319102705,3,Lilas G.Douche Extrème Femme Pastèque 500mL,4.19475,5.20149,-1,-14774017,1,0,4.0,43,0,1,2.0,0,3.525,0.0,0.0,19.0,24.0,3.525,4.371,42553.0
2554,6192319100794,1,Lilas Shp Suprème Kids Princesse 300mL,6.541,7.8,-1,-14774017,1,0,0.0,43,0,1,2.0,0,5.497,0.0,0.0,19.0,19.25,5.497,6.555,0.0
2555,6192319100824,0,Lilas Shp Suprème Kids Heros 300mL,6.54024,7.7992362,-1,-14774017,1,0,5.0,0,0,1,2.0,0,5.496,0.0,0.0,19.0,19.25,5.496,6.55398,42555.0
2556,6192319100800,0,Lilas Shp Suprème Kids Pirates 300mL,6.54,7.8,-1,-14774017,1,0,0.0,0,0,1,2.0,0,5.496,0.0,0.0,19.0,19.25,5.496,6.554,0.0
2557,6192319100817,0,Lilas Shp Suprème Kids Dinosaures 300mL,6.54024,7.7992362,-1,-14774017,1,0,4.0,0,0,1,2.0,0,5.496,0.0,0.0,19.0,19.25,5.496,6.55398,42557.0
2558,6192319102354,3,Lilas Gel douche Fraicheur Marine 250mL,5.23005,6.50095215,-1,-14774017,1,0,4.0,120,0,1,2.0,0,4.395,0.0,0.0,19.0,24.3,4.395,5.462985,42558.0
2559,6192319102422,3,Lilas Gel douche Fraicheur Noix de Coco 250mL,5.23,6.5,-1,-14774017,1,0,0.0,120,0,1,2.0,0,4.395,0.0,0.0,19.0,24.3,4.395,5.463,0.0
2560,6192319102385,3,Lilas Gel douche Douceur vanillée 250mL,5.23,6.5,-1,-14774017,1,0,0.0,120,0,1,2.0,0,4.395,0.0,0.0,19.0,24.3,4.395,5.463,0.0
2561,6192319102446,3,Lilas Gel douche Fraicheur Florale 250mL,5.23,6.5,-1,-14774017,1,0,0.0,120,0,1,2.0,0,4.395,0.0,0.0,19.0,24.3,4.395,5.463,0.0
2562,6192319107144,2,Lilas A/Shp Avocat 200mL,7.308,8.9,-1,-14774017,1,0,2.0,120,0,1,2.0,0,6.141,0.0,0.0,19.0,21.8,6.141,7.48,0.0
2563,6192319100497,1,Lilas Shp Extrem Anti-Pelliculaire 350mL,3.45,5.5,-1,-14774017,1,0,2.0,120,0,1,2.0,0,3.45,0.0,0.0,0.0,59.43,3.45,5.5,282563.0
2564,6192319100466,1,Lilas Shp Extrem Anti-Chute 350mL,4.601,5.5,-1,-14774017,1,0,4.0,120,0,1,2.0,0,3.866,0.0,0.0,19.0,19.6,3.866,4.624,282564.0
2565,6192319100565,1,Lilas Shp Extrem Nourrissant 350mL,4.601,5.5,-1,-14774017,1,0,1.0,120,0,1,2.0,0,3.866,0.0,0.0,19.0,19.6,3.866,4.624,0.0
2566,6192319100473,1,Lilas Shp Extrem Protecteur 350mL,4.60054,5.50224584,-1,-14774017,1,0,8.0,43,0,1,2.0,0,3.866,0.0,0.0,19.0,19.6,3.866,4.623736,282566.0
2567,6192319100459,1,Lilas Shp Extreme Reconstructeur 350mL,4.60054,5.50224584,-1,-14774017,1,0,9.0,120,0,1,2.0,0,3.866,0.0,0.0,19.0,19.6,3.866,4.623736,282567.0
2568,6192319100503,1,Lilas Shp Extrem Equillibrant 350mL,4.601,5.503,-1,-14774017,1,0,4.0,43,0,1,2.0,0,4.601,0.0,0.0,0.0,19.6,4.601,5.503,52568.0
2569,6192319100541,1,Lilas Shp Extrem Reparateur350mL,4.601,5.5004955,-1,-14774017,1,0,18.0,120,0,1,2.0,0,4.601,0.0,0.0,0.0,19.55,4.601,5.5004955,52569.0
2570,6192319100510,1,Lilas Shp Extrem Renovateur 350mL,4.601,5.5,-1,-14774017,1,0,6.0,120,0,1,2.0,0,4.601,0.0,0.0,0.0,19.55,4.601,5.5,282570.0
2571,6192319100237,0,Lilas Shp Supreme nutritif 400mL,10.385,11.9,-1,-14774017,1,0,5.0,120,0,1,2.0,0,8.727,0.0,0.0,19.0,14.59,8.727,10.0,
2572,6192319106727,0,Lilas Shp Supreme Nutrition Intense 400mL,10.385,11.9,-1,-14774017,1,0,0.0,120,0,1,2.0,0,8.727,0.0,0.0,19.0,14.59,8.727,10.0,52572.0
2573,6192319106703,1,Lilas Shp Supreme Renovateur 400mL,10.385,12.9,-1,-14774017,1,0,1.0,120,0,1,2.0,0,8.727,0.0,0.0,19.0,24.22,8.727,10.841,0.0
2574,6192319106710,1,Lilas Shp Supreme Nurrit et Renforce 400mL,10.385,12.9,-1,-14774017,1,0,3.0,120,0,1,2.0,0,8.727,0.0,0.0,19.0,24.22,8.727,10.841,0.0
2575,6192319106734,1,Lilas Shp Supreme Keretine 400mL,10.385,12.9,-1,-14774017,1,0,0.0,120,0,1,2.0,0,8.727,0.0,0.0,19.0,24.22,8.727,10.841,0.0
2576,6192319108516,1,Lilas Shp Supreme Proteine 400mL,10.385,12.9,-1,-14774017,1,0,0.0,120,0,1,2.0,0,8.727,0.0,0.0,19.0,24.22,8.727,10.841,0.0
2577,6192319100275,0,Lilas Shp Supreme 2en1 Nutrition Intense 400mL,9.231,10.9,-1,-14774017,1,0,3.0,120,0,1,2.0,0,7.757,0.0,0.0,19.0,18.08,7.757,9.159,
2578,6192319100305,0,Lilas Shp Supreme 2en1 Citron 400mL,9.231,10.9,-1,-14774017,1,0,3.0,43,0,1,2.0,0,7.757,0.0,0.0,19.0,18.08,7.757,9.159,
2579,6192319100299,0,Lilas Shp Supreme 2en1 Protein 400mL,9.231,10.9,-1,-14774017,1,0,2.0,0,0,1,2.0,0,7.757,0.0,0.0,19.0,18.08,7.757,9.159,
2580,6192319100329,0,Lilas Shp Supreme 2en1 Réparation 400mL,9.231,10.9,-1,-14774017,1,0,1.0,0,0,1,2.0,0,7.757,0.0,0.0,19.0,18.08,7.757,9.159,
2581,6192319101562,12,Lilas dèo Body Spray Homme Suprème Night 200mL,6.54,7.9,-1,-14774017,1,0,4.0,43,0,1,2.0,0,5.496,0.0,0.0,19.0,20.79,5.496,6.639,
2582,6192319101494,12,Lilas dèo Body Spray Homme Suprème Passion 200mL,6.54,7.9,-1,-14774017,1,0,0.0,43,0,1,2.0,0,5.496,0.0,0.0,19.0,20.79,5.496,6.639,
2583,6192319101548,12,Lilas déo Body Spray Homme Suprème Dream 200mL,6.54024,7.899955896,-1,-14774017,1,0,0.0,43,0,1,2.0,0,5.496,0.0,0.0,19.0,20.79,5.496,6.6386184,42583.0
2584,6192319101500,12,Lilas déo Body Spray Homme Suprème Legend 200mL,6.54,7.9,-1,-14774017,1,0,0.0,43,0,1,2.0,0,5.496,0.0,0.0,19.0,20.79,5.496,6.639,
2585,6192319107274,4,Lilas Masque Suprème Nutrition Intense 300mL,10.462,12.501,-1,-14774017,1,0,2.0,43,0,1,2.0,0,8.792,0.0,0.0,19.0,19.48,8.792,10.505,282585.0
2586,6192319107298,12,Lilas Masque Suprème Rénovateur 300mL,10.462,12.501,-1,-14774017,1,0,3.0,43,0,1,2.0,0,8.792,0.0,0.0,19.0,19.48,8.792,10.505,282586.0
2587,6192319107243,12,Lilas Masque Suprème Kératine 300mL,10.462,12.501,-1,-14774017,1,0,3.0,43,0,1,2.0,0,8.792,0.0,0.0,19.0,19.48,8.792,10.505,282587.0
2588,6192319107250,12,Lilas Masque Suprème illuminateur 300mL,10.462,12.5,-1,-14774017,1,0,3.0,43,0,1,2.0,0,8.792,0.0,0.0,19.0,19.48,8.792,10.505,0.0
2589,6192477621285,30,Lilas Sol Surfaces Lavande 1.5L,5.22529,6.4,-1,-14774017,1,0,0.0,120,0,1,2.0,0,4.391,0.0,0.0,19.0,22.5,4.391,5.378975,282589.0
2590,6192477621292,30,Lilas Sol Surfaces Pomme 1.5L,5.225,6.4,-1,-14774017,1,0,2.0,43,0,1,2.0,0,4.391,0.0,0.0,19.0,22.5,4.391,5.379,0.0
2591,6192507800116,30,Raclette Atlass 55 CM CT 12 P,2.658,3.2,-1,-14774017,1,0,4.0,121,0,1,2.0,0,2.658,0.0,0.0,0.0,20.38,2.658,3.2,0.0
2592,6192002408428,30,Judy liquide vaisselle citron vert 580ml,3.0,3.8,-1,-14774017,1,0,0.0,17,0,1,2.0,0,2.521,0.0,0.0,19.0,26.7,2.521,3.194,
2593,3014260294625,0,Gillette femme II 5+1,7.854,9.6,-1,-14774017,1,0,2.0,0,0,1,3.0,0,6.6,0.0,0.0,19.0,22.26,6.6,8.069,0.0
2594,8000836138832,1,Arkemusa shp No Yellow 500ml,15.794037,19.600399917,-1,-14774017,1,0,4.0,95,0,1,4.0,0,14.747,10.0,0.0,19.0,24.1,13.2723,16.4709243,12594.0
2595,8000836149845,0,Arkemusa Masque No Yellow 500ml,15.794037,20.500660026,-1,-14774017,1,0,4.0,95,0,1,4.0,0,14.747,10.0,0.0,19.0,29.8,13.2723,17.2274454,12595.0
2596,8000836149784,0,Arkemusa curl defining cream 150ml,17.009622,22.0002450948,-1,-14774017,1,0,0.0,95,0,1,4.0,0,15.882,10.0,0.0,19.0,29.34,14.2938,18.48760092,12596.0
2597,8000836149708,0,Arkemusa Spray Mask Fito Keratin 150ml,17.01,22.0,-1,-14774017,1,0,5.0,95,0,1,4.0,0,15.882,10.0,0.0,19.0,29.34,14.294,18.488,12597.0
2598,8000836149746,0,Arkemusa Spray Mask Macademia 150ml,17.009622,22.0002450948,-1,-14774017,1,0,5.0,95,0,1,4.0,0,15.882,10.0,0.0,19.0,29.34,14.2938,18.48760092,12598.0
2599,8000836149869,0,Arkemusa Spray Mask No Yellow 150ml,17.009622,22.0002450948,-1,-14774017,1,0,6.0,95,0,1,4.0,0,15.882,10.0,0.0,19.0,29.34,14.2938,18.48760092,12599.0
2600,8000836149821,0,Arkemusa Spray Mask Olive 150ml,17.009622,22.0002450948,-1,-14774017,1,0,7.0,95,0,1,4.0,0,15.882,10.0,0.0,19.0,29.34,14.2938,18.48760092,12600.0
2601,3574661700823,3,LPM créme de douche Fleur d'oranger 250ml,6.533,7.9,-1,-14774017,1,0,5.0,14,0,1,2.0,0,6.1,10.0,0.0,19.0,20.9,5.49,6.637,0.0
2602,3574661701431,0,LPM GD 4 EN 1 Bois d'oranger & Argan 250ml,6.5331,7.89982452,-1,-14774017,1,0,6.0,14,0,1,2.0,0,6.1,10.0,0.0,19.0,20.92,5.49,6.638508,12602.0
2603,3574661699653,3,LPM créme de douche Argan & Karité 250ml,6.533,7.9,-1,-14774017,1,0,3.0,14,0,1,2.0,0,6.1,10.0,0.0,19.0,20.9,5.49,6.637,0.0
2604,3574661699493,0,LPM GD Fleur de Tiaré 250ml,6.5331,7.89982452,-1,-14774017,1,0,4.0,14,0,1,2.0,0,6.1,10.0,0.0,19.0,20.92,5.49,6.638508,12604.0
2605,3574661699622,3,LPM GD Mangue Bio & Passion 250ml,6.533,7.5,-1,-14774017,1,0,3.0,14,0,1,2.0,0,6.1,10.0,0.0,19.0,14.8,5.49,6.303,0.0
2606,3574661254487,3,LPM créme de douche Rose 250ml,6.5331,7.8985179,-1,-14774017,1,0,5.0,14,0,1,2.0,0,6.1,10.0,0.0,19.0,20.9,5.49,6.63741,12606.0
2607,3574661574035,1,LPM SHP homme anti pelliculaire 250ml,7.604,9.7,-1,-14774017,1,0,5.0,14,0,1,2.0,0,7.1,10.0,0.0,19.0,27.59,6.39,8.153,0.0
2608,3574661574561,1,LPM SHP Nutrition 250ml,7.604,9.7,-1,-14774017,1,0,5.0,14,0,1,2.0,0,7.1,10.0,0.0,19.0,27.59,6.39,8.153,0.0
2609,3574661593951,1,LPM SHP Force & Eclat 250ml,7.604,9.7,-1,-14774017,1,0,4.0,14,0,1,2.0,0,7.1,10.0,0.0,19.0,27.59,6.39,8.153,0.0
2610,3014800294625,0,Gillette II femme,1.309,1.6,-1,-14774017,1,0,7.0,26,0,1,2.0,0,1.1,0.0,0.0,19.0,22.42,1.1,1.347,0.0
2611,6192003850417,12,Déo créme déodorant vert 30ml,2.955,3.8,-1,-14774017,1,0,18.0,122,0,1,2.0,0,2.483,0.0,0.0,19.0,28.6,2.483,3.193,0.0
2612,3665468500805,30,Harpic pp explosio Marine 750 ML,8.0782674,9.8999166987,-1,-14774017,1,0,7.0,123,0,1,2.0,0,6.927,2.0,0.0,19.0,22.55,6.78846,8.31925773,52612.0
2613,6223005872227,35,Dettol savon cool 115 GR,2.897,3.7,-1,-14774017,1,0,11.0,90,0,1,2.0,0,3.121,22.0,0.0,19.0,27.75,2.434,3.109,
2614,6223005872203,35,Dettol savon skincare 115 GR,2.897,3.7,-1,-14774017,1,0,13.0,90,0,1,2.0,0,3.121,22.0,0.0,19.0,27.8,2.434,3.111,0.0
2615,6223005872104,35,Dettol savon  original 115 GR,2.897,3.7,-1,-14774017,1,0,4.0,90,0,1,2.0,0,3.121,22.0,0.0,19.0,27.8,2.434,3.111,0.0
2616,6223005872241,35,Dettol savon re-energize 115 GR,2.897,3.7,-1,-14774017,1,0,13.0,90,0,1,2.0,0,3.121,22.0,0.0,19.0,27.8,2.434,3.111,0.0
2617,3014800294627,0,Gillette II femme,1.309,1.6,-1,-14774017,1,0,0.0,26,0,1,2.0,0,1.1,0.0,0.0,19.0,22.2,1.1,1.344,52617.0
2618,6192400682154,5,Peaudouce lingettes  S/Alcool 40 P,3.0,3.9,-1,-14774017,1,0,25.0,51,0,1,6.0,0,3.0,0.0,0.0,0.0,30.0,3.0,3.9,
2619,6192000584193,34,LOTUS distributeur Mouchoirs voiture 80P kids,1.63,1.9,-1,-14774017,1,0,12.0,54,0,1,2.0,0,1.63,0.0,0.0,0.0,16.9,1.63,1.905,
2620,6192400661050,34,LOTUS distributeur Mouchoirs voiture 100P nature,1.525,2.1,-1,-14774017,1,0,24.0,54,0,1,6.0,0,1.525,0.0,0.0,0.0,38.0,1.525,2.105,
2621,6281006535053,0,Tresemmé A/SHP keratine smooth et straight 400 ML,8.74,9.9,-1,-14774017,1,0,3.0,124,0,1,2.0,0,8.74,0.0,0.0,0.0,13.27,8.74,9.9,52621.0
2622,6281006534711,0,Tresemmé A/PSH  fall et control 400 ML,8.74,9.9,-1,-14774017,1,0,15.0,124,0,1,2.0,0,8.74,0.0,0.0,0.0,13.27,8.74,9.9,
2623,6281006534926,1,Tresemmé SHP botanix nourish et replenish 400 ML,8.74,9.9,-1,-14774017,1,0,3.0,124,0,1,2.0,0,8.74,0.0,0.0,0.0,13.27,8.74,9.9,52623.0
2624,6281006535046,1,Tresemmé SHP keratin smooth et straight 400 ML,8.74,9.9,-1,-14774017,1,0,4.0,124,0,1,2.0,0,8.74,0.0,0.0,0.0,13.27,8.74,9.9,
2625,6281006534865,1,Tresemmé SHP strength fall et control 400 ML,8.74,9.9,-1,-14774017,1,0,5.0,124,0,1,2.0,0,8.74,0.0,0.0,0.0,13.27,8.74,9.9,52625.0
2626,6281006534841,1,Tresemmé SHP repair et protect 400ML,8.74,9.9,-1,-14774017,1,0,5.0,124,0,1,2.0,0,8.74,0.0,0.0,0.0,13.27,8.74,9.9,52626.0
2627,6281006534940,1,Tresemmé SHP volume et body 400ML,8.74,9.9,-1,-14774017,1,0,6.0,124,0,1,2.0,0,8.74,0.0,0.0,0.0,13.27,8.74,9.9,52627.0
2628,6192445400249,7,Razar after shave oud 100 ML,3.245,4.2,-1,-14774017,1,0,3.0,125,0,1,2.0,0,3.245,0.0,0.0,0.0,29.5,3.245,4.202,0.0
2629,6192445400256,7,Razar after shave classique 100 ML,3.245,4.2,-1,-14774017,1,0,0.0,125,0,1,2.0,0,3.245,0.0,0.0,0.0,29.5,3.245,4.202,0.0
2630,6192445400232,7,Razar after shave oud 100 ML,3.245,4.2,-1,-14774017,1,0,5.0,125,0,1,2.0,0,3.245,0.0,0.0,0.0,29.5,3.245,4.202,0.0
2631,6192409004155,32,Dex vitres pistolet emeraude 500ML,3.298,3.899,-1,-14774017,1,0,6.0,18,0,1,2.0,0,3.298,0.0,0.0,0.0,18.22,3.298,3.899,82631.0
2632,6192409006593,0,DET lot vaissaille 2.5L+2.5,17.16,20.700108,-1,-14774017,1,0,0.0,18,0,1,2.0,0,17.16,0.0,0.0,0.0,20.63,17.16,20.700108,82632.0
2633,6192417000040,19,Sisam chamoisine coton 30/40,0.37,0.75,-1,-14774017,1,1,0.0,126,0,1,2.0,0,0.37,0.0,0.0,0.0,103.0,0.37,0.751,52633.0
2634,6192417000041,19,Sisam chamoisine coton 25/35,0.252,0.75,-1,-14774017,1,1,10.0,126,0,1,2.0,0,0.252,0.0,0.0,0.0,198.0,0.252,0.751,
2635,6192026300609,30,Jmal finesse liquide pour lave 1L,3.529,4.3,-1,-14774017,1,0,48.0,127,0,1,2.0,0,3.529,0.0,0.0,0.0,21.9,3.529,4.302,0.0
2636,6192026301620,30,Jmal finesse liquide pour lave 2L,6.891,8.2,-1,-14774017,1,0,17.0,127,0,1,2.0,0,6.891,0.0,0.0,0.0,19.0,6.891,8.2,0.0
2637,6192026301637,0,Jmal finesse liquide pour lave 3L,11.835,13.5,-1,-14774017,1,0,7.0,127,0,1,2.0,0,10.253,3.0,0.0,19.0,14.07,9.945,11.344,82637.0
2638,6192026301606,30,Jmal finesse liquide pour lave 5L,14.706,16.9,-1,-14774017,1,0,0.0,127,0,1,2.0,0,14.706,0.0,0.0,0.0,14.92,14.706,16.9,
2639,6192026301781,30,Jmal fawah désodorisant 1L,1.765,2.1,-1,-14774017,1,0,28.0,128,0,1,2.0,0,1.765,0.0,0.0,0.0,19.0,1.765,2.1,0.0
2640,6192026300142,30,Jmal fawah désodorisant 5L,5.798,7.5,-1,-14774017,1,0,2.0,128,0,1,2.0,0,5.798,0.0,0.0,0.0,29.35,5.798,7.5,0.0
2641,6192026300647,30,Jmal fawah désodorisant 2L,2.941,4.2,-1,-14774017,1,0,10.0,128,0,1,2.0,0,2.941,0.0,0.0,0.0,42.9,2.941,4.203,0.0
2642,789554569552,19,White shark jex fer,0.93,1.1,-1,-14774017,1,0,25.0,129,0,1,2.0,0,0.93,0.0,0.0,0.0,18.3,0.93,1.1,82642.0
2643,6192310600125,19,Aquajex eponge pour nettoyage,0.97,1.2,-1,-14774017,1,0,12.0,130,0,1,2.0,0,0.84,3.0,0.0,19.0,23.71,0.815,1.008,82643.0
2644,6192310600101,19,Aquajex sccourers 2P,0.862,1.2,-1,-14774017,1,0,1.0,130,0,1,2.0,0,0.862,0.0,0.0,0.0,39.2,0.862,1.2,82644.0
2645,80069123812963,19,Jex vert 3P,1.357,1.8,-1,-14774017,1,0,0.0,131,0,1,2.0,0,1.357,0.0,0.0,0.0,32.9,1.357,1.803,0.0
2646,6192436000465,19,Softy clean lingettes 40P,4.501,5.9,-1,-14774017,1,0,15.0,132,0,1,2.0,0,3.782,0.0,0.0,19.0,31.09,3.782,4.958,82646.0
2647,6192000220145,19,Nassim air fraiche citron 300ML,4.179,5.8,-1,-14774017,1,0,13.0,133,0,1,2.0,0,4.179,0.0,0.0,0.0,38.8,4.179,5.8,82647.0
2648,6192000220121,19,Nasim air fraiche lavande 300ML,4.179,5.8,-1,-14774017,1,0,11.0,133,0,1,2.0,0,4.179,0.0,0.0,0.0,38.8,4.179,5.8,82648.0
2649,8697418293739,19,Garden air fraiche lavande 300ML,3.152,4.5,-1,-14774017,1,0,14.0,134,0,1,2.0,0,3.152,0.0,0.0,0.0,42.78,3.152,4.5,
2650,8697418293722,19,Garden air fraiche jasmine 300ML,3.152,4.5,-1,-14774017,1,0,16.0,134,0,1,2.0,0,3.152,0.0,0.0,0.0,42.78,3.152,4.5,
2651,8697418293098,19,Garden air fraiche rose 300ML,3.152,4.6,-1,-14774017,1,0,13.0,134,0,1,2.0,0,3.152,0.0,0.0,0.0,46.0,3.152,4.602,0.0
2652,6192102001192,19,kotis papier mouchoirs 10 packs,2.0,2.3,-1,-14774017,1,0,26.0,135,0,1,2.0,0,2.0,0.0,0.0,0.0,15.0,2.0,2.3,342652.0
2653,6192310600231,19,Aquajex,0.97,1.5,-1,-14774017,1,0,14.0,130,0,1,2.0,0,0.84,3.0,0.0,19.0,55.0,0.815,1.263,82653.0
2654,6192438506736,19,Zitouna savon vert 100 GR,0.62,0.8,-1,-14774017,1,0,79.0,136,0,1,2.0,0,0.62,0.0,0.0,0.0,29.0,0.62,0.8,0.0
2655,6192329700502,19,Mlouki savon liquide 4.5L,4.366,5.6,-1,-14774017,1,0,0.0,137,0,1,2.0,0,4.366,0.0,0.0,0.0,28.3,4.366,5.602,82655.0
2656,6192457501170,19,Dumax gel lavant mains fraicheur 5L,15.229,18.0,-1,-14774017,1,0,3.0,117,0,1,2.0,0,15.229,0.0,0.0,0.0,18.2,15.229,18.001,0.0
2657,6192457503181,19,Dumax gel lavant mains orange  5L,15.229,18.0,-1,-14774017,1,0,0.0,117,0,1,2.0,0,15.229,0.0,0.0,0.0,18.2,15.229,18.001,0.0
2658,6192457501163,19,Dumax gel lavant mains violettes 5L,15.229,18.0,-1,-14774017,1,0,0.0,117,0,1,2.0,0,15.229,0.0,0.0,0.0,18.2,15.229,18.001,0.0
2659,6192457503167,19,Dumax gel lavant mains fleur d'orange 5L,15.229,18.0,-1,-14774017,1,0,0.0,117,0,1,2.0,0,15.229,0.0,0.0,0.0,18.2,15.229,18.001,0.0
2660,6192457503099,0,Dumax gel lavant mains lait et miel 5L,15.229,18.0,-1,-14774017,1,0,0.0,0,0,1,2.0,0,15.229,0.0,0.0,0.0,18.2,15.229,18.001,0.0
2661,6191234567891,19,Cachmir oranger,0.659,0.75,-1,-14774017,1,1,25.0,0,0,1,2.0,0,0.659,0.0,0.0,0.0,14.0,0.659,0.751,
2662,6192102001406,34,TONUS essuie tout 120métres = 1170gr,7.50176,8.900088064,-1,-14774017,1,0,42.0,0,0,1,2.0,0,6.304,0.0,0.0,19.0,18.64,6.304,7.4790656,82662.0
2663,6192002020330,19,Choc deboucheur 300GR,3.8796023,5.0008073647,-1,-14774017,1,0,9.0,108,0,1,2.0,0,3.361,3.0,0.0,19.0,28.9,3.26017,4.20235913,82663.0
2664,6192319100480,1,Lilas SHP 2en1 protéine 350 ML,4.601,5.5,-1,-14774017,1,0,8.0,120,0,1,2.0,0,4.601,0.0,0.0,0.0,19.55,4.601,5.5004955,282664.0
2665,6192319100558,1,lilas SHP 2en1 hydratant 350 ML,4.60054,5.49994557,-1,-14774017,1,0,7.0,120,0,1,2.0,0,3.866,0.0,0.0,19.0,19.55,3.866,4.621803,282665.0
2666,6192319100572,1,Lilas SHP Men 2en1 anti-pelliculaire 350 ML,4.601,5.5,-1,-14774017,1,0,0.0,43,0,1,2.0,0,4.601,0.0,0.0,0.0,19.55,4.601,5.5,282666.0
2667,6192319100589,1,Lilas SHP MEN Protéine 350 ML,4.60054,5.49994557,-1,-14774017,1,0,5.0,120,0,1,2.0,0,3.866,0.0,0.0,19.0,19.55,3.866,4.621803,282667.0
2668,6192319100596,1,Lilas SHP Men 2en1 double-action 350 ML,4.601,5.5,-1,-14774017,1,0,4.0,43,0,1,2.0,0,4.601,0.0,0.0,0.0,19.55,4.601,5.5,52668.0
2669,6192319101463,12,Lilas déo sensitive 200 ML,5.055,6.0,-1,-14774017,1,0,0.0,120,0,1,2.0,0,5.055,0.0,0.0,0.0,18.69,5.055,6.0,0.0
2670,6192319101395,0,Lilas déo Marine 200 ML,5.05393,6.499859373,-1,-14774017,1,0,7.0,122,0,1,2.0,0,4.247,0.0,0.0,19.0,28.61,4.247,5.4620667,42670.0
2671,6192319101470,12,Lilas Deo Men Deep 200 ML,5.055,5.9997795,-1,-14774017,1,0,4.0,43,0,1,2.0,0,5.055,0.0,0.0,0.0,18.69,5.055,5.9997795,282671.0
2672,6192319101401,12,lilas Deo fruité 200 ML,5.055,6.0,-1,-14774017,1,0,0.0,120,0,1,2.0,0,5.055,0.0,0.0,0.0,18.69,5.055,6.0,0.0
2673,6192319103184,12,Lilas Deo exotique 200 ML,5.055,6.0,-1,-14774017,1,0,0.0,120,0,1,2.0,0,5.055,0.0,0.0,0.0,18.69,5.055,6.0,0.0
2674,6192319100992,2,Lilas extreme A/SHP réparateur 180 ML,3.309,4.2,-1,-14774017,1,0,6.0,120,0,1,2.0,0,3.309,0.0,0.0,0.0,27.0,3.309,4.202,282674.0
2675,6192319101043,2,Lilas A/Shp Extrème Kératine 180 ML,3.309,3.9,-1,-14774017,1,0,0.0,120,0,1,2.0,0,3.309,0.0,0.0,0.0,17.85,3.309,3.9,
2676,6192319101029,2,Lilas A/Shp Extrème Rénovateur 180 ML,3.309,3.8996565,-1,-14774017,1,0,6.0,120,0,1,2.0,0,3.309,0.0,0.0,0.0,17.85,3.309,3.8996565,282676.0
2677,6192319102057,4,Lilas masque extreme reconstructeur 220 ML,4.386,5.3,-1,-14774017,1,0,0.0,120,0,1,2.0,0,4.386,0.0,0.0,0.0,20.83,4.386,5.3,0.0
2678,6192319102040,4,Lilas masque réparateur 220 ML,4.385,5.299711,-1,-14774017,1,0,0.0,120,0,1,2.0,0,4.385,0.0,0.0,0.0,20.86,4.385,5.299711,282678.0
2679,6192319106581,4,Lilas Masque extreme Sublimateur 220 ML,4.385,5.3,-1,-14774017,1,0,4.0,120,0,1,2.0,0,4.385,0.0,0.0,0.0,20.86,4.385,5.3,
2680,6192319102095,4,Lilas Masque Kératine 220 ML,4.385,5.3,-1,-14774017,1,0,2.0,120,0,1,2.0,0,4.385,0.0,0.0,0.0,20.86,4.385,5.3,282680.0
2681,8886467018336,30,Omo poudre main rose scent 1.2KG,7.5,8.7,-1,-14774017,1,0,1.0,138,0,1,2.0,0,7.5,0.0,0.0,0.0,16.0,7.5,8.7,0.0
2682,8886467018282,30,Omo poudre main lemon scent 300G,1.9,2.3,-1,-14774017,1,0,3.0,138,0,1,2.0,0,1.9,0.0,0.0,0.0,21.1,1.9,2.301,0.0
2683,8886467018411,30,Zed poudre main oxifresh 5en1 lemon 1KG,4.833,5.8,-1,-14774017,1,0,9.0,139,0,1,2.0,0,4.833,0.0,0.0,0.0,20.0,4.833,5.8,0.0
2684,8690637829680,19,Dove lave main 500ml seha et vanilia,7.0,8.7,-1,-14774017,1,0,1.0,61,0,1,2.0,0,7.0,0.0,0.0,0.0,24.3,7.0,8.701,0.0
2685,6281006541689,19,Dove lave main 500ml avocado et calendula,7.0,8.7,-1,-14774017,1,0,1.0,61,0,1,2.0,0,7.0,0.0,0.0,0.0,24.3,7.0,8.701,0.0
2686,8690637829697,19,Dove lave main 500ml moisturizing,7.0,8.7,-1,-14774017,1,0,0.0,61,0,1,2.0,0,7.0,0.0,0.0,0.0,24.3,7.0,8.701,0.0
2687,6281006541702,19,Dove lave main 500ml coconut et milk,7.0,8.7,-1,-14774017,1,0,3.0,61,0,1,2.0,0,7.0,0.0,0.0,0.0,24.3,7.0,8.701,0.0
2688,8720181214011,0,Réxona deo femme 200ml invisible pure,9.2,12.5,-1,-14774017,1,0,17.0,0,0,1,2.0,0,9.2,0.0,0.0,0.0,35.87,9.2,12.5,
2689,8720181311017,0,Réxona deo femme 200ml aloe vera scent,9.2,12.5,-1,-14774017,1,0,17.0,91,0,1,2.0,0,9.2,0.0,0.0,0.0,35.87,9.2,12.5,
2690,8720181213854,12,Rexona deo homme 200ml invisible,9.2,12.5,-1,-14774017,1,0,26.0,91,0,1,2.0,0,9.2,0.0,0.0,0.0,35.87,9.2,12.5,
2691,8720181437793,12,Réxona deo femme 200ml tropical,9.2,12.5,-1,-14774017,1,0,9.0,91,0,1,2.0,0,9.2,0.0,0.0,0.0,35.87,9.2,12.5,
2692,6192319102712,19,Lilas gel douche amande 500ML,4.195,5.2,-1,-14774017,1,0,0.0,43,0,1,2.0,0,4.195,0.0,0.0,0.0,24.0,4.195,5.202,0.0
2693,6192319102675,19,Lilas gel douche exotique 500ML,4.195,5.2,-1,-14774017,1,0,0.0,120,0,1,2.0,0,4.195,0.0,0.0,0.0,24.0,4.195,5.202,0.0
2694,6192319102644,19,Lilas gel douche citron menthe 500ML,4.195,5.2018,-1,-14774017,1,0,4.0,43,0,1,2.0,0,4.195,0.0,0.0,0.0,24.0,4.195,5.2018,42694.0
2695,6926597176031,24,Dr cool brosse a dent be inspired,1.358,2.7,-1,-14774017,1,0,3.0,140,0,1,2.0,0,1.358,0.0,0.0,0.0,99.0,1.358,2.702,82695.0
2696,6974009540048,24,Dr cool brosse a dent sea life,1.358,2.7,-1,-14774017,1,0,3.0,140,0,1,2.0,0,1.358,0.0,0.0,0.0,99.0,1.358,2.702,82696.0
2697,6926597176017,24,Dr cool brosse a dent my little teeth,1.358,2.7,-1,-14774017,1,0,1.0,140,0,1,2.0,0,1.358,0.0,0.0,0.0,99.0,1.358,2.702,82697.0
2698,6192409005534,30,Det poudre main 2en1 280g,1.212,1.6,-1,-14774017,1,0,1.0,18,0,1,2.0,0,1.212,0.0,0.0,0.0,32.0,1.212,1.6,52698.0
2699,6192409006357,30,Dex poudre main savon de marseille 280g,1.309,1.6,-1,-14774017,1,0,0.0,141,0,1,2.0,0,1.309,0.0,0.0,0.0,22.0,1.309,1.597,0.0
2700,6192409004544,0,Det vaissel super concentré aloé vera 600ML,2.813,3.9,-1,-14774017,1,0,0.0,0,0,1,2.0,0,2.813,0.0,0.0,0.0,38.64,2.813,3.9,
2701,6192409005695,19,Dex lave main 350ml zestes de fraicheur,2.619,3.29994,-1,-14774017,1,0,13.0,141,0,1,2.0,0,2.619,0.0,0.0,0.0,26.0,2.619,3.29994,52701.0
2702,6192400682949,0,Peaudouce lingettes bébé lot 3,8.5,11.5,-1,-14774017,1,0,66.0,51,0,1,6.0,0,8.5,0.0,0.0,0.0,35.32,8.5,11.502,
2703,6192002080136,19,Choc net bloc rose WC 4P,6.014,7.1,-1,-14774017,1,0,3.0,108,0,1,2.0,0,5.21,3.0,0.0,19.0,18.06,5.054,5.967,82703.0
2704,6192002080143,19,Choc net bloc lavande  WC 4P,6.014,7.1,-1,-14774017,1,0,1.0,108,0,1,2.0,0,5.21,3.0,0.0,19.0,18.06,5.054,5.967,
2705,6192002080167,0,Choc net bloc pin  WC 4P,5.809,6.9,-1,-14774017,1,0,0.0,0,0,1,2.0,0,5.809,0.0,0.0,0.0,18.8,5.809,6.901,0.0
2706,6192440000864,19,Jet 7 gel main désinfectant 250 ML,4.491,6.7,-1,-14774017,1,0,21.0,99,0,1,6.0,0,3.774,0.0,0.0,19.0,49.2,3.774,5.631,0.0
2707,6295120027059,30,Finich gel machine vaisselle power 650ML,18.65,22.5,-1,-14774017,1,0,4.0,89,0,1,2.0,0,18.65,0.0,0.0,0.0,20.65,18.65,22.501,0.0
2708,6192477621308,30,Lilas sols et surface fraicheur jasmin 1.5L,5.225,6.400625,-1,-14774017,1,0,2.0,120,0,1,2.0,0,5.225,0.0,0.0,0.0,22.5,5.225,6.400625,282708.0
2709,6192477610760,30,Clean poudre main citron 1kg,3.776,4.6,-1,-14774017,1,0,0.0,105,0,1,2.0,0,3.776,0.0,0.0,0.0,21.9,3.776,4.603,0.0
2710,3346020030830,0,Carolin pistolet dégraissant savon noir 650ML,7.443,9.2,-1,-14774017,1,0,13.0,0,0,1,2.0,0,6.95,10.0,0.0,19.0,23.6,6.255,7.731,12710.0
2711,3346029989450,0,Carolin pistolet dégraissant citron 650ML,7.443,9.2,-1,-14774017,1,0,12.0,0,0,1,2.0,0,6.95,10.0,0.0,19.0,23.6,6.255,7.731,12711.0
2712,3346029989429,0,Carolin pistolet dégraissant savon marseille 650ML,6.881,8.6,-1,-14774017,1,0,5.0,0,0,1,2.0,0,7.645,10.0,0.0,0.0,25.0,6.881,8.601,0.0
2713,6192000583929,0,SENSEA lingettes kids 15p,1.1,1.502,-1,-14774017,1,0,71.0,53,0,1,2.0,0,1.1,0.0,0.0,0.0,36.5,1.1,1.502,342713.0
2714,6130552003120,34,Cotex Essuie Tout mega 370gr,3.109,3.9,-1,-14774017,1,0,249.0,56,0,1,2.0,0,3.109,0.0,0.0,0.0,25.43,3.109,3.9,32714.0
2715,6192006706384,5,DOUCEUR Cotons Tiges 90p,1.403,1.8,-1,-14774017,1,0,7.0,0,0,1,2.0,0,1.403,0.0,0.0,0.0,28.2,1.403,1.799,0.0
2716,6194013372040,19,Dar clean serpillére microfibre 50*70,7.735,9.4,-1,-14774017,1,0,13.0,142,0,1,2.0,0,6.5,0.0,0.0,19.0,21.52,6.5,7.899,232716.0
2717,6194013372415,19,Dar clean gant microfibre clean visage,4.165,4.8,-1,-14774017,1,0,5.0,142,0,1,2.0,0,3.5,0.0,0.0,19.0,15.3,3.5,4.036,232717.0
2718,6194013372170,19,Dar clean egouttoir microfibre gris 38*51,13.923,16.9,-1,-14774017,1,0,3.0,142,0,1,2.0,0,11.7,0.0,0.0,19.0,21.38,11.7,14.201,232718.0
2719,6194013372408,19,Dar clean cap microfibre sochage cheveux,9.729,11.9,-1,-14774017,1,0,10.0,142,0,1,2.0,0,8.176,0.0,0.0,19.0,22.31,8.176,10.0,232719.0
2720,6194013372255,19,Dar clean micro fibre exterieur 50/70,7.735,9.5,-1,-14774017,1,0,5.0,142,0,1,2.0,0,6.5,0.0,0.0,19.0,22.82,6.5,7.983,232720.0
2721,6194013372224,19,Dar clean microfibre exterieur voiture,7.14,8.6,-1,-14774017,1,0,11.0,142,0,1,2.0,0,6.0,0.0,0.0,19.0,20.45,6.0,7.227,232721.0
2722,6194013372026,19,Dar clean microfibre vitre bleu 35*35,4.868,5.9,-1,-14774017,1,0,7.0,142,0,1,2.0,0,4.091,0.0,0.0,19.0,21.2,4.091,4.958,232722.0
2723,6194013372033,19,Dar clean microfibre sochage vaisselle 30*60,5.41,6.5,-1,-14774017,1,0,13.0,142,0,1,2.0,0,4.546,0.0,0.0,19.0,20.15,4.546,5.462,232723.0
2724,6194013372163,19,Dar clean microfibre multiusage 35*35,3.031,3.701,-1,-14774017,1,0,19.0,142,0,1,2.0,0,2.547,0.0,0.0,19.0,22.1,2.547,3.11,232724.0
2725,6194013372156,19,Dar clean microfibre vitre roulo vert 35*35,2.925,3.501,-1,-14774017,1,0,27.0,142,0,1,2.0,0,2.458,0.0,0.0,19.0,19.7,2.458,2.942,232725.0
2726,8017331089507,30,Vim degraissant sagrassatore power 750ML,7.372,9.6,-1,-14774017,1,0,7.0,143,0,1,2.0,0,6.387,3.0,0.0,19.0,30.25,6.195,8.069,0.0
2727,6192409006487,0,Dex liquide vaisselle citron 5L,13.096,15.4,-1,-14774017,1,0,1.0,141,0,1,2.0,0,11.345,3.0,0.0,19.0,17.59,11.005,12.941,82727.0
2728,6192409006494,30,Dexel gel machine 3L+3L lot blue flowers,19.821,22.85,-1,-14774017,1,0,0.0,144,0,1,2.0,0,17.171,3.0,0.0,19.0,15.3,16.656,19.204,
2729,6291069700299,0,Dabur dentifrices 150gr herbel basil,4.241,4.9,-1,-14774017,1,0,37.0,145,0,1,2.0,0,3.96,10.0,0.0,19.0,15.53,3.564,4.117,342729.0
2730,5022496181211,24,Dabur dentifrices 150gr herbel mint et lemon,4.241,4.9,-1,-14774017,1,0,46.0,145,0,1,2.0,0,3.96,10.0,0.0,19.0,15.53,3.564,4.117,12730.0
2731,5022496181174,0,Dabur dentifrices 150gr herbel salt et lemon,4.241,4.9,-1,-14774017,1,0,39.0,0,0,1,2.0,0,3.96,10.0,0.0,19.0,15.53,3.564,4.117,342731.0
2732,6291069727203,0,Dabur dentifrices 120+50gr original miswak,3.159,4.9,-1,-14774017,1,0,32.0,46,0,1,2.0,0,2.95,10.0,0.0,19.0,55.1,2.655,4.118,342732.0
2733,6192488207058,0,Joia body care massage oil pomme d'amour 300ML,13.62907,16.9000468,-1,-14774017,1,0,2.0,146,0,1,2.0,0,11.453,0.0,0.0,19.0,24.0,11.453,14.20172,52733.0
2734,6192488207034,0,Joia body care massage oil jardin fleuri 300ML,13.629,16.9,-1,-14774017,1,0,2.0,146,0,1,2.0,0,11.453,0.0,0.0,19.0,24.0,11.453,14.202,0.0
2735,6192488207065,0,Joia body care massage oil vanille et marshmallow 300ML,13.629,16.9,-1,-14774017,1,0,2.0,146,0,1,2.0,0,11.453,0.0,0.0,19.0,24.0,11.453,14.202,0.0
2736,6192488207027,0,Joia body care massage oil jasmin et thé 300ML,13.629,16.9,-1,-14774017,1,0,2.0,146,0,1,2.0,0,11.453,0.0,0.0,19.0,24.0,11.453,14.202,0.0
2737,6192488206495,0,Joia body splash jardin fleuri 300ML,14.486,19.7,-1,-14774017,1,0,0.0,146,0,1,2.0,0,12.173,0.0,0.0,19.0,36.0,12.173,16.555,0.0
2738,6192488206518,43,Joia body splash vanille et marchmallow 300ML,14.486,19.7,-1,-14774017,1,0,0.0,146,0,1,2.0,0,12.173,0.0,0.0,19.0,36.0,12.173,16.555,0.0
2739,6192488206488,0,Joia body splash jasmin et thé 300ML,14.486,19.7,-1,-14774017,1,0,5.0,0,0,1,2.0,0,12.173,0.0,0.0,19.0,36.0,12.173,16.555,0.0
2740,6192488206501,43,Joia body splash pomme d'amour 300ML,14.486,19.7,-1,-14774017,1,0,3.0,146,0,1,2.0,0,12.173,0.0,0.0,19.0,36.0,12.173,16.555,0.0
2741,6291069716146,0,Vatika hot oil traitement argan 500 kg,10.603,12.901,-1,-14774017,1,0,1.0,47,0,1,2.0,0,9.9,10.0,0.0,19.0,21.67,8.91,10.841,
2742,6291069704075,0,Vatika hot oil traitement garlic 500 kg,10.603,12.901,-1,-14774017,1,0,2.0,0,0,1,2.0,0,9.9,10.0,0.0,19.0,21.67,8.91,10.841,
2743,6291069201314,0,Vatika hot oil traitement honey et egg 500 kg,10.603,12.901,-1,-14774017,1,0,1.0,0,0,1,2.0,0,9.9,10.0,0.0,19.0,21.67,8.91,10.841,
2744,6291069201413,0,Vatika hot oil traitement olive el almond 500 kg,10.603,12.901,-1,-14774017,1,0,0.0,0,0,1,2.0,0,9.9,10.0,0.0,19.0,21.67,8.91,10.841,
2745,6291069201420,0,Vatika hot oil traitement cactus et garlic 500 kg,10.603,12.901,-1,-14774017,1,0,8.0,0,0,1,2.0,0,9.9,10.0,0.0,19.0,21.67,8.91,10.841,
2746,3600550153491,0,Dessange masque nurti-extreme richess 250 ML,21.658,25.99,-1,-14774017,1,0,2.0,0,0,1,2.0,0,20.0,9.0,0.0,19.0,20.0,18.2,21.84,
2747,3600542370110,4,Garnier U.D masque hairfood banane 390 ML,19.004895,22.7773666575,-1,-14774017,1,0,1.0,9,0,1,3.0,0,17.55,9.0,0.0,19.0,19.85,15.9705,19.14064425,12747.0
2748,5022496102001,0,Dabur amla huile cheveux 200 ML,6.48,7.9,-1,-14774017,1,0,2.0,0,0,1,2.0,0,6.05,10.0,0.0,19.0,21.9,5.445,6.637,0.0
2749,5022496112000,0,Dabur amla huile cheveux jasmin 200 ML,8.541,10.5,-1,-14774017,1,0,3.0,0,0,1,2.0,0,7.975,10.0,0.0,19.0,22.91,7.178,8.822,0.0
2750,5022496105002,0,Dabur amla huile cheveux 100 ML,3.947,5.0,-1,-14774017,1,0,0.0,0,0,1,2.0,0,3.685,10.0,0.0,19.0,26.7,3.317,4.203,0.0
2751,5022496103534,0,Vatika huile cheveux olive 200 ml,6.664,8.7,-1,-14774017,1,0,6.0,0,0,1,2.0,0,5.6,0.0,0.0,19.0,30.6,5.6,7.314,12751.0
2752,6291069710380,0,Vatika huile cheveux argan 200 ml,6.664,8.703184,-1,-14774017,1,0,4.0,0,0,1,2.0,0,5.6,0.0,0.0,19.0,30.6,5.6,7.3136,12752.0
2753,6291069742152,0,Vatika SHP avocado oil 425 ML,9.189,10.9,-1,-14774017,1,0,10.0,0,0,1,2.0,0,8.58,10.0,0.0,19.0,18.62,7.722,9.16,
2754,6291069742138,0,Vatika SHP shea butter 425 ML,9.189,10.9,-1,-14774017,1,0,4.0,0,0,1,2.0,0,8.58,10.0,0.0,19.0,18.62,7.722,9.16,
2755,6291069742145,0,Vatika SHP hibicus extract 425 ML,9.189,10.9,-1,-14774017,1,0,4.0,0,0,1,2.0,0,8.58,10.0,0.0,19.0,18.62,7.722,9.16,
2756,6291069706383,0,Vatika shp spanish et garlic 200 ml,4.344,4.999,-1,-14774017,1,0,7.0,0,0,1,2.0,0,3.65,0.0,0.0,19.0,15.1,3.65,4.201,12756.0
2757,6291069208221,0,Vatika shp honey et egg 200 ML,4.344,4.999,-1,-14774017,1,0,12.0,0,0,1,2.0,0,3.65,0.0,0.0,19.0,15.1,3.65,4.201,12757.0
2758,6291069706376,0,Vatika SHP moroccan argan 200 ML,4.391,4.999,-1,-14774017,1,0,12.0,0,0,1,2.0,0,4.1,10.0,0.0,19.0,13.85,3.69,4.201,12758.0
2759,6291069208207,0,Vatika SHP almond et honey 200 ML,4.344,4.999,-1,-14774017,1,0,10.0,0,0,1,2.0,0,3.65,0.0,0.0,19.0,15.1,3.65,4.201,12759.0
2760,6291069708127,0,Vatika oil replacement honey et egg 200 ML,6.362,8.9,-1,-14774017,1,0,8.0,0,0,1,3.0,0,5.94,10.0,0.0,19.0,39.9,5.346,7.479,12760.0
2761,6291069708110,0,Vatika oil replacement almond et honey 200 ML,6.362,8.9,-1,-14774017,1,0,1.0,0,0,1,3.0,0,5.94,10.0,0.0,19.0,39.9,5.346,7.479,12761.0
2762,6192488202121,0,R.B Teinture 7.26,5.263,6.9,-1,-14774017,1,0,9.0,0,0,1,6.0,0,4.914,10.0,0.0,19.0,31.1,4.423,5.799,12762.0
2763,6192488202183,0,R.B Teinture 6.4,5.263,6.9,-1,-14774017,1,0,4.0,0,0,1,6.0,0,4.914,10.0,0.0,19.0,31.1,4.423,5.799,12763.0
2764,6192488202206,0,R.B Teinture 5.2,5.263,6.9,-1,-14774017,1,0,10.0,0,0,1,6.0,0,4.914,10.0,0.0,19.0,31.1,4.423,5.799,12764.0
2765,6192488202947,0,R.B Teinture 6.36,5.263,6.9,-1,-14774017,1,0,5.0,0,0,1,6.0,0,4.914,10.0,0.0,19.0,31.1,4.423,5.799,52765.0
2766,6192488202091,0,R.B Teinture 5.66,5.263,6.9,-1,-14774017,1,0,9.0,0,0,1,6.0,0,4.914,10.0,0.0,19.0,31.1,4.423,5.799,12766.0
2767,6192488202176,0,R.B Teinture 11.2,5.263,6.9,-1,-14774017,1,0,17.0,0,0,1,6.0,0,4.914,10.0,0.0,19.0,31.1,4.423,5.799,12767.0
2768,6192488202077,0,R.B Teinture 6.56,5.263,6.9,-1,-14774017,1,0,8.0,0,0,1,6.0,0,4.914,10.0,0.0,19.0,31.1,4.423,5.799,12768.0
2769,6192488202022,0,R.B Teinture 6.58,5.263,6.9,-1,-14774017,1,0,10.0,0,0,1,6.0,0,4.914,10.0,0.0,19.0,31.1,4.423,5.799,12769.0
2770,6192488202107,0,R.B Teinture 6.66,5.263,6.9,-1,-14774017,1,0,8.0,0,0,1,6.0,0,4.914,10.0,0.0,19.0,31.1,4.423,5.799,12770.0
2771,6192488201995,0,R.B Teinture 8.83,5.263,6.9,-1,-14774017,1,0,20.0,0,0,1,6.0,0,4.914,10.0,0.0,19.0,31.1,4.423,5.799,12771.0
2772,6192488201988,0,R.B Teinture 7.83,5.263,6.9,-1,-14774017,1,0,22.0,0,0,1,6.0,0,4.914,10.0,0.0,19.0,31.1,4.423,5.799,12772.0
2773,6192488202169,0,R.B Teinture 11.1,5.263,6.9,-1,-14774017,1,0,16.0,0,0,1,6.0,0,4.914,10.0,0.0,19.0,31.1,4.423,5.799,12773.0
2774,6192488202220,0,R.B Teinture 7.2,5.263,6.9,-1,-14774017,1,0,9.0,0,0,1,6.0,0,4.914,10.0,0.0,19.0,31.1,4.423,5.799,12774.0
2775,6192488202961,0,R.B Teinture 11.0,5.263,6.9,-1,-14774017,1,0,18.0,0,0,1,6.0,0,4.914,10.0,0.0,19.0,31.1,4.423,5.799,12775.0
2776,6192488201865,0,R.B Teinture 1.1,5.263,6.9,-1,-14774017,1,0,16.0,0,0,1,6.0,0,4.914,10.0,0.0,19.0,31.1,4.423,5.799,12776.0
2777,6192488202213,0,R.B Teinture 6.2,5.262894,6.899654034,-1,-14774017,1,0,11.0,0,0,1,6.0,0,4.914,10.0,0.0,19.0,31.1,4.4226,5.7980286,12777.0
2778,6192488202084,0,R.B Teinture 7.56,5.263,6.9,-1,-14774017,1,0,12.0,0,0,1,6.0,0,4.914,10.0,0.0,19.0,31.1,4.423,5.799,12778.0
2779,6192488201919,0,R.B Teinture 10.3,5.263,6.9,-1,-14774017,1,0,7.0,0,0,1,6.0,0,4.914,10.0,0.0,19.0,31.1,4.423,5.799,
2780,6192488202039,0,R.B Teinture 8.44,5.263,6.9,-1,-14774017,1,0,5.0,0,0,1,6.0,0,4.914,10.0,0.0,19.0,31.1,4.423,5.799,
2781,6192488202046,0,R.B Teinture 6.36,5.263,6.9,-1,-14774017,1,0,6.0,0,0,1,6.0,0,4.914,10.0,0.0,19.0,31.1,4.423,5.799,
2782,6130552010494,0,Cotex Papier Toilette 12 +4 p,6.878,7.6,-1,-14774017,1,0,-1.0,56,0,1,2.0,0,6.8,15.0,0.0,19.0,10.5,5.78,6.387,32782.0
2783,6192319101449,0,Lilas Déo Femme Extrème vanille 200m,5.054,6.5,-1,-14774017,1,0,4.0,0,0,1,2.0,0,4.247,0.0,0.0,19.0,28.61,4.247,5.462,282783.0
2784,6192319101388,0,Lilas Déo Femme Extrème sensuel 200m,5.054,6.5,-1,-14774017,1,0,5.0,0,0,1,2.0,0,4.247,0.0,0.0,19.0,28.61,4.247,5.462,282784.0
2785,6192319105737,0,Lilas oil ex REP réparateur 300 ML,10.77,12.9,-1,-14774017,1,0,2.0,0,0,1,2.0,0,9.05,0.0,0.0,19.0,19.78,9.05,10.84,
2786,6192319105744,0,Lilas oil ex REP kératine 300 ML,10.77,12.9,-1,-14774017,1,0,0.0,0,0,1,2.0,0,9.05,0.0,0.0,19.0,19.78,9.05,10.84,
2787,6192319105720,0,Lilas oil ex sublimateur 300 ML,10.77,12.9,-1,-14774017,1,0,0.0,0,0,1,2.0,0,9.05,0.0,0.0,19.0,19.78,9.05,10.84,
2788,6192319102118,0,Lilas masque ex réparateur 500 ML,11.543,13.9,-1,-14774017,1,0,0.0,0,0,1,2.0,0,9.7,0.0,0.0,19.0,20.4,9.7,11.679,0.0
2789,6192319102163,0,Lilas masque ex sublimateur 500 ML,11.543,13.9,-1,-14774017,1,0,2.0,0,0,1,2.0,0,9.7,0.0,0.0,19.0,20.4,9.7,11.679,
2790,6192319102156,0,Lilas masque ex illuminateur 500 ML,11.543,13.9,-1,-14774017,1,0,2.0,0,0,1,2.0,0,9.7,0.0,0.0,19.0,20.4,9.7,11.679,
2791,6192319102101,0,Lilas masque ex kératine 500 ML,11.543,13.9,-1,-14774017,1,0,3.0,0,0,1,2.0,0,9.7,0.0,0.0,19.0,20.4,9.7,11.679,
2792,6192319103016,4,Lilas créme de soin 200ml expert réparatrice,8.845,11.5,-1,-14774017,1,0,1.0,43,0,1,2.0,0,7.433,0.0,0.0,19.0,30.0,7.433,9.663,
2793,6192319105256,4,Lilas créme de coiffage 200ML extreme rénovatrice,7.309,8.8,-1,-14774017,1,0,3.0,43,0,1,2.0,0,6.142,0.0,0.0,19.0,20.4,6.142,7.395,
2794,6192319100916,0,Lilas A/shp ex kératine 500 ML,7.309,8.9,-1,-14774017,1,0,4.0,0,0,1,2.0,0,6.142,0.0,0.0,19.0,21.77,6.142,7.479,
2795,6192319100985,0,Lilas A/shp ex sublimateur 500 ML,7.309,8.9,-1,-14774017,1,0,6.0,0,0,1,2.0,0,6.142,0.0,0.0,19.0,21.77,6.142,7.479,
2796,6192319100978,0,Lilas A/shp ex illuminateur 500 ML,7.309,8.9,-1,-14774017,1,0,5.0,0,0,1,2.0,0,6.142,0.0,0.0,19.0,21.77,6.142,7.479,
2797,6192319107120,0,Lilas A/shp supreme illuminateur 200 ML,7.309,9.2,-1,-14774017,1,0,3.0,0,0,1,2.0,0,6.142,0.0,0.0,19.0,25.9,6.142,7.733,0.0
2798,6192319107113,0,Lilas A/shp supreme  kératine 200 ML,7.309,9.2,-1,-14774017,1,0,2.0,0,0,1,2.0,0,6.142,0.0,0.0,19.0,25.9,6.142,7.733,0.0
2799,6192319103825,0,Lilas A/shp supreme nuritif 200 ML,7.309,9.2,-1,-14774017,1,0,2.0,0,0,1,2.0,0,6.142,0.0,0.0,19.0,25.9,6.142,7.733,0.0
2800,6192319107229,0,Lilas A/shp supreme rénovateur 200 ML,7.309,9.2,-1,-14774017,1,0,3.0,0,0,1,2.0,0,6.142,0.0,0.0,19.0,25.9,6.142,7.733,0.0
2801,6192319100534,0,Lilas Shp Extrem kératine 350mL,4.60054,5.50224584,-1,-14774017,1,0,9.0,0,0,1,2.0,0,3.866,0.0,0.0,19.0,19.6,3.866,4.623736,282801.0
2802,6192319100787,0,Lilas shp ex homme régulateur 500 ML,7.309,8.8,-1,-14774017,1,0,1.0,0,0,1,2.0,0,6.142,0.0,0.0,19.0,20.4,6.142,7.395,0.0
2803,6192319100763,0,Lilas shp ex homme réparateur 500 ML,7.309,8.8,-1,-14774017,1,0,4.0,0,0,1,2.0,0,6.142,0.0,0.0,19.0,20.4,6.142,7.395,0.0
2804,6192319100695,0,Lilas shp ex réparateur 500 ML,7.309,8.8,-1,-14774017,1,0,0.0,0,0,1,2.0,0,6.142,0.0,0.0,19.0,20.4,6.142,7.395,0.0
2805,6192319100756,0,Lilas shp ex sublimateur 500 ML,7.309,8.8,-1,-14774017,1,0,2.0,0,0,1,2.0,0,6.142,0.0,0.0,19.0,20.4,6.142,7.395,0.0
2806,6192319100633,0,Lilas shp ex kératine 500 ML,7.309,8.8,-1,-14774017,1,0,0.0,0,0,1,2.0,0,6.142,0.0,0.0,19.0,20.4,6.142,7.395,0.0
2807,6192319100725,0,Lilas shp ex illuminateur 500 ML,7.309,8.8,-1,-14774017,1,0,3.0,0,0,1,2.0,0,6.142,0.0,0.0,19.0,20.4,6.142,7.395,
2808,6192319102071,0,Lilas Masque Extrème Rénovateur 220mL,4.385,5.3,-1,-14774017,1,0,3.0,0,0,1,2.0,0,3.685,0.0,0.0,19.0,20.86,3.685,4.454,
2809,6192319102064,0,Lilas Masque Extrème protecteur 220 mL,4.385,5.3,-1,-14774017,1,0,2.0,0,0,1,2.0,0,3.685,0.0,0.0,19.0,20.86,3.685,4.454,282809.0
2810,6192430014451,0,Pril liquide vaisselle citron 2.5 L,12.293,14.199,-1,-14774017,1,0,21.0,0,0,1,2.0,0,11.352,9.0,0.0,19.0,15.51,10.33,11.932,172810.0
2811,6192430014659,30,Dixan gel machine fraicheur 3L,16.5373824,19.9027397184,-1,-14774017,1,0,0.0,153,0,1,2.0,0,18.048,23.0,0.0,19.0,20.35,13.89696,16.72499136,172811.0
2812,6192430019401,0,Nadhif gel machine 3L rose,16.96578,19.9,-1,-14774017,1,0,6.0,0,0,1,2.0,0,21.751,22.0,0.0,0.0,17.29,16.96578,19.899163362,172812.0
2813,6192430003882,0,Souplesse bille océne 50 ml,3.328,3.9,-1,-14774017,1,0,7.0,0,0,1,2.0,0,3.328,0.0,0.0,0.0,17.2,3.328,3.9,0.0
2814,6192430003936,0,Souplesse bille homme minéral 50 ml,3.47163,3.899334816,-1,-14774017,1,0,13.0,0,0,1,2.0,0,3.579,3.0,0.0,0.0,12.32,3.47163,3.899334816,172814.0
2815,6192430003868,0,Souplesse bille femme sensuel 50 ml,3.47163,3.899334816,-1,-14774017,1,0,6.0,0,0,1,2.0,0,3.579,3.0,0.0,0.0,12.32,3.47163,3.899334816,172815.0
2816,6192430003851,0,Souplesse bille femme vanille 50 ml,3.47163,3.899334816,-1,-14774017,1,0,12.0,0,0,1,2.0,0,3.579,3.0,0.0,0.0,12.32,3.47163,3.899334816,172816.0
2817,6192430017193,0,Syoss shp power 500 ML,7.427,9.699,-1,-14774017,1,0,4.0,0,0,1,2.0,0,7.427,0.0,0.0,0.0,30.59,7.427,9.699,
2818,6192430017254,0,Syoss shp clean et cool 500 ML,7.428,9.7,-1,-14774017,1,0,14.0,0,0,1,2.0,0,8.538,13.0,0.0,0.0,30.59,7.428,9.7,172818.0
2819,6192430015472,0,Pril liquide vaisselle citron vert 580 ml,3.0659,3.79956987,-1,-14774017,1,0,20.0,0,0,1,2.0,0,3.565,14.0,0.0,0.0,23.93,3.0659,3.79956987,172819.0
2820,5283009711435,0,Genereal Power Active lemon 1 piéces,3.175,3.8,-1,-14774017,1,0,0.0,0,0,1,2.0,0,3.175,0.0,0.0,0.0,19.7,3.175,3.8,
2821,5283009711442,0,Genereal Power Active Ocean 1 piéces,3.361,3.901,-1,-14774017,1,0,11.0,0,0,1,2.0,0,3.323,15.0,0.0,19.0,16.04,2.825,3.278,172821.0
2822,8718951552838,30,Soupline assouplissant grand air 2.85 L,15.196,17.6,-1,-14774017,1,0,0.0,147,0,1,2.0,0,12.77,0.0,0.0,19.0,15.83,12.77,14.791,0.0
2823,8718951552944,30,Soupline assouplissant lavande 2.85 L,15.196,17.6,-1,-14774017,1,0,0.0,147,0,1,2.0,0,12.77,0.0,0.0,19.0,15.83,12.77,14.791,0.0
2824,8718951377769,0,Palmolive SHP noix de coco 380 ML,3.878,4.9,-1,-14774017,1,0,9.0,94,0,1,2.0,0,4.345,25.0,0.0,19.0,26.35,3.259,4.118,
2825,8718951548947,0,Palmolive SHP aloe vera 380 ML,3.878,4.9,-1,-14774017,1,0,8.0,94,0,1,2.0,0,4.345,25.0,0.0,19.0,26.35,3.259,4.118,
2826,8718951321588,0,Sanex déo femme pierre d'alun peaux normales 200 ML,9.371,11.9,-1,-14774017,1,0,57.0,148,0,1,2.0,0,10.5,25.0,0.0,19.0,27.0,7.875,10.001,
2827,8718951321526,0,Sanex déo femme pierre d'alun peaux sensibles 200 ML,9.371,11.9,-1,-14774017,1,0,54.0,0,0,1,2.0,0,10.5,25.0,0.0,19.0,27.0,7.875,10.001,0.0
2828,8718951561687,0,Sanex déo femme dermo sensitive 200 ML,9.371,11.9,-1,-14774017,1,0,58.0,0,0,1,2.0,0,10.5,25.0,0.0,19.0,27.0,7.875,10.001,0.0
2829,8718951273931,0,Sanex déo homme respect et control 200 ML,9.371,11.9,-1,-14774017,1,0,56.0,0,0,1,2.0,0,10.5,25.0,0.0,19.0,27.0,7.875,10.001,0.0
2830,8718951087422,0,Sanex déo homme active control 200 ML,9.371,11.901,-1,-14774017,1,0,52.0,148,0,1,2.0,0,10.5,25.0,0.0,19.0,27.0,7.875,10.001,
2831,8718951087415,0,Sanex bille homme nature protect respect et control 50 ML,6.388,7.9,-1,-14774017,1,0,3.0,0,0,1,2.0,0,6.71,20.0,0.0,19.0,23.7,5.368,6.64,0.0
2832,8718951273719,0,Sanex bille homme zero respect et control 50 ML,6.388,7.9,-1,-14774017,1,0,0.0,0,0,1,2.0,0,6.71,20.0,0.0,19.0,23.7,5.368,6.64,0.0
2833,8718951247024,0,Sanex bille femme zero extra control 50 ML,6.388,7.9,-1,-14774017,1,0,2.0,0,0,1,2.0,0,6.71,20.0,0.0,19.0,23.7,5.368,6.64,0.0
2834,8718951316027,0,Sanex bille femme nature protect pierre d'alun 50 ML,6.388,7.9,-1,-14774017,1,0,3.0,0,0,1,2.0,0,6.71,20.0,0.0,19.0,23.7,5.368,6.64,0.0
2835,8718951268432,0,Sanex bille femme zero sensitive 50 ML,6.388,7.9,-1,-14774017,1,0,3.0,0,0,1,2.0,0,6.71,20.0,0.0,19.0,23.7,5.368,6.64,0.0
2836,6920354828195,0,Colgate dentifrices 75ml total charcoal,4.427,5.9,-1,-14774017,1,0,0.0,0,0,1,2.0,0,4.65,20.0,0.0,19.0,33.3,3.72,4.959,
2837,8718951654129,0,Colgate dentifrices 75ml max fresh menthe frisson,4.036,4.9,-1,-14774017,1,0,7.0,0,0,1,2.0,0,3.99,15.0,0.0,19.0,21.4,3.392,4.117,252837.0
2838,8718951509627,0,Colgate dentefrice optic white anti tabac 75 ML,8.747,10.9,-1,-14774017,1,0,0.0,0,0,1,2.0,0,9.8,25.0,0.0,19.0,24.63,7.35,9.16,
2839,8718951288911,0,Colgate dentefrice max fresh spicy fresh 75 ML,4.036,4.9,-1,-14774017,1,0,4.0,0,0,1,2.0,0,3.99,15.0,0.0,19.0,21.4,3.392,4.118,
2840,8718951606494,0,Colgate brosse a dent kids batman +6 ans,5.748,6.7,-1,-14774017,1,0,8.0,0,0,1,2.0,0,4.83,0.0,0.0,19.0,16.57,4.83,5.63,
2841,8718951606524,0,Colgate brosse a dent kids barbie +6 ans,5.748,6.9,-1,-14774017,1,0,7.0,0,0,1,2.0,0,4.83,0.0,0.0,19.0,20.04,4.83,5.798,
2842,6192400660343,0,Lotus Papier Toillette x12,5.50018,7.19973562,-1,-14774017,1,0,79.0,54,0,1,2.0,0,4.622,0.0,0.0,19.0,30.9,4.622,6.050198,432842.0
2843,6192400682970,0,Lotus essuie-tout maxi roll mega 1000 GR,8.5,9.9,-1,-14774017,1,0,0.0,0,0,1,12.0,0,8.5,0.0,0.0,0.0,16.5,8.5,9.903,262843.0
2844,6192400682963,0,Lotus essuie-tout maxi roll xxl 680 GR,6.5,7.5,-1,-14774017,1,0,0.0,0,0,1,12.0,0,6.5,0.0,0.0,0.0,15.4,6.5,7.501,0.0
2845,6192400660923,0,Lotus essuie-tout multiusage *2 260 GR,2.0,3.0004,-1,-14774017,1,0,-16.0,0,0,1,12.0,0,2.0,0.0,0.0,0.0,50.02,2.0,3.0004,52845.0
2846,6192400682956,0,Lotus essuie-tout maxi roll xl 430 GR,4.5,5.5,-1,-14774017,1,0,0.0,0,0,1,10.0,0,4.5,0.0,0.0,0.0,22.3,4.5,5.504,0.0
2847,6926597176048,0,Dr cool brosse a dent adventurous soft,1.358,2.7,-1,-14774017,1,0,52.0,0,0,1,2.0,0,1.358,0.0,0.0,0.0,99.0,1.358,2.702,82847.0
2848,6191737400097,0,Dima clean lavette microfibre multi-usages P modéle,2.2,3.0,-1,-14774017,1,0,1.0,149,0,1,2.0,0,2.2,0.0,0.0,0.0,36.5,2.2,3.003,92848.0
2851,6191737400134,19,Dima clean lavette microfibre spécialité cuisine,1.5,2.0,-1,-14774017,1,0,0.0,149,0,1,2.0,0,1.5,0.0,0.0,0.0,33.5,1.5,2.003,92851.0
2852,6191737400066,0,Dima clean lavette microfibre spécialité meuble,2.0,2.5,-1,-14774017,1,0,0.0,0,0,1,2.0,0,2.0,0.0,0.0,0.0,25.0,2.0,2.5,92852.0
2853,6191737400035,0,Dima clean lavette microfibre spécialité sol G modéle,5.0,7.5,-1,-14774017,1,0,0.0,149,0,1,2.0,0,5.0,0.0,0.0,0.0,50.0,5.0,7.5,352853.0
2854,7322540960341,0,Nana ultra thin 8,3.7,4.5,-1,-14774017,1,0,1.0,0,0,1,12.0,0,3.109,0.0,0.0,19.0,21.63,3.109,3.781,52854.0
2855,6192011812162,0,Lilas nett distributeur fleurie 100 mouchoirs,1.577,2.1,-1,-14774017,1,0,0.0,120,0,1,2.0,0,1.325,0.0,0.0,19.0,33.2,1.325,1.765,42855.0
2856,6192011811592,0,Lilas nett papiers mouchoirs kids 6 piéces,1.528,1.9,-1,-14774017,1,0,98.0,120,0,1,2.0,0,1.284,0.0,0.0,19.0,24.35,1.284,1.597,342856.0
2857,6192002403607,0,Judy javel parfumée fleurs 1.5 L,2.85957,3.4028883,-1,-14774017,1,0,-7.0,17,0,1,2.0,0,2.403,0.0,0.0,19.0,19.0,2.403,2.85957,32857.0
2858,6192002403287,0,Judy javel parfumée lavande 1.5 L,2.85957,3.4028883,-1,-14774017,1,0,0.0,17,0,1,2.0,0,2.403,0.0,0.0,19.0,19.0,2.403,2.85957,32858.0
2859,6192002403270,0,Judy javel parfumée citron 1.5 L,2.85957,3.4028883,-1,-14774017,1,0,1.0,17,0,1,2.0,0,2.403,0.0,0.0,19.0,19.0,2.403,2.85957,32859.0
2860,6192002403188,0,Judy javel parfumée foret 1.5 L,2.85957,3.4028883,-1,-14774017,1,0,1.0,17,0,1,2.0,0,2.403,0.0,0.0,19.0,19.0,2.403,2.85957,32860.0
2861,6192457800365,0,ROSS CLEAN desorisant dose concentré pour 3/5L,0.727,1.0,-1,-14774017,1,0,17.0,0,0,1,2.0,0,0.63,3.0,0.0,19.0,37.6,0.611,0.841,82861.0
2862,6192507800222,0,BSP garden balai lave pont,1.406,2.0,-1,-14774017,1,0,8.0,0,0,1,2.0,0,1.218,3.0,0.0,19.0,42.5,1.181,1.683,82862.0
2863,6192502704167,0,Sofpince brosse fenetre floria,1.004,1.6,-1,-14774017,1,0,0.0,0,0,1,2.0,0,0.87,3.0,0.0,19.0,59.3,0.844,1.344,82863.0
2864,6192502700190,0,Sofpince brosse fenetre gris,1.091,1.6,-1,-14774017,1,0,0.0,0,0,1,2.0,0,0.945,3.0,0.0,19.0,46.9,0.917,1.347,82864.0
2865,6192507800215,0,BSP balai lave pont aylix,1.164,1.8,-1,-14774017,1,0,19.0,0,0,1,2.0,0,1.008,3.0,0.0,19.0,54.9,0.978,1.515,82865.0
2866,6192002010232,0,Sanille brille vitre et glace PM,1.057,1.5,-1,-14774017,1,0,8.0,0,0,1,2.0,0,0.916,3.0,0.0,19.0,41.8,0.889,1.261,82866.0
2867,6192011813664,0,Lilas protége-slips confort plus normal 20 (new),2.715,3.2,-1,-14774017,1,0,13.0,120,0,1,12.0,0,2.715,0.0,0.0,0.0,17.85,2.715,3.2,42867.0
2868,6192011813671,0,Lilas protége-slips confort plus long 16 (new),2.714,3.3,-1,-14774017,1,0,0.0,0,0,1,12.0,0,2.281,0.0,0.0,19.0,21.56,2.281,2.773,42868.0
2869,6192011803733,37,Lilas clip normal vert 10,2.527,3.2,-1,-14774017,1,0,32.0,43,0,1,12.0,0,2.189,3.0,0.0,19.0,26.65,2.123,2.689,52869.0
2870,6192111000339,0,Folia lingettes bébé 60 piéces,1.601,2.3,-1,-14774017,1,0,0.0,0,0,1,5.0,0,1.387,3.0,0.0,19.0,43.8,1.345,1.934,82870.0
2871,6192457502603,0,Dumax air fresh smooth 250 ML,2.124,3.0,-1,-14774017,1,0,0.0,0,0,1,2.0,0,1.84,3.0,0.0,19.0,41.24,1.785,2.521,82871.0
2872,6192457501002,0,Dumax air fresh bkhour 250 ML,2.124,3.0,-1,-14774017,1,0,0.0,0,0,1,2.0,0,1.84,3.0,0.0,19.0,41.24,1.785,2.521,82872.0
2873,3058320002041,0,Mixa créme soin mains séches 100ML,14.81,17.0,-1,-14774017,1,0,4.0,32,0,1,2.0,0,13.1,5.0,0.0,19.0,14.8,12.445,14.287,12873.0
2874,3058320002034,0,Mixa créme soin mains abimées 100ML,16.053,18.004,-1,-14774017,1,0,3.0,0,0,1,2.0,0,14.2,5.0,0.0,19.0,12.15,13.49,15.129,12874.0
2875,3610340670947,0,Garnier U.D shp rice water infusion et strach 200 ML,8.4609,9.59973714,-1,-14774017,1,0,4.0,25,0,1,2.0,0,7.9,10.0,0.0,19.0,13.46,7.11,8.067006,12875.0
2876,3610340670909,0,Garnier U.D shp rice water infusion et strach 400 ML,14.94045,16.90063704,-1,-14774017,1,0,2.0,25,0,1,2.0,0,13.95,10.0,0.0,19.0,13.12,12.555,14.202216,12876.0
2877,3600542612920,4,Garnier U.D masque rice water infusion et strach 340 ML,14.5656,18.90032256,-1,-14774017,1,0,2.0,25,0,1,2.0,0,13.6,10.0,0.0,19.0,29.76,12.24,15.882624,12877.0
2878,3574661287201,0,Neutrogena gel nettoyant hydro boost 50 ML,22.13519,26.8,-1,-14774017,1,0,3.0,92,0,1,2.0,0,19.58,5.0,0.0,19.0,21.07,18.601,22.5202307,12878.0
2879,7898947734798,44,Brasil cacau deep conditioning mask 1L,93.46,112.002464,-1,-14774017,1,0,1.0,150,0,1,2.0,0,93.46,0.0,0.0,0.0,19.84,93.46,112.002464,12879.0
2880,7898947734606,0,Brasil cacau thermal reconstruction 1L,552.227,664.99,-1,-14774017,1,0,0.0,0,0,1,2.0,0,464.056,0.0,0.0,19.0,20.42,464.056,558.816,
2881,7898606743819,0,Brasil cacau Botox Vegan 1L,789.531561,1026.3910293,-1,-14774017,1,0,1.0,0,0,1,2.0,0,737.191,10.0,0.0,19.0,30.0,663.4719,862.51347,12881.0
2882,7898606741709,0,Brasil cacau smoothing protein dose 110ml,76.148,98.993,-1,-14774017,1,0,23.0,0,0,1,2.0,0,63.99,0.0,0.0,19.0,30.0,63.99,83.187,342882.0
2883,7898947734804,0,Brasil cacau anti residu shampoo 1L,95.1048,125.00574912,-1,-14774017,1,0,1.0,0,0,1,2.0,0,79.92,0.0,0.0,19.0,31.44,79.92,105.046848,12883.0
2884,7898947734800,0,Brasil cacau deep conditioning mask 100ml,15.0,15.0,-1,-14774017,1,0,-1.0,0,0,1,2.0,0,12.605,0.0,0.0,19.0,0.0,12.605,12.605,
2885,7898947734700,0,Brasil cacau thermal reconstruction 100ml,75.0,75.0,-1,-14774017,1,0,0.0,0,0,1,2.0,0,63.025,0.0,0.0,19.0,0.0,63.025,63.025,0.0
2886,7898947734903,0,Brasil cacau anti residu shampoo 100ml,9.51,9.51,-1,-14774017,1,0,0.0,0,0,1,2.0,0,7.992,0.0,0.0,19.0,0.0,7.992,7.992,
2887,7898606743900,0,Brasil cacau Botox Vegan 50ml,50.02,60.0,-1,-14774017,1,0,-5.0,0,0,1,2.0,0,42.034,0.0,0.0,19.0,19.95,42.034,50.42,
2888,6192319104716,0,Lilas extreme lave mains bergamote 380 ML,2.506,3.8,-1,-14774017,1,0,6.0,43,0,1,2.0,0,2.506,0.0,0.0,0.0,51.64,2.506,3.8,282888.0
2889,6192319104747,0,Lilas extreme lave mains orchidée 380 ML,2.924,3.8,-1,-14774017,1,0,11.0,43,0,1,2.0,0,2.924,0.0,0.0,0.0,29.97,2.924,3.8,222889.0
2890,6192319104761,0,Lilas extreme lave mains citron menthe 380 ML,2.924,3.8,-1,-14774017,1,0,10.0,120,0,1,2.0,0,2.924,0.0,0.0,0.0,29.97,2.924,3.8,222890.0
2891,6192319104792,0,Lilas extreme lave mains lavande 380 ML,2.924,3.8,-1,-14774017,1,0,13.0,120,0,1,2.0,0,2.924,0.0,0.0,0.0,29.97,2.924,3.8,222891.0
2892,6192319104730,0,Lilas extreme lave mains floral380 ML,2.924,3.8,-1,-14774017,1,0,12.0,43,0,1,2.0,0,2.924,0.0,0.0,0.0,29.97,2.924,3.8,222892.0
2893,6192319100602,0,Lilas extreme SHP homme 2en1 kératine 350 ML,4.601,5.502796,-1,-14774017,1,0,14.0,120,0,1,2.0,0,4.601,0.0,0.0,0.0,19.6,4.601,5.502796,282893.0
2894,6192319105263,4,Lilas créme de coiffage 200ML extreme protectrice,7.309,8.8,-1,-14774017,1,0,0.0,43,0,1,2.0,0,7.309,0.0,0.0,0.0,20.4,7.309,8.8,282894.0
2895,6192319100527,0,Lilas extreme SHP 2en1 sublimateur grenad 350 ML,4.60054,5.4976453,-1,-14774017,1,0,8.0,0,0,1,2.0,0,3.866,0.0,0.0,19.0,19.5,3.866,4.61987,282895.0
2896,6192319101012,0,Lilas extreme A/SHP protecteur 180 ML,3.309,4.2,-1,-14774017,1,0,2.0,43,0,1,2.0,0,3.309,0.0,0.0,0.0,27.0,3.309,4.20243,282896.0
2897,7702018069316,0,Gillette SIMPLY VÉNUS  // 4+2,8.092,10.2,-1,-14774017,1,0,0.0,26,0,1,2.0,0,6.8,0.0,0.0,19.0,26.03,6.8,8.57004,12897.0
2898,1234,0,sachet,0.2,0.2,-1,-14774017,1,0,0.0,0,0,1,2.0,0,0.2,0.0,0.0,0.0,0.0,0.2,0.2,0.0
2899,4005808166190,0,Nivea créme 80% new 150 ML,7.586,9.9,-1,-14774017,1,0,0.0,21,0,1,2.0,0,7.5,15.0,0.0,19.0,30.5,6.375,8.319,12899.0
2900,3600551146164,0,NARTA DEO HOMME-BACTIPUR ZINC 200ML (NEW),12.3403,15.80052012,-1,-14774017,1,0,9.0,0,0,1,2.0,0,12.2,15.0,0.0,19.0,28.04,10.37,13.277748,12900.0
2901,3610340670312,0,Garnier U.D A/SHP avocat oil 200 ML,9.4248,11.3003352,-1,-14774017,1,0,14.0,0,0,1,2.0,0,8.8,10.0,0.0,19.0,19.9,7.92,9.49608,12901.0
2902,5000394127050,0,Duracell AA 4 * 15 extra life,15.797,17.9,-1,-14774017,1,0,1.0,5,0,1,2.0,0,14.75,10.0,0.0,19.0,13.31,13.275,15.042,12902.0
2903,6223005874085,0,Vanish pistolet rose détachant 500 ML,11.563,14.5,-1,-14774017,1,0,7.0,86,0,1,2.0,0,14.824,22.0,0.0,0.0,25.4,11.563,14.5,132903.0
2904,6223005874962,0,Finish powerball 30 pièces 480 g,29.785,29.901,-1,-14774017,1,0,177.0,89,0,1,2.0,0,25.029,0.0,0.0,19.0,0.39,25.029,25.127,152904.0
2905,3153830814969,0,Nicols cello classic *6,5.311,6.5,-1,-14774017,1,0,24.0,0,0,1,2.0,0,5.311,0.0,0.0,0.0,22.39,5.311,6.5,132905.0
2906,3700992600383,0,Baranne cirage express marron 75 ML,4.309,7.1,-1,-14774017,1,0,5.0,151,0,1,2.0,0,3.621,0.0,0.0,19.0,64.77,3.621,5.966,152906.0
2907,3700992600376,0,Baranne cirage express noir 75 ML,4.309,7.1,-1,-14774017,1,0,5.0,151,0,1,2.0,0,3.621,0.0,0.0,19.0,64.77,3.621,5.966,152907.0
2908,3700992600499,0,Baranne blacheur baskets 75 ML,6.021,7.1,-1,-14774017,1,0,12.0,151,0,1,2.0,0,6.021,0.0,0.0,0.0,17.92,6.021,7.1,132908.0
2909,3700992600390,0,Baranne cirage express incolor 75 ML,4.309,7.1,-1,-14774017,1,0,6.0,151,0,1,2.0,0,3.621,0.0,0.0,19.0,64.77,3.621,5.966,152909.0
2910,3700992600482,0,Baranne mousse nettoyante chaussures et accessoires 200 ML,7.283,9.5,-1,-14774017,1,0,4.0,151,0,1,2.0,0,6.12,0.0,0.0,19.0,30.4,6.12,7.98,152910.0
2911,8003510009299,0,Malizia gel douche gojiberry and flowrs 3en1,10.317,12.597,-1,-14774017,1,0,2.0,68,0,1,2.0,0,10.2,15.0,0.0,19.0,22.1,8.67,10.586,12911.0
2912,8003510025107,0,Malizia Gel douche 1000ml organ and vanille 3en1,10.317,12.599,-1,-14774017,1,0,10.0,68,0,1,2.0,0,10.2,15.0,0.0,19.0,22.12,8.67,10.588,12912.0
2913,8003510001484,0,Intesa Trousse 4 produits,25.299,29.803,-1,-14774017,1,0,2.0,152,0,1,2.0,0,21.26,0.0,0.0,19.0,17.8,21.26,25.044,12913.0
2914,8003510002238,44,Intesa styling mousse 300 ML,8.799,10.999,-1,-14774017,1,0,5.0,152,0,1,2.0,0,7.394,0.0,0.0,19.0,25.0,7.394,9.243,12914.0
2917,6192430015403,0,Nadhif poudre machine rafraichissant 4KG,18.693,21.9,-1,-14774017,1,0,4.0,62,0,1,2.0,0,18.056,13.0,0.0,19.0,17.15,15.709,18.403,172917.0
2918,6192430015557,0,Pril liquide vaisselle citron 960 ML,5.8,6.9,-1,-14774017,1,0,29.0,154,0,1,2.0,0,5.356,9.0,0.0,19.0,18.97,4.874,5.799,372918.0
2919,6192430014642,0,Dixan gel machine lavande 3L,17.39718,19.900634202,-1,-14774017,1,0,16.0,153,0,1,2.0,0,21.478,19.0,0.0,0.0,14.39,17.39718,19.900634202,172919.0
2920,6192430019746,30,Nadhif poudre mains regular 300 gr,1.8712512,2.4008152896,-1,-14774017,1,0,19.0,62,0,1,2.0,0,1.638,4.0,0.0,19.0,28.3,1.57248,2.01749184,172920.0
2921,6192430019838,30,Nadhif poudre mains savon de marseille 300 gr,1.919232,2.39904,-1,-14774017,1,0,10.0,62,0,1,2.0,0,1.68,4.0,0.0,19.0,25.0,1.6128,2.016,172921.0
2922,6192430017162,30,Nadhif poudre mains regular 1 kg,5.7258,6.69975858,-1,-14774017,1,0,15.0,62,0,1,2.0,0,6.362,10.0,0.0,0.0,17.01,5.7258,6.69975858,172922.0
2923,6192430019845,30,Nadhif poudre mains savon de marseille 1 kg,6.002,6.9,-1,-14774017,1,0,0.0,62,0,1,2.0,0,5.543,9.0,0.0,19.0,15.0,5.044,5.801,172923.0
2924,6192409005626,0,Det poudre mains fraicheur 1KG,4.041,4.9,-1,-14774017,1,0,7.0,0,0,1,2.0,0,3.501,3.0,0.0,19.0,21.26,3.396,4.118,82924.0
2925,6130552002987,37,Awane couche femme confort 3D 7 NUIT,1.935,2.9,-1,-14774017,1,0,1.0,155,0,1,2.0,0,1.626,0.0,0.0,19.0,49.9,1.626,2.437,32925.0
2926,6192011814487,0,Lilas Couche Bébé 9-18 Confort Max Actif +2 T4,14.21,16.8,-1,-14774017,1,0,15.0,0,0,1,2.0,0,14.21,0.0,0.0,0.0,18.23,14.21,16.8,42926.0
2927,6192011814494,0,Lilas Couche Bébé 15-25 Confort max Actif +2 T5,14.21,16.8,-1,-14774017,1,0,15.0,0,0,1,2.0,0,14.21,0.0,0.0,0.0,18.23,14.21,16.8,42927.0
2928,6221048600159,30,Comfort cajoline flora soft 1L,5.9,6.8,-1,-14774017,1,0,6.0,157,0,1,2.0,0,5.9,0.0,0.0,0.0,15.25,5.9,6.8,62928.0
2929,6221048600135,30,Comfort cajoline spring dew 1L,5.9,6.8,-1,-14774017,1,0,9.0,157,0,1,2.0,0,5.9,0.0,0.0,0.0,15.2,5.9,6.797,62929.0
2930,5908283127658,30,Garpi home mikrofiber avec sous 13L,28.716,35.9,-1,-14774017,1,0,0.0,0,0,1,2.0,0,28.716,0.0,0.0,0.0,25.02,28.716,35.901,82930.0
2931,8683143501973,30,Sillgech Balai Avec Réservoir de vaporisation - rotatif 360,32.98,42.9,-1,-14774017,1,0,0.0,0,0,1,2.0,0,32.98,0.0,0.0,0.0,30.08,32.98,42.9,82931.0
2932,8683143501324,0,Sillgech manche en inox,23.2799224,27.0,-1,-14774017,1,0,2.0,0,0,1,2.0,0,20.168,3.0,0.0,19.0,15.99,19.56296,22.691077304,82932.0
2933,8683143501300,0,Sillgech manche en inox microfibre gris,23.2799224,27.0,-1,-14774017,1,0,2.0,0,0,1,2.0,0,20.168,3.0,0.0,19.0,15.99,19.56296,22.691077304,82933.0
2934,8683143500211,30,Sillgech manche en inox 100% micfiber,23.28,29.9,-1,-14774017,1,0,0.0,0,0,1,2.0,0,20.168,3.0,0.0,19.0,28.44,19.563,25.127,82934.0
2935,8683143500549,0,Emay home pour les coins x,23.28,30.0,-1,-14774017,1,0,0.0,0,0,1,2.0,0,20.168,3.0,0.0,19.0,30.0,19.563,25.432,82935.0
2936,6192011814531,0,Lilas couche jumbo 15-25 Confort Max + 4 T5,26.699,27.49997,-1,-14774017,1,0,5.0,120,0,1,2.0,0,26.699,0.0,0.0,0.0,3.0,26.699,27.49997,42936.0
2937,6192457500838,19,Dumax lave main 400ml peche,2.16,3.5,-1,-14774017,1,0,0.0,117,0,1,2.0,0,2.227,3.0,0.0,0.0,62.1,2.16,3.501,
2938,6192477621261,30,Lilas Sol Surfaces citron 1.5L,5.225,6.401,-1,-14774017,1,0,0.0,120,0,1,2.0,0,4.391,0.0,0.0,19.0,22.5,4.391,5.379,282938.0
2939,3574661561219,24,LISTERINE ADVANCED WHITE MILDER TASTE 250ML,6.426,7.698348,-1,-14774017,1,0,4.0,1,0,1,2.0,0,6.0,10.0,0.0,19.0,19.8,5.4,6.4692,12939.0
2940,5410721953434,45,Nicols air fraish essential oils 375 ML,3.63188,5.09915952,-1,-14774017,1,0,1.0,158,0,1,2.0,0,3.052,0.0,0.0,19.0,40.4,3.052,4.285008,152940.0
2941,3153830168055,45,Nicols air fraish flower 375 ML,3.63188,5.09915952,-1,-14774017,1,0,0.0,158,0,1,2.0,0,3.052,0.0,0.0,19.0,40.4,3.052,4.285008,152941.0
2942,3272310029010,0,Gant de Ménage paul masquin S,3.534,4.5,-1,-14774017,1,0,4.0,159,0,1,2.0,0,3.494,15.0,0.0,19.0,27.33,2.97,3.782,152942.0
2943,8050327687301,0,Mood Teinture Sans Amoniac 6.5,8.261,11.499,-1,-14774017,1,0,8.0,48,0,1,2.0,0,7.713,10.0,0.0,19.0,39.2,6.942,9.663,12943.0
2944,8050327687271,0,Mood Teinture Sans Amoniac 7.44,8.261,11.499,-1,-14774017,1,0,11.0,48,0,1,2.0,0,7.713,10.0,0.0,19.0,39.2,6.942,9.663,12944.0
2945,8050327687264,0,Mood Teinture Sans Amoniac 6.4,8.261,11.499,-1,-14774017,1,0,10.0,48,0,1,2.0,0,7.713,10.0,0.0,19.0,39.2,6.942,9.663,12945.0
2946,8050327687325,4,Mood Teinture Sans Amoniac 5.7,8.260623,11.4996132783,-1,-14774017,1,0,9.0,48,0,1,2.0,0,7.713,10.0,0.0,19.0,39.21,6.9417,9.66354057,12946.0
2947,8050327687141,0,Mood Teinture Sans Amoniac 1.11,8.261,11.499,-1,-14774017,1,0,12.0,48,0,1,2.0,0,7.713,10.0,0.0,19.0,39.2,6.942,9.663,12947.0
2948,8050327687356,0,Mood Teinture Sans Amoniac 5.88,8.261,11.499,-1,-14774017,1,0,12.0,48,0,1,2.0,0,7.713,10.0,0.0,19.0,39.2,6.942,9.663,12948.0
2949,8050327687318,0,Mood Teinture Sans Amoniac 5.6,8.261,11.499,-1,-14774017,1,0,11.0,48,0,1,2.0,0,7.713,10.0,0.0,19.0,39.2,6.942,9.663,12949.0
2950,8050327687158,4,Mood Teinture Sans Amoniac 5.1,8.260623,11.498787216,-1,-14774017,1,0,5.0,48,0,1,2.0,0,7.713,10.0,0.0,19.0,39.2,6.9417,9.6628464,12950.0
2951,8050327687387,4,Mood Teinture Sans Amoniac 7.87,8.260623,11.49897,-1,-14774017,1,0,10.0,48,0,1,2.0,0,7.713,10.0,0.0,19.0,39.2,6.9417,9.6628464,12951.0
2952,8050327687370,0,Mood Teinture Sans Amoniac 5.87,8.261,11.499,-1,-14774017,1,0,11.0,48,0,1,2.0,0,7.713,10.0,0.0,19.0,39.2,6.942,9.663,12952.0
2953,8050327687295,0,Mood Teinture Sans Amoniac 5.55,8.261,11.499,-1,-14774017,1,0,8.0,48,0,1,2.0,0,7.713,10.0,0.0,19.0,39.2,6.942,9.663,12953.0
2954,8050327687363,0,Mood Teinture Sans Amoniac 7.88,8.261,11.499,-1,-14774017,1,0,12.0,48,0,1,2.0,0,7.713,10.0,0.0,19.0,39.2,6.942,9.663,12954.0
2955,6192319100626,0,ilas Shp Extrem homme anti-pelliculaire citron 350mL,4.601,5.502,-1,-14774017,1,0,-1.0,0,0,1,2.0,0,3.866,0.0,0.0,19.0,19.6,3.866,4.624,282955.0
2956,6192319107601,4,Lilas Masque Suprème nutritif 300mL,10.462,12.501,-1,-14774017,1,0,3.0,120,0,1,2.0,0,8.792,0.0,0.0,19.0,19.48,8.792,10.505,282956.0
2957,6192319105669,4,Lilas Oil Extrème réparateur 300mL,9.23083,10.899764064,-1,-14774017,1,0,3.0,120,0,1,2.0,0,7.757,0.0,0.0,19.0,18.08,7.757,9.1594656,42957.0
2958,6192002403928,30,Judy clorogel wc 500 ML,3.94961,4.5025554,-1,-14774017,1,0,6.0,17,0,1,2.0,0,3.319,0.0,0.0,19.0,14.0,3.319,3.78366,52958.0
2959,5283009711473,0,Genereal Power Active lemon 3 piéces,8.011,9.3,-1,-14774017,1,0,3.0,160,0,1,2.0,0,7.239,7.0,0.0,19.0,16.09,6.732,7.815,172959.0
2960,6192430003837,0,Souplesse bille fruité 50 ml,3.327,3.9,-1,-14774017,1,0,20.0,161,0,1,2.0,0,2.796,0.0,0.0,19.0,17.2,2.796,3.277,172960.0
2961,6192430003929,0,Souplesse bille energy 50 ml,3.47163,3.899334816,-1,-14774017,1,0,25.0,161,0,1,2.0,0,3.579,3.0,0.0,0.0,12.32,3.47163,3.899334816,172961.0
2962,6192002401986,30,Judy nettoyant 3L pomme,9.5,11.899,-1,-14774017,1,0,1.0,17,0,1,2.0,0,9.5,0.0,0.0,0.0,25.25,9.5,11.899,0.0
2963,8000836522310,4,Dikson shp super keratin 1L,22.679496,26.9001502056,-1,-14774017,1,0,3.0,73,0,1,2.0,0,23.823,20.0,0.0,19.0,18.61,19.0584,22.60516824,12963.0
2964,8000836522372,4,Dikson shp super argan 1L,22.679496,26.9001502056,-1,-14774017,1,0,3.0,73,0,1,2.0,0,23.823,20.0,0.0,19.0,18.61,19.0584,22.60516824,12964.0
2965,8000836745214,4,Muster tondeuse cabrio,134.999,175.499,-1,-14774017,1,0,1.0,162,0,1,2.0,0,141.806,20.0,0.0,19.0,30.0,113.445,147.479,12965.0
2966,8000836744064,4,Muster tondeuse mignon,134.999,175.499,-1,-14774017,1,0,2.0,162,0,1,2.0,0,141.806,20.0,0.0,19.0,30.0,113.445,147.479,12966.0
2967,8032790850017,4,Lory ego hair headest for meches,11.879,15.499,-1,-14774017,1,0,2.0,163,0,1,2.0,0,12.478,20.0,0.0,19.0,30.48,9.982,13.025,12967.0
2968,8000836740110,4,Muster tondeuse full diamond chrom 2400,108.0,140.4,-1,-14774017,1,0,1.0,162,0,1,2.0,0,113.445,20.0,0.0,19.0,30.0,90.756,117.983,12968.0
2969,8001971500027,8,Depiltime chauffe double cartouche cire 100 ML,108.0,129.6,-1,-14774017,1,0,2.0,164,0,1,2.0,0,113.445,20.0,0.0,19.0,20.0,90.756,108.907,12969.0
2970,8001691200023,8,Depiltime chauffe cartouche cire noir 100 ML,24.84,29.9,-1,-14774017,1,0,2.0,165,0,1,2.0,0,26.092,20.0,0.0,19.0,20.37,20.874,25.126,12970.0
2971,8001691600021,0,Depiltime chauffe cartouche cire rose 100 ML,24.838,29.9,-1,-14774017,1,0,0.0,165,0,1,2.0,0,26.09,20.0,0.0,19.0,20.38,20.872,25.126,12971.0
2972,8001682000021,8,Depiltime chauffe pépite de cire 500 ML,46.44,55.9,-1,-14774017,1,0,1.0,165,0,1,2.0,0,48.781,20.0,0.0,19.0,20.37,39.025,46.974,342972.0
2973,8000836741278,4,Muster séchoir advanced 2300,81.0,104.903,-1,-14774017,1,0,1.0,162,0,1,2.0,0,85.084,20.0,0.0,19.0,29.51,68.067,88.154,12973.0
2974,8031387180100,44,Gentlemen's brosse barbe et cheveux homme,22.679,28.9,-1,-14774017,1,0,1.0,166,0,1,2.0,0,23.823,20.0,0.0,19.0,27.43,19.058,24.286,12974.0
2975,6192011814548,0,Lilas couche jumbo T6 Confort Max+4 GRATUIT,26.669,29.899,-1,-14774017,1,0,0.0,120,0,1,0.0,0,26.669,0.0,0.0,0.0,12.11,26.669,29.899,42975.0
2976,6192011814159,19,Lilas PH ultra doux classic,2.5,2.5,-1,-14774017,1,0,0.0,120,0,1,2.0,0,2.5,0.0,0.0,0.0,0.0,2.5,2.5,42976.0
2977,6291069733068,9,Dabur herbolene argan 115 ml,3.39,4.8,-1,-14774017,1,0,18.0,145,0,1,2.0,0,2.849,0.0,0.0,19.0,41.57,2.849,4.033,12977.0
2978,023320600101,29,Jaspé EDP femme Baccarat rouge TOP 100 ML,50.0,50.5,-1,-14774017,1,0,0.0,0,0,1,2.0,0,50.0,0.0,1.0,0.0,0.0,47.5,48.5,
2979,6291069733037,0,Dabur herbolene cocoa 115 ml,3.39,4.8,-1,-14774017,1,0,18.0,0,0,1,2.0,0,2.849,0.0,0.0,19.0,41.57,2.849,4.033,12979.0
2980,6291069750423,0,Dabur herbolene coconut 115 ml,3.39,4.8,-1,-14774017,1,0,23.0,0,0,1,2.0,0,2.849,0.0,0.0,19.0,41.59,2.849,4.034,12980.0
2982,034227200103,0,Jaspé EDP homme Sauvage TOP 100 ML,50.0,50.0,-1,-14774017,1,0,0.0,0,0,1,2.0,0,50.0,0.0,0.0,0.0,0.0,50.0,50.0,
2983,035834900103,0,Jaspé EDP homme One Million TOP 100 ML,50.0,50.0,-1,-14774017,1,0,0.0,0,0,1,2.0,0,50.0,0.0,0.0,0.0,0.0,50.0,50.0,
2984,046118300106,0,Jaspé EDP femme Good Girl TOP 100 ML,50.0,50.0,-1,-14774017,1,0,0.0,0,0,1,2.0,0,50.0,0.0,0.0,0.0,0.0,50.0,50.0,
2985,023241600105,0,Jaspé EDP femme Olympia TOP 100 ML,50.0,50.0,-1,-14774017,1,0,0.0,0,0,1,2.0,0,50.0,0.0,0.0,0.0,0.0,50.0,50.0,
2986,023326300104,0,Jaspé EDP homme Stronger With You TOP 100 ML,50.0,50.0,-1,-14774017,1,0,0.0,0,0,1,2.0,0,50.0,0.0,0.0,0.0,0.0,50.0,50.0,
2987,5283022004194,9,Elegance body splash vanille et coconut 120 ml,5.224,6.9,-1,-14774017,1,0,8.0,38,0,1,2.0,0,4.39,0.0,0.0,19.0,32.08,4.39,5.798,52987.0
2988,8411660292353,0,Yak eponge lustrante noir,4.839,6.4,-1,-14774017,1,0,2.0,167,0,1,2.0,0,4.066,0.0,0.0,19.0,32.27,4.066,5.378,12988.0
2989,8410033742303,0,Yak eponge lustrante incolore,4.839,6.4,-1,-14774017,1,0,10.0,167,0,1,2.0,0,4.066,0.0,0.0,19.0,32.27,4.066,5.378,12989.0
2990,8411660522900,0,Yak creme noir 45 ml,6.108,8.0,-1,-14774017,1,0,9.0,167,0,1,2.0,0,5.133,0.0,0.0,19.0,30.97,5.133,6.723,12990.0
2991,8411660522917,0,Yak creme incolor 45 ml,6.108,8.0,-1,-14774017,1,0,12.0,167,0,1,2.0,0,5.133,0.0,0.0,19.0,30.97,5.133,6.723,12991.0
2992,8411660005410,0,Yak liquide auto lustrant noir 50 ml,4.146,5.5,-1,-14774017,1,0,11.0,167,0,1,2.0,0,3.484,0.0,0.0,19.0,32.65,3.484,4.622,12992.0
2993,8411660005427,0,Yak liquide auto lustrant incolor 50 ml,4.146,5.5,-1,-14774017,1,0,9.0,167,0,1,2.0,0,3.484,0.0,0.0,19.0,32.65,3.484,4.622,12993.0
2994,8001280068034,3,Felce azzurra gel douche amber et argan 650 ml,8.649,11.5,-1,-14774017,1,0,4.0,168,0,1,2.0,0,7.268,0.0,0.0,19.0,32.96,7.268,9.664,12994.0
2995,8001280068003,3,Felce azzurra gel douche original 650 ml,8.649,11.5,-1,-14774017,1,0,9.0,168,0,1,2.0,0,7.268,0.0,0.0,19.0,32.96,7.268,9.664,12995.0
2996,8001280409585,0,Felce azzurra lessive savon d'alep 1.595 L,14.875,17.901,-1,-14774017,1,0,0.0,168,0,1,2.0,0,12.5,0.0,0.0,19.0,20.34,12.5,15.043,12996.0
2997,8001280030802,0,Felce azzurra lessive original 1.595 L,14.875,17.899,-1,-14774017,1,0,2.0,168,0,1,2.0,0,12.5,0.0,0.0,19.0,20.33,12.5,15.041,12997.0
2998,8001280001727,30,Felce azzurra dégraissant multi-usage 750 ml,6.248,8.2,-1,-14774017,1,0,3.0,168,0,1,2.0,0,5.25,0.0,0.0,19.0,31.25,5.25,6.891,12998.0
2999,8001280001741,30,Felce azzurra vitre nettoyant 750 ml,6.248,8.2,-1,-14774017,1,0,6.0,168,0,1,2.0,0,5.25,0.0,0.0,19.0,31.25,5.25,6.891,12999.0
3000,8001280413278,0,Felce azzurra assouplissant original 2 L,8.031,9.5,-1,-14774017,1,0,0.0,168,0,1,2.0,0,6.749,0.0,0.0,19.0,18.29,6.749,7.983,13000.0
3001,8004050036738,0,Wc net intense gel ocean fresh 750 ml,5.593,6.5,-1,-14774017,1,0,11.0,169,0,1,2.0,0,4.7,0.0,0.0,19.0,16.22,4.7,5.462,13001.0
3002,8003650011954,0,Wc net gel crystal pink flowers 750 ml,5.593,6.5,-1,-14774017,1,0,10.0,169,0,1,2.0,0,4.7,0.0,0.0,19.0,16.22,4.7,5.462,13002.0
3003,8003650011930,0,Wc net gel crystal blue fresh 750 ml,5.593,6.5,-1,-14774017,1,0,11.0,169,0,1,2.0,0,4.7,0.0,0.0,19.0,16.22,4.7,5.462,13003.0
3004,8003650004642,0,Wc net intense gel lemon750 ml,5.593,6.5,-1,-14774017,1,0,9.0,169,0,1,2.0,0,4.7,0.0,0.0,19.0,16.22,4.7,5.462,13004.0
3005,5415087005391,0,Wc net javel gel ocean fresh 750 ml,5.593,6.5,-1,-14774017,1,0,8.0,169,0,1,2.0,0,4.7,0.0,0.0,19.0,16.22,4.7,5.462,13005.0
3006,5410513779709,0,Wc net javel gel lemon fresh 750 ml,5.593,6.5,-1,-14774017,1,0,9.0,169,0,1,2.0,0,4.7,0.0,0.0,19.0,16.22,4.7,5.462,13006.0
3007,3346020025676,0,Wc net javel gel blanchit 750 ml,5.593,6.5,-1,-14774017,1,0,10.0,169,0,1,2.0,0,4.7,0.0,0.0,19.0,16.22,4.7,5.462,13007.0
3008,8004050881635,0,WC net bloc lavendre fresh x 4,7.526,9.9,-1,-14774017,1,0,4.0,169,0,1,2.0,0,6.324,0.0,0.0,19.0,31.55,6.324,8.319,13008.0
3009,3346027002502,0,Ouragan gel déboucheur soude +javel 1 L,8.092,10.60052,-1,-14774017,1,0,11.0,170,0,1,2.0,0,6.8,0.0,0.0,19.0,31.0,6.8,8.908,13009.0
3010,3346027013157,0,Ouragan gel canalisation marine 1 L,8.806,10.5,-1,-14774017,1,0,3.0,170,0,1,2.0,0,7.4,0.0,0.0,19.0,19.24,7.4,8.824,13010.0
3011,6291069700916,0,Dabur original miswak 90+45 gr,3.63,4.8,-1,-14774017,1,0,13.0,145,0,1,2.0,0,3.05,0.0,0.0,19.0,32.25,3.05,4.034,13011.0
3012,6291069700909,0,Dabur original miswak 40+20 gr,1.726,2.3,-1,-14774017,1,0,13.0,145,0,1,2.0,0,1.45,0.0,0.0,19.0,33.3,1.45,1.933,13012.0
3013,6291069708134,0,Vatika oil replacement cactus200 ML,7.069,8.9,-1,-14774017,1,0,10.0,47,0,1,2.0,0,5.94,0.0,0.0,19.0,25.91,5.94,7.479,13013.0
3014,6192319104808,0,Lilas extreme lave mains vanille 380 ML,2.924,3.8,-1,-14774017,1,0,0.0,120,0,1,2.0,0,2.924,0.0,0.0,0.0,29.97,2.924,3.8,283014.0
3015,6192011814500,0,Lilas Couche Bébé 16+ Confort Max Actif +2 T6,14.21,16.8,-1,-14774017,1,0,0.0,0,0,1,2.0,0,14.21,0.0,0.0,0.0,18.23,14.21,16.8,43015.0
3016,6192011814524,0,Lilas couche Jumbo 9-18 Confort Max + 4 T4,26.699,27.49997,-1,-14774017,1,0,7.0,0,0,1,2.0,0,26.699,0.0,0.0,0.0,3.0,26.699,27.49997,43016.0
3017,6130552010166,0,Cotex PH 24 rouleaux +8 gratuis,12.0,13.9,-1,-14774017,1,0,0.0,56,0,1,2.0,0,12.0,0.0,0.0,0.0,15.83,12.0,13.9,13017.0
3019,6192002406684,0,Judy desorisant fell 2 L,3.251,4.3,-1,-14774017,1,0,8.0,17,0,1,2.0,0,2.732,0.0,0.0,19.0,32.25,2.732,3.613,33019.0
3020,6192002408718,0,Judy sols et surfaces jardins d'été 1.2 L,6.22727,7.600383035,-1,-14774017,1,0,11.0,17,0,1,2.0,0,5.233,0.0,0.0,19.0,22.05,5.233,6.3868765,33020.0
3021,6192002408701,30,Judy sols et surfaces jardins d'été 800 ml,4.279,5.1,-1,-14774017,1,0,7.0,17,0,1,2.0,0,3.596,0.0,0.0,19.0,19.19,3.596,4.286,33021.0
3022,6192433200509,30,Sponge jex la fourmi lavette eponge GM * 3P COD 50,3.699,4.7,-1,-14774017,1,0,15.0,171,0,1,2.0,0,3.078,0.0,1.0,19.0,27.05,3.109,3.95,313022.0
3023,6192433202510,30,Sponge jex la fourmi lavette microfibre rose,3.3,4.3,-1,-14774017,1,0,8.0,172,0,1,2.0,0,2.746,0.0,1.0,19.0,30.31,2.773,3.613,313023.0
3024,6192433200967,30,Sponge jex Car sponge grip COD 96,1.5,2.3,-1,-14774017,1,0,14.0,0,0,1,2.0,0,1.248,0.0,1.0,19.0,53.4,1.26,1.933,313024.0
3025,6192433200936,30,Sponge jex eponge vegetale super large,3.8,4.899,-1,-14774017,1,0,18.0,172,0,1,2.0,0,3.162,0.0,1.0,19.0,28.92,3.194,4.117,313025.0
3026,6192433201551,0,Sponge jex eponge bi-face 3 piéces COD 155,1.8,2.8,-1,-14774017,1,0,6.0,172,0,1,2.0,0,1.498,0.0,1.0,19.0,55.5,1.513,2.353,313026.0
3027,6192433201032,30,Sponge jex tampon expert 3+1 COD 103,1.449,1.9,-1,-14774017,1,0,3.0,172,0,1,2.0,0,1.206,0.0,1.0,19.0,31.08,1.218,1.597,313027.0
3028,6192433203876,0,Sponge jex sac poubelles 75*90 cm 10 piéces,2.8,3.8,-1,-14774017,1,0,0.0,0,0,1,2.0,0,2.353,0.0,0.0,19.0,35.7,2.353,3.193,313028.0
3029,8680801503973,0,Noxes savon bébé jaune 90 gr,1.701,2.7,-1,-14774017,1,0,32.0,42,0,1,2.0,0,1.429,0.0,0.0,19.0,58.8,1.429,2.269,303029.0
3030,8680801501603,0,Doxa savon bébé soap 90 gr,1.701,2.7,-1,-14774017,1,0,27.0,173,0,1,2.0,0,1.429,0.0,0.0,19.0,58.8,1.429,2.269,303030.0
3031,6192400660312,19,Lotus PH 4 rouleaux,2.0,2.5,-1,-14774017,1,0,0.0,54,0,1,2.0,0,2.0,0.0,0.0,0.0,25.0,2.0,2.5,263031.0
3032,6192400660831,19,Lotus PH 24 rouleaux,12.0,13.9,-1,-14774017,1,0,2.0,54,0,1,2.0,0,12.0,0.0,0.0,0.0,15.83,12.0,13.9,263032.0
3033,6192409005008,30,Det javel 4.5 L,4.85,5.85,-1,-14774017,1,0,0.0,18,0,1,2.0,0,4.202,3.0,0.0,19.0,20.6,4.076,4.916,83033.0
3034,000003200032,0,Jaspé EDP homme Alter de Marly 30 ML,10.77,14.0,-1,-14774017,1,0,0.0,0,0,1,4.0,0,9.05,0.0,0.0,19.0,30.0,9.05,11.765,13034.0
3035,000003300039,0,Jaspé EDP femme Idole now 30 ML,10.77,14.0,-1,-14774017,1,0,0.0,0,0,1,2.0,0,9.05,0.0,0.0,19.0,30.0,9.05,11.765,13035.0
3036,000003400036,0,Jaspé EDP femme Adula 30 ML,10.77,14.0,-1,-14774017,1,0,5.0,0,0,1,2.0,0,9.05,0.0,0.0,19.0,30.0,9.05,11.765,13036.0
3037,000003400050,0,Jaspé EDP femme Adula 50 ML,15.38313,19.999607313,-1,-14774017,1,0,8.0,0,0,1,2.0,0,12.927,0.0,0.0,19.0,30.01,12.927,16.8063927,13037.0
3038,30161467,0,Maybelline mascara the falsies surreal,47.255,56.701,-1,-14774017,1,0,4.0,83,0,1,2.0,0,39.71,0.0,0.0,19.0,19.99,39.71,47.648,13038.0
3039,3600531695040,41,Maybelline coffret 3 ( superstay ink+sky hight mascara),89.012,99.898,-1,-14774017,1,0,0.0,83,0,1,2.0,0,74.8,0.0,0.0,19.0,12.23,74.8,83.948,13039.0
3040,3061376210285,42,Maybelline coffret 3 ( gloss vinly+crayon kajal),73.173,79.898,-1,-14774017,1,0,1.0,83,0,1,2.0,0,61.49,0.0,0.0,19.0,9.19,61.49,67.141,13040.0
3041,6291069701777,4,Vatika trousse * 5 PIECE,26.154,29.899,-1,-14774017,1,0,-1.0,47,0,1,2.0,0,24.42,10.0,0.0,19.0,14.32,21.978,25.125,53041.0
3042,6130552005292,37,Awane ado couche femme normales 9,2.65,3.2,-1,-14774017,1,0,2.0,174,0,1,2.0,0,2.227,0.0,0.0,19.0,20.73,2.227,2.689,33042.0
3043,6241002000511,57,Alyakouta sac poubelle 30 L,1.456,2.0,-1,-14774017,1,1,22.0,0,0,1,2.0,0,1.261,3.0,0.0,19.0,37.4,1.223,1.68,83043.0
3044,6193103203301,47,Eco led lampes 12 w,3.128,4.1,-1,-14774017,1,0,1.0,0,0,1,2.0,0,2.71,3.0,0.0,19.0,31.04,2.629,3.445,83044.0
3045,6193001315724,47,Econis lampes led 14 w,4.744,6.2,-1,-14774017,1,0,11.0,0,0,1,2.0,0,4.11,3.0,0.0,19.0,30.68,3.987,5.21,83045.0
3046,6192000415176,30,Unik deboucheur 300 g,2.668,3.5,-1,-14774017,1,0,10.0,0,0,1,2.0,0,2.311,3.0,0.0,19.0,31.2,2.242,2.942,83046.0
3047,6192000410027,30,Polybord renovateur plastic parfumé 300 ml,5.911,7.8,-1,-14774017,1,0,7.0,0,0,1,2.0,0,5.121,3.0,0.0,19.0,31.96,4.967,6.554,83047.0
3048,6192409006654,0,Cotona coton tige 200 pcs,2.048,2.6,-1,-14774017,1,0,18.0,175,0,1,2.0,0,1.774,3.0,0.0,19.0,26.93,1.721,2.184,83048.0
3049,6192409006647,0,Cotona coton tige 100 pcs,1.1323683,1.4992556292,-1,-14774017,1,0,3.0,175,0,1,2.0,0,0.981,3.0,0.0,19.0,32.4,0.95157,1.25987868,83049.0
3050,6192026300685,0,Jmal alys savon pomme 5 L,15.423,18.2,-1,-14774017,1,0,4.0,128,0,1,2.0,0,13.361,3.0,0.0,19.0,18.0,12.96,15.293,83050.0
3051,6194013372019,30,Dar clean micro fibre multi usage 30*40,4.283,5.3,-1,-14774017,1,0,8.0,142,0,1,2.0,0,4.283,0.0,0.0,0.0,23.75,4.283,5.3,233051.0
3052,6194013372835,30,Dar clean lot couvre sioge+gant micro fibre,26.692,29.999,-1,-14774017,1,0,6.0,142,0,1,2.0,0,22.43,0.0,0.0,19.0,12.39,22.43,25.209,233052.0
3053,6194013372743,0,Dar clean lot egouttoir + micro fibre,16.628,19.998,-1,-14774017,1,0,3.0,142,0,1,2.0,0,13.973,0.0,0.0,19.0,20.27,13.973,16.805,233053.0
3054,6194013372989,0,Dar clean lot,16.487,19.8,-1,-14774017,1,0,4.0,142,0,1,2.0,0,13.855,0.0,0.0,19.0,20.09,13.855,16.638,233054.0
3055,6194013372828,0,Dar clean lot micro fibre + gant,11.305,13.899,-1,-14774017,1,0,3.0,0,0,1,2.0,0,9.5,0.0,0.0,19.0,22.95,9.5,11.68,233055.0
3056,6194013372750,0,Dar clean lot serpillére +micro fibre vitre,10.169,12.3,-1,-14774017,1,0,0.0,142,0,1,2.0,0,8.545,0.0,0.0,19.0,20.96,8.545,10.336,233056.0
3057,6194013372910,0,Dar clean lot serpilliére 70*500 +micro fibre spécial,9.991,11.999,-1,-14774017,1,0,0.0,142,0,1,2.0,0,8.396,0.0,0.0,19.0,20.1,8.396,10.084,233057.0
3058,6194013372767,0,Dar clean lot sérpillere +micro fibre,9.25,10.9,-1,-14774017,1,0,0.0,142,0,1,2.0,0,7.773,0.0,0.0,19.0,17.84,7.773,9.16,233058.0
3059,6194013372804,0,Dar clean lot micro fibre cuisine+micro fibre,6.342,7.8,-1,-14774017,1,0,5.0,142,0,1,2.0,0,5.329,0.0,0.0,19.0,23.0,5.329,6.555,233059.0
3060,6194013372798,0,Dar clean lot sochage vaisselle 60*30+eponge,7.767,9.4,-1,-14774017,1,0,6.0,142,0,1,2.0,0,6.527,0.0,0.0,19.0,21.02,6.527,7.899,233060.0
3061,6194013372842,0,Dar clean lot couvre sioge +eponge,26.732,29.9,-1,-14774017,1,0,5.0,142,0,1,2.0,0,22.464,0.0,0.0,19.0,11.85,22.464,25.126,233061.0
3062,6192000410010,0,Unik polybord renovateur meuble parfumé 300 ml,5.911,7.8,-1,-14774017,1,0,11.0,176,0,1,2.0,0,5.121,3.0,0.0,19.0,31.96,4.967,6.554,83062.0
3063,6192400661111,0,Lotus distributeur mouchoirs nature150,1.562,2.8,-1,-14774017,1,0,23.0,54,0,1,2.0,0,1.313,0.0,0.0,19.0,30.25,1.313,1.71,393063.0
3065,6192465802696,0,Zynia shp effet boucles 500 ml,15.685,17.9,-1,-14774017,1,0,8.0,70,0,1,2.0,0,14.5,10.0,1.0,19.0,14.12,13.181,15.042,143065.0
3066,6192465802672,0,Zynia shp effet lissant 500 ml,15.685,17.9,-1,-14774017,1,0,7.0,70,0,1,2.0,0,14.5,10.0,1.0,19.0,14.12,13.181,15.042,143066.0
3067,6192465802689,0,Zynia shp effet volume 500 ml,15.685,17.9,-1,-14774017,1,0,5.0,70,0,1,2.0,0,14.5,10.0,1.0,19.0,14.12,13.181,15.042,143067.0
3068,6192465801743,44,Zynia masque cheveux effet lissant 500 gr,13.792,16.901,-1,-14774017,1,0,3.0,70,0,1,2.0,0,13.5,15.0,1.0,19.0,22.54,11.59,14.202,143068.0
3069,6192465802481,44,Zynia masque cheveux effet boucles 500 gr,13.792,16.901,-1,-14774017,1,0,3.0,70,0,1,2.0,0,13.5,15.0,1.0,19.0,22.54,11.59,14.202,143069.0
3070,6192465802474,44,Zynia masque cheveux effet volume 500 gr,13.792,17.901,-1,-14774017,1,0,5.0,70,0,1,2.0,0,13.5,15.0,1.0,19.0,29.79,11.59,15.043,143070.0
3071,6192465802559,0,Zynia bille femme secret de muguet 50 ml,4.976,5.897,-1,-14774017,1,0,11.0,70,0,1,2.0,0,4.6,10.0,1.0,19.0,18.52,4.181,4.955,143071.0
3072,6192465802542,0,Zynia bille femme douceur magnolia 50 ml,4.976,5.897,-1,-14774017,1,0,13.0,70,0,1,2.0,0,4.6,10.0,1.0,19.0,18.52,4.181,4.955,143072.0
3073,6192465802535,0,Zynia bille femme fleur de coton 50 ml,4.976,5.897,-1,-14774017,1,0,8.0,70,0,1,2.0,0,4.6,10.0,1.0,19.0,18.52,4.181,4.955,143073.0
3074,6192465800142,0,Zynia gel nettoyant miel 250 ml,12.44,14.2,-1,-14774017,1,0,7.0,70,0,1,2.0,0,11.5,10.0,1.0,19.0,14.15,10.454,11.933,143074.0
3075,6192465800012,0,Zynia eau micemmaire 250 ml,7.139,8.9,-1,-14774017,1,0,3.0,70,0,1,2.0,0,6.6,10.0,1.0,19.0,24.67,5.999,7.479,143075.0
3076,6192465800531,44,Zynia shp effet volume 250 ml,10.727,13.9,-1,-14774017,1,0,5.0,70,0,1,2.0,0,10.5,15.0,1.0,19.0,29.58,9.014,11.681,143076.0
3077,6192465801842,44,Zynia shp effet boucles 250 ml,10.216,12.9,-1,-14774017,1,0,5.0,70,0,1,2.0,0,10.0,15.0,1.0,19.0,26.27,8.585,10.84,143077.0
3078,6192465800524,0,Zynia shp effet lissant 250 ml,10.216,12.9,-1,-14774017,1,0,4.0,0,0,1,2.0,0,10.0,15.0,1.0,19.0,26.27,8.585,10.84,143078.0
3079,6192465800029,9,Zynia gel pur aloé vera 250 ml,8.684,10.9,-1,-14774017,1,0,0.0,70,0,1,2.0,0,8.5,15.0,1.0,19.0,25.53,7.297,9.16,143079.0
3080,6192465802528,0,Zynia crème de soin cheveux boucles 200 ml,10.276,12.8,-1,-14774017,1,0,16.0,70,0,1,2.0,0,9.5,10.0,1.0,19.0,24.55,8.636,10.756,143080.0
3081,6192319104785,9,Lilas extreme lave mains grenadine 380 ML,2.924,3.8,-1,-14774017,1,0,1.0,120,0,1,2.0,0,2.924,0.0,0.0,0.0,29.97,2.924,3.8,283081.0
3082,6192319100411,44,Lilas extreme shp réparateur (2) 180 ml,3.309,4.2,-1,-14774017,1,0,1.0,120,0,1,2.0,0,3.309,0.0,0.0,0.0,26.92,3.309,4.2,283082.0
3083,6192319106192,0,Lilas dentifrice charbon menthe 75 ml,2.523,3.4996533,-1,-14774017,1,0,9.0,0,0,1,2.0,0,2.523,0.0,0.0,0.0,38.71,2.523,3.4996533,43083.0
3084,3600542525640,44,Garnier Ultra Doux SHP Enfant Disney cerise 300 ml,11.662,12.5,-1,-14774017,1,0,5.0,25,0,1,2.0,0,9.8,0.0,0.0,19.0,7.19,9.8,10.505,13084.0
3085,7638900421439,0,Energizer chargeur de pile AA et AAA + 2 piles AA 2000,48.195,64.099,-1,-14774017,1,0,1.0,7,0,1,2.0,0,40.5,0.0,0.0,19.0,33.0,40.5,53.865,13085.0
3086,6291069706468,0,Vatika a/shp spanish garlic 200 ml,4.879,9.999,-1,-14774017,1,0,3.0,47,0,1,2.0,0,4.1,0.0,0.0,19.0,104.94,4.1,8.403,13086.0
3087,6291069701784,0,pack vatika lot3,7.0,9.999,-1,-14774017,1,0,-9.0,145,0,1,2.0,0,7.0,0.0,0.0,0.0,42.84,7.0,9.999,
3088,6291069701760,0,Dabur herbel dentifrice basil 75g+25g,1.0,1.0,-1,-14774017,1,0,0.0,145,0,1,2.0,0,1.0,0.0,0.0,0.0,0.0,1.0,1.0,343088.0
3089,6291069701708,0,vatika a/shp  honey et egg,4.344,4.999,-1,-14774017,1,0,8.0,47,0,1,2.0,0,3.65,0.0,0.0,19.0,15.1,3.65,4.201,13089.0
3090,3574661325859,5,Johnson Cologne lemon fresh 100 ml,6.474,7.499,-1,-14774017,1,0,6.0,27,0,1,2.0,0,6.4,15.0,0.0,19.0,15.84,5.44,6.302,13090.0
3091,6192430021237,0,Souplesse deo 200ML homme energy,5.16672,6.49973376,-1,-14774017,1,0,16.0,161,0,1,2.0,0,5.382,4.0,0.0,0.0,25.8,5.16672,6.49973376,173091.0
3092,6192430003806,0,Souplesse deo homme 200ML minéral,5.16672,6.49973376,-1,-14774017,1,0,16.0,161,0,1,2.0,0,5.382,4.0,0.0,0.0,25.8,5.16672,6.49973376,173092.0
3093,6192430021244,0,Souplesse deo femme 200ML lpanema nights,5.16672,6.49973376,-1,-14774017,1,0,17.0,161,0,1,2.0,0,5.382,4.0,0.0,0.0,25.8,5.16672,6.49973376,173093.0
3094,6192430019357,0,Souplesse deo homme 200ML dark passion,5.16672,6.49973376,-1,-14774017,1,0,15.0,161,0,1,2.0,0,5.382,4.0,0.0,0.0,25.8,5.16672,6.49973376,173094.0
3095,6192430021251,0,Souplesse deo femme 200ML sensuel,5.16672,6.49973376,-1,-14774017,1,0,16.0,161,0,1,2.0,0,5.382,4.0,0.0,0.0,25.8,5.16672,6.49973376,173095.0
3096,6192430021268,0,Souplesse deo femme 200ML divine moments,5.16672,6.49973376,-1,-14774017,1,0,17.0,161,0,1,2.0,0,5.382,4.0,0.0,0.0,25.8,5.16672,6.49973376,173096.0
3097,6192430021220,0,Souplesse deo femme 200ML fruité,5.16672,6.49973376,-1,-14774017,1,0,14.0,161,0,1,2.0,0,5.382,4.0,0.0,0.0,25.8,5.16672,6.49973376,173097.0
3098,6192430017155,0,Nadhif poudre main savon de marseille 1 kg,5.9373,6.90033006,-1,-14774017,1,0,19.0,62,0,1,2.0,0,6.597,10.0,0.0,0.0,16.22,5.9373,6.90033006,173098.0
3099,5023276005635,0,Shisha-coal charbon 10 pc,0.84,1.5,-1,-14774017,1,0,43.0,177,0,1,2.0,0,0.728,3.0,0.0,19.0,78.57,0.706,1.261,83099.0
3100,6192026302559,0,Jmal alys vaisselle citron 1 L,3.958,5.0,-1,-14774017,1,0,0.0,128,0,1,2.0,0,3.958,0.0,0.0,0.0,26.32,3.958,5.0,323100.0
3101,6192026301811,0,Jmal alys vaisselle pomme 1 L,4.0,5.0,-1,-14774017,1,0,22.0,128,0,1,2.0,0,3.361,0.0,0.0,19.0,25.02,3.361,4.202,193101.0
3102,6192026301835,0,Jmal alys vaisselle citron 5 L,15.423,18.2,-1,-14774017,1,0,5.0,128,0,1,2.0,0,13.361,3.0,0.0,19.0,18.0,12.96,15.293,83102.0
3103,CACH01,19,Cachemire blanc,0.218,0.75,-1,-14774017,1,1,31.0,0,0,1,2.0,0,0.189,3.0,0.0,19.0,244.0,0.183,0.63,83103.0
3104,6920754445985,30,Vanish oxi action détachant 450 g,12.3,15.50046,-1,-14774017,1,0,5.0,86,0,1,2.0,0,12.3,0.0,0.0,0.0,26.02,12.3,15.50046,153104.0
3105,5011417552940,0,Finish rinse aid lemon 400 ml,6.478,10.1,-1,-14774017,1,0,12.0,89,0,1,2.0,0,6.478,0.0,0.0,0.0,55.91,6.478,10.1,133105.0
3106,6192011812759,19,Lilas papillon distributeur mouchoirs 150 pc,2.0,2.802,-1,-14774017,1,0,44.0,120,0,1,2.0,0,2.0,0.0,0.0,0.0,40.1,2.0,2.802,43106.0
3107,3610340024238,44,Garnier U.D shp trésor de miel 200 ml,8.55491,9.59860902,-1,-14774017,1,0,11.0,25,0,1,2.0,0,7.9,9.0,0.0,19.0,12.2,7.189,8.066058,13107.0
3108,3610340023675,4,Garnier U.D shp avocat-karité 200 ml,8.55491,9.599464511,-1,-14774017,1,0,9.0,25,0,1,2.0,0,7.9,9.0,0.0,19.0,12.21,7.189,8.0667769,13108.0
3109,6192488200394,6,H.Zone teinture lalo 52,7.797,8.9,-1,-14774017,1,0,0.0,178,0,1,0.0,0,7.28,10.0,0.0,19.0,14.15,6.552,7.479,13109.0
3110,6192488200400,6,H.Zone teinture lalo 62,7.797,8.9,-1,-14774017,1,0,2.0,178,0,1,9.0,0,7.28,10.0,0.0,19.0,14.15,6.552,7.479,13110.0
3111,6192488200738,6,H.Zone teinture lalo 754,7.797,8.9,-1,-14774017,1,0,5.0,178,0,1,9.0,0,7.28,10.0,0.0,19.0,14.15,6.552,7.479,13111.0
3112,6192488200189,6,H.Zone teinture lalo 7.0,7.797,8.9,-1,-14774017,1,0,20.0,178,0,1,9.0,0,7.28,10.0,0.0,19.0,14.15,6.552,7.479,13112.0
3113,6192488200202,6,H.Zone teinture lalo 9.0,7.797,8.9,-1,-14774017,1,0,15.0,178,0,1,9.0,0,7.28,10.0,0.0,19.0,14.15,6.552,7.479,13113.0
3114,6192488200141,6,H.Zone teinture lalo 3.0,7.797,8.9,-1,-14774017,1,0,4.0,178,0,1,9.0,0,7.28,10.0,0.0,19.0,14.15,6.552,7.479,13114.0
3115,6192488200684,6,H.Zone teinture lalo 72,7.797,8.9,-1,-14774017,1,0,1.0,178,0,1,9.0,0,7.28,10.0,0.0,19.0,14.15,6.552,7.479,13115.0
3116,6192488200035,6,H.Zone teinture lalo 94,7.797,8.9,-1,-14774017,1,0,6.0,178,0,1,9.0,0,7.28,10.0,0.0,19.0,14.15,6.552,7.479,13116.0
3117,6192488200363,6,H.Zone teinture lalo 84,7.797,8.9,-1,-14774017,1,0,5.0,178,0,1,9.0,0,7.28,10.0,0.0,19.0,14.15,6.552,7.479,13117.0
3118,6192488200356,6,H.Zone teinture lalo 74,7.797,8.9,-1,-14774017,1,0,4.0,178,0,1,9.0,0,7.28,10.0,0.0,19.0,14.15,6.552,7.479,13118.0
3119,6192488200509,6,H.Zone teinture lalo 1200,7.797,8.9,-1,-14774017,1,0,4.0,178,0,1,2.0,0,7.28,10.0,0.0,19.0,14.15,6.552,7.479,13119.0
3120,6192488200905,6,H.Zone teinture lalo 10.0,7.797,8.9,-1,-14774017,1,0,6.0,178,0,1,2.0,0,7.28,10.0,0.0,19.0,14.15,6.552,7.479,13120.0
3121,6192488208963,6,H.Zone teinture lalo 10.11,7.797,8.9,-1,-14774017,1,0,4.0,178,0,1,2.0,0,7.28,10.0,0.0,19.0,14.15,6.552,7.479,13121.0
3122,6192488200615,6,H.Zone teinture lalo 653,7.797,8.9,-1,-14774017,1,0,5.0,178,0,1,2.0,0,7.28,10.0,0.0,19.0,14.15,6.552,7.479,13122.0
3123,6192488200691,6,H.Zone teinture lalo 731S,7.797,8.9,-1,-14774017,1,0,3.0,178,0,1,2.0,0,7.28,10.0,0.0,19.0,14.15,6.552,7.479,13123.0
3124,6192488200592,6,H.Zone teinture lalo 615,7.797,8.9,-1,-14774017,1,0,0.0,178,0,1,2.0,0,7.28,10.0,0.0,19.0,14.15,6.552,7.479,13124.0
3125,6192488200110,6,H.Zone teinture lalo 655,7.797,8.9,-1,-14774017,1,0,6.0,178,0,1,2.0,0,7.28,10.0,0.0,19.0,14.15,6.552,7.479,13125.0
3126,6192488200707,6,H.Zone teinture lalo 732B,7.797,8.9,-1,-14774017,1,0,4.0,178,0,1,2.0,0,7.28,10.0,0.0,19.0,14.15,6.552,7.479,13126.0
3127,6192488200776,6,H.Zone teinture lalo 812,7.797,8.9,-1,-14774017,1,0,2.0,178,0,1,2.0,0,7.28,10.0,0.0,19.0,14.15,6.552,7.479,13127.0
3128,6192488200677,0,H.Zone teinture lalo 715,7.79688,8.90013852,-1,-14774017,1,0,0.0,0,0,1,2.0,0,7.28,10.0,0.0,19.0,14.15,6.552,7.479108,13128.0
3129,6192488200868,6,H.Zone teinture lalo 932B,7.79688,8.90013852,-1,-14774017,1,0,3.0,178,0,1,2.0,0,7.28,10.0,0.0,19.0,14.15,6.552,7.479108,13129.0
3130,6192488200813,6,H.Zone teinture lalo 832B,7.79688,8.90013852,-1,-14774017,1,0,1.0,178,0,1,2.0,0,7.28,10.0,0.0,19.0,14.15,6.552,7.479108,13130.0
3131,6192488200226,6,H.Zone teinture lalo 6.1,7.79688,8.90013852,-1,-14774017,1,0,31.0,178,0,1,2.0,0,7.28,10.0,0.0,19.0,14.15,6.552,7.479108,13131.0
3132,6192488200219,6,H.Zone teinture lalo 1.1,7.79688,8.90013852,-1,-14774017,1,0,9.0,178,0,1,2.0,0,7.28,10.0,0.0,19.0,14.15,6.552,7.479108,13132.0
3133,6192488200929,6,H.Zone teinture lalo 10.1,7.79688,8.90013852,-1,-14774017,1,0,16.0,178,0,1,2.0,0,7.28,10.0,0.0,19.0,14.15,6.552,7.479108,13133.0
3134,6192488200714,6,H.Zone teinture lalo 733,7.79688,8.90013852,-1,-14774017,1,0,5.0,178,0,1,2.0,0,7.28,10.0,0.0,19.0,14.15,6.552,7.479108,13134.0
3135,6192488200721,6,H.Zone teinture lalo 744,7.79688,8.90013852,-1,-14774017,1,0,18.0,178,0,1,2.0,0,7.28,10.0,0.0,19.0,14.15,6.552,7.479108,13135.0
3136,6192488200196,6,H.Zone teinture lalo 8.0,7.79688,8.90013852,-1,-14774017,1,0,32.0,178,0,1,2.0,0,7.28,10.0,0.0,19.0,14.15,6.552,7.479108,13136.0
3137,6192488200578,6,H.Zone teinture lalo 566,7.79688,8.90013852,-1,-14774017,1,0,3.0,178,0,1,2.0,0,7.28,10.0,0.0,19.0,14.15,6.552,7.479108,13137.0
3138,6192488200875,6,H.Zone teinture lalo 964,7.79688,8.90013852,-1,-14774017,1,0,6.0,178,0,1,2.0,0,7.28,10.0,0.0,19.0,14.15,6.552,7.479108,13138.0
3139,6192488200820,6,H.Zone teinture lalo 864,7.79688,8.90013852,-1,-14774017,1,0,2.0,178,0,1,2.0,0,7.28,10.0,0.0,19.0,14.15,6.552,7.479108,13139.0
3140,6192488200462,6,H.Zone teinture lalo 1000,7.79688,8.90013852,-1,-14774017,1,0,5.0,178,0,1,2.0,0,7.28,10.0,0.0,19.0,14.15,6.552,7.479108,13140.0
3141,6192488200486,6,H.Zone teinture lalo 1100,7.79688,8.90013852,-1,-14774017,1,0,6.0,178,0,1,2.0,0,7.28,10.0,0.0,19.0,14.15,6.552,7.479108,13141.0
3142,6192488200493,6,H.Zone teinture lalo 11.1,7.79688,8.90013852,-1,-14774017,1,0,5.0,178,0,1,2.0,0,7.28,10.0,0.0,19.0,14.15,6.552,7.479108,13142.0
3143,6192488200448,6,H.Zone teinture lalo 66,7.797,8.9,-1,-14774017,1,0,9.0,178,0,1,2.0,0,7.28,10.0,0.0,19.0,14.15,6.552,7.479,13143.0
3144,6192488200172,6,H.Zone teinture lalo 6.0,7.79688,8.90013852,-1,-14774017,1,0,19.0,178,0,1,2.0,0,7.28,10.0,0.0,19.0,14.15,6.552,7.479108,13144.0
3145,6192488200783,6,H.Zone teinture lalo 815,7.79688,8.90013852,-1,-14774017,1,0,1.0,178,0,1,2.0,0,7.28,10.0,0.0,19.0,14.15,6.552,7.479108,13145.0
3146,6192488200127,6,H.Zone teinture lalo VERT,7.797,8.9,-1,-14774017,1,0,9.0,178,0,1,2.0,0,7.28,10.0,0.0,19.0,14.15,6.552,7.479,13146.0
3147,6192488200431,6,H.Zone teinture lalo BLEU,7.797,8.9,-1,-14774017,1,0,3.0,178,0,1,2.0,0,7.28,10.0,0.0,19.0,14.15,6.552,7.479,13147.0
3148,6192488200899,6,H.Zone teinture lalo ROUGE,7.797,8.9,-1,-14774017,1,0,6.0,178,0,1,2.0,0,7.28,10.0,0.0,19.0,14.15,6.552,7.479,13148.0
3149,6192312000060,19,Kiddo lingettes 72 pc,5.47,6.9,-1,-14774017,1,0,1.0,179,0,1,2.0,0,4.597,0.0,0.0,19.0,26.14,4.597,5.799,343149.0
3150,6192488201476,49,H.Zone oxy 30V 1L,8.247,9.9,-1,-14774017,1,0,3.0,178,0,1,2.0,0,6.93,0.0,0.0,19.0,20.05,6.93,8.319,13150.0
3151,6192488201469,0,H.Zone oxy 20V 1L,8.247,9.9,-1,-14774017,1,0,8.0,178,0,1,2.0,0,6.93,0.0,0.0,19.0,20.05,6.93,8.319,13151.0
3152,6192488201506,49,H.Zone oxy 30V 100 ml,1.949,2.3,-1,-14774017,1,0,52.0,178,0,1,2.0,0,1.8,9.0,0.0,19.0,17.98,1.638,1.933,13152.0
3153,6192488201520,0,H.Zone oxy 20V 100 ml,1.94922,2.299689756,-1,-14774017,1,0,77.0,178,0,1,2.0,0,1.8,9.0,0.0,19.0,17.98,1.638,1.9325124,13153.0
3154,8022297111339,44,Semi dilino masque enhancing 200 ml,21.525,23.899,-1,-14774017,1,0,3.0,180,0,1,2.0,0,21.525,0.0,0.0,0.0,11.03,21.525,23.899,333154.0
3155,6192017343127,4,Solyss a/shp caviar et collagéne 500 ml,9.08,16.9,-1,-14774017,1,0,1.0,181,0,1,2.0,0,9.08,0.0,0.0,0.0,86.12,9.08,16.9,333155.0
3156,6192017338246,4,Solyss shp proteine 500 ml,9.08,10.901,-1,-14774017,1,0,1.0,181,0,1,2.0,0,9.08,0.0,0.0,0.0,20.06,9.08,10.901,333156.0
3157,6192017343110,4,Solyss shp caviar et collagéne 500 ml,14.212,16.899,-1,-14774017,1,0,4.0,181,0,1,2.0,0,14.212,0.0,0.0,0.0,18.91,14.212,16.899,333157.0
3158,6192017341116,0,Solyss deep conditioner proteine 500 ml,6.788,9.611,-1,-14774017,1,0,1.0,181,0,1,2.0,0,6.2,8.0,0.0,19.0,41.6,5.704,8.077,333158.0
3159,6192017340058,4,Solyss shp sans sulfate cheveux crépus 500 ml,9.376,10.9,-1,-14774017,1,0,3.0,181,0,1,2.0,0,9.376,0.0,0.0,0.0,16.25,9.376,10.9,333159.0
3160,6192017340072,4,Solyss a/shp sans sulfate cheveux crépus 500 ml,6.909,10.899,-1,-14774017,1,0,3.0,181,0,1,2.0,0,6.909,0.0,0.0,0.0,57.75,6.909,10.899,333160.0
3161,8022297111230,44,Semi dilino masque smoothing 200 ml,21.525,23.899,-1,-14774017,1,0,2.0,180,0,1,2.0,0,21.525,0.0,0.0,0.0,11.03,21.525,23.899,333161.0
3162,8022297175317,0,Semi dilino masque reparative 200 ml,27.683,29.9,-1,-14774017,1,0,2.0,180,0,1,2.0,0,27.683,0.0,0.0,0.0,8.01,27.683,29.9,333162.0
3163,8022297064277,4,Semi dilino masque nutritive 200 ml,15.327,23.899,-1,-14774017,1,0,4.0,180,0,1,2.0,0,15.327,0.0,0.0,0.0,55.93,15.327,23.899,333163.0
3164,8022297064970,4,Semi dilino masque illuminating 200 ml,20.025,23.9,-1,-14774017,1,0,5.0,180,0,1,2.0,0,20.025,0.0,0.0,0.0,19.35,20.025,23.9,333164.0
3165,8022297152394,0,Semi dilino low shp reparative 250 ml,18.764,19.899,-1,-14774017,1,0,1.0,180,0,1,2.0,0,17.139,8.0,0.0,19.0,6.05,15.768,16.722,333165.0
3166,8022297111193,0,Semi dilino low shp smoothing 250 ml,16.746,19.9,-1,-14774017,1,0,2.0,180,0,1,2.0,0,15.296,8.0,0.0,19.0,18.84,14.072,16.723,333166.0
3167,8022297111278,4,Semi dilino low shp enhancing 250 ml,14.656,19.9,-1,-14774017,1,0,6.0,180,0,1,2.0,0,14.656,0.0,0.0,0.0,35.78,14.656,19.9,333167.0
3168,8022297064932,4,Semi dilino low shp illuminating 250 ml,13.472,19.901,-1,-14774017,1,0,5.0,180,0,1,2.0,0,13.472,0.0,0.0,0.0,47.72,13.472,19.901,333168.0
3169,8022297064253,0,Semi dilino low shp nutritive 250 ml,17.417,19.9,-1,-14774017,1,0,2.0,180,0,1,2.0,0,18.932,8.0,0.0,0.0,14.25,17.417,19.899,333169.0
3170,8022297111216,4,Semi dilino conditioner smoothing 200 ml,16.008,19.9,-1,-14774017,1,0,2.0,180,0,1,2.0,0,16.008,0.0,0.0,0.0,24.31,16.008,19.9,333170.0
3171,8022297111292,4,Semi dilino conditioner enhancing 200 ml,16.008,19.9,-1,-14774017,1,0,3.0,180,0,1,2.0,0,16.008,0.0,0.0,0.0,24.31,16.008,19.9,333171.0
3172,8022297064291,4,Semi dilino conditioner nutritive 200 ml,24.397,27.9,-1,-14774017,1,0,4.0,180,0,1,2.0,0,24.397,0.0,0.0,0.0,14.36,24.397,27.9,333172.0
3173,8022297064956,4,Semi dilino conditioner illuminating 200 ml,16.422,19.9,-1,-14774017,1,0,3.0,180,0,1,2.0,0,16.422,0.0,0.0,0.0,21.18,16.422,19.9,333173.0
3174,6192017340065,0,Solyss shp sans sulfate cheveux crépus 250 ml,5.132,6.9,-1,-14774017,1,0,5.0,0,0,1,2.0,0,5.132,0.0,0.0,0.0,34.45,5.132,6.9,333174.0
3175,6192017330011,4,Solyss lait magique 200 ml,3.948,6.9,-1,-14774017,1,0,8.0,181,0,1,2.0,0,3.948,0.0,0.0,0.0,74.78,3.948,6.9,333175.0
3176,8022297111353,9,Solyss oil multi-benefit 100 ml,25.512,29.9,-1,-14774017,1,0,0.0,181,0,1,2.0,0,25.512,0.0,0.0,0.0,17.2,25.512,29.9,333176.0
3177,8022297108629,0,Style stories dry shp 200 ml,17.765,23.901,-1,-14774017,1,0,0.0,0,0,1,2.0,0,17.765,0.0,0.0,0.0,34.54,17.765,23.901,333177.0
3178,4015100813777,0,Schwarzkopf gliss masque perle noire 400 ml,15.237,17.9,-1,-14774017,1,0,4.0,182,0,1,2.0,0,15.615,18.0,0.0,19.0,17.48,12.804,15.042,173178.0
3179,3838824426655,0,Schwarzkopf gliss shp ultimate repair 400 ml,9.734,11.2,-1,-14774017,1,0,0.0,182,0,1,2.0,0,10.467,7.0,0.0,0.0,15.06,9.734,11.2,173179.0
3180,6192430015519,0,Pril liquide vaisselle citron vert 960 ML,5.8,6.9,-1,-14774017,1,0,27.0,154,0,1,2.0,0,6.374,9.0,0.0,0.0,18.97,5.8,6.9,373180.0
3181,6192000720447,0,Sunsilk SHP 600ml anti chute,6.582,7.5995772,-1,-14774017,1,0,15.0,57,0,1,2.0,0,6.582,0.0,0.0,0.0,15.46,6.582,7.5995772,63181.0
3182,6192000720416,0,Sunsilk SHP 600ml Beure de karite,6.582,7.5995772,-1,-14774017,1,0,12.0,57,0,1,2.0,0,6.582,0.0,0.0,0.0,15.46,6.582,7.5995772,63182.0
3183,6192000720423,0,Sunsilk SHP 600ml force et brillance,6.582,7.5995772,-1,-14774017,1,0,12.0,57,0,1,2.0,0,6.582,0.0,0.0,0.0,15.46,6.582,7.5995772,63183.0
3184,6192000720430,0,Sunsilk SHP 600ml noix de coco,6.582,7.5995772,-1,-14774017,1,0,7.0,57,0,1,2.0,0,6.582,0.0,0.0,0.0,15.46,6.582,7.5995772,63184.0
3185,6192000718284,0,Sunsilk SHP 350ml solution,4.637,5.8996551,-1,-14774017,1,0,10.0,57,0,1,2.0,0,4.637,0.0,0.0,0.0,27.23,4.637,5.8996551,63185.0
3186,6192409005213,0,Dex Rihana désodorisant 1 L,1.9403783,2.4992072504,-1,-14774017,1,0,9.0,141,0,1,2.0,0,1.681,3.0,0.0,19.0,28.8,1.63057,2.10017416,83186.0
3187,8888021200119,0,Energizer max AA2,4.641,5.6996121,-1,-14774017,1,0,13.0,7,0,1,2.0,0,3.9,0.0,0.0,19.0,22.81,3.9,4.78959,13187.0
3188,8888021200157,0,Energizer max AAA2,4.641,5.6996121,-1,-14774017,1,0,17.0,7,0,1,2.0,0,3.9,0.0,0.0,19.0,22.81,3.9,4.78959,13188.0
3189,6192488200233,0,H.Zone teinture lalo 7.1,7.797,8.9,-1,-14774017,1,0,26.0,0,0,1,2.0,0,7.28,10.0,0.0,19.0,14.15,6.552,7.479,53189.0
3190,6192488200998,0,H.Zone teinture lalo 9.1,7.797,8.9,-1,-14774017,1,0,13.0,178,0,1,2.0,0,7.28,10.0,0.0,19.0,14.15,6.552,7.479,13190.0
3191,6192488200158,0,H.Zone teinture lalo 4.0,7.797,8.9,-1,-14774017,1,0,8.0,178,0,1,2.0,0,7.28,10.0,0.0,19.0,14.15,6.552,7.479,13191.0
3192,6192488200240,0,H.Zone teinture lalo 8.1,7.797,8.9,-1,-14774017,1,0,28.0,0,0,1,2.0,0,7.28,10.0,0.0,19.0,14.15,6.552,7.479,13192.0
3193,6192488200165,0,H.Zone teinture lalo 5.0,7.797,8.9,-1,-14774017,1,0,38.0,178,0,1,2.0,0,7.28,10.0,0.0,19.0,14.15,6.552,7.479,13193.0
3194,8410474414692,0,Mik manche metalique rose 140 cm,1.94,2.7,-1,-14774017,1,0,1.0,0,0,1,2.0,0,1.681,3.0,0.0,19.0,39.1,1.631,2.269,83194.0
3195,8410474414746,0,Mik manche metalique bleu/blanc 140 cm,1.94,2.7,-1,-14774017,1,0,4.0,0,0,1,2.0,0,1.681,3.0,0.0,19.0,39.1,1.631,2.269,83195.0
3196,6192000583820,0,Sensea coton tige 200 pc,2.064,2.6,-1,-14774017,1,0,0.0,53,0,1,2.0,0,1.788,3.0,0.0,19.0,26.0,1.734,2.185,83196.0
3197,6192103701022,0,SUPER ROLLING Sac Congelation 2L*100PC,2.474,2.999,-1,-14774017,1,0,1.0,0,0,1,2.0,0,2.143,3.0,0.0,19.0,21.25,2.079,2.52,83197.0
3198,6131232456427,0,Chick sac poubel 55*65 cm,1.9403783,2.6990662153,-1,-14774017,1,0,0.0,0,0,1,2.0,0,1.681,3.0,0.0,19.0,39.1,1.63057,2.26812287,83198.0
3199,7898606742522,50,cadiveu kit byebye frizz shp 250ml +conditioner 250ml,36.0,36.0,-1,-14774017,1,0,-6.0,0,0,1,2.0,0,36.0,0.0,0.0,0.0,0.0,36.0,36.0,
3200,7898606742911,0,cadiveu kit byebye frizz shp 250ml +conditioner 250ml,36.0,36.0,-1,-14774017,1,0,-7.0,0,0,1,2.0,0,36.0,0.0,0.0,0.0,0.0,36.0,36.0,0.0
3201,6191409000044,0,Jean mariner vinaigre naturel 90 cl,1.1,1.5,-1,-14774017,1,0,3.0,0,0,1,2.0,0,0.924,0.0,0.0,19.0,36.38,0.924,1.26,33201.0
3203,6192000718222,50,Sunsilk SHP 180ml noix de coco,3.044,3.501,-1,-14774017,1,0,3.0,57,0,1,2.0,0,3.044,0.0,0.0,0.0,15.0,3.044,3.501,0.0
3204,6221048403248,51,Signal dentifrices 50ml Blancheur,3.105,3.9,-1,-14774017,1,0,18.0,58,0,1,2.0,0,3.105,0.0,0.0,0.0,25.61,3.105,3.9,63204.0
3205,6192000718048,0,Sunsilk SHP 180ml anti casse,3.211,3.5,-1,-14774017,1,0,3.0,57,0,1,2.0,0,2.698,0.0,0.0,19.0,9.0,2.698,2.941,63205.0
3206,6221048407956,0,Signal dentifrices 120ml fresh mint,3.914,5.2,-1,-14774017,1,0,19.0,58,0,1,2.0,0,3.289,0.0,0.0,19.0,32.86,3.289,4.37,63206.0
3207,3600551146034,0,Narta bille femme invisible 0% 50 ml (2éme code),11.733,13.901,-1,-14774017,1,0,3.0,10,0,1,2.0,0,10.955,10.0,0.0,19.0,18.47,9.86,11.681,13207.0
3208,3600551146003,0,Narta bille femme impecable 50 ml (2ém code),11.732805,12.699588132,-1,-14774017,1,0,8.0,0,0,1,2.0,0,10.955,10.0,0.0,19.0,8.24,9.8595,10.6719228,13208.0
3209,3610340670268,0,Garnier U.D A/shp trésor de miel 200 ml,9.52952,11.300104816,-1,-14774017,1,0,5.0,0,0,1,2.0,0,8.8,9.0,0.0,19.0,18.58,8.008,9.4958864,13209.0
3210,6192409006548,0,Lavax sel regenerant 1kg,5.658,6.7,-1,-14774017,1,0,6.0,67,0,1,2.0,0,4.902,3.0,0.0,19.0,18.4,4.755,5.63,83210.0
3211,887930419962,8,KODAK rasoir *// rose *1p,1.0,1.2,-1,-14774017,1,0,0.0,4,0,1,2.0,0,1.0,0.0,0.0,0.0,20.0,1.0,1.2,0.0
3212,8879304199626,8,kodak rasoir *// rose *1p,1.0,1.2,-1,-14774017,1,1,5.0,4,0,1,2.0,0,1.0,0.0,0.0,0.0,20.0,1.0,1.2,0.0
3213,6191737400233,0,Dima clean cache raclette micro fibre,4.2,5.4999,-1,-14774017,1,0,5.0,149,0,1,2.0,0,4.2,0.0,0.0,0.0,30.95,4.2,5.4999,353213.0
3214,6191737400141,0,Dima clean serpillére plat,4.2,5.4999,-1,-14774017,1,0,10.0,149,0,1,2.0,0,4.2,0.0,0.0,0.0,30.95,4.2,5.4999,353214.0
3215,6192011814180,0,Lilas essuie-tout ultra doux classic 2+1,2.375,3.0,-1,-14774017,1,0,0.0,43,0,1,2.0,0,2.375,0.0,0.0,0.0,26.3,2.375,3.0,43215.0
3217,6192319101869,0,Lilas dentifrice soin blancheur charbon menthe 75 ml,6.847,8.9,-1,-14774017,1,0,11.0,120,0,1,2.0,0,6.847,0.0,0.0,0.0,29.98,6.847,8.9,283217.0
3218,6192319101876,0,Lilas dentifrice soin intense fraicheur citron 75 ml,3.832,4.602,-1,-14774017,1,0,11.0,120,0,1,2.0,0,3.832,0.0,0.0,0.0,20.1,3.832,4.602,283218.0
3219,6192319104778,0,Lilas extreme lave mains peche 380 ML,2.924,3.8,-1,-14774017,1,0,2.0,0,0,1,2.0,0,2.924,0.0,0.0,0.0,29.97,2.924,3.8,283219.0
3220,6192319104723,0,Lilas extreme lave mains marine 380 ML,2.924,3.8,-1,-14774017,1,0,3.0,0,0,1,2.0,0,2.924,0.0,0.0,0.0,29.97,2.924,3.8,283220.0
3221,6192319104754,0,Lilas extreme lave mains fruité 380 ML,2.924,3.8,-1,-14774017,1,0,10.0,120,0,1,2.0,0,2.924,0.0,0.0,0.0,29.97,2.924,3.8,223221.0
3222,6192102000072,0,Kotis distributeur mouchoirs 150 pc,1.698,2.1,-1,-14774017,1,0,11.0,135,0,1,2.0,0,1.471,3.0,0.0,19.0,23.64,1.427,1.764,83222.0
3223,6192102001239,0,Kotis distributeur mouchoirs 100 pc,1.387,1.8,-1,-14774017,1,0,17.0,135,0,1,2.0,0,1.202,3.0,0.0,19.0,29.7,1.166,1.512,83223.0
3224,6192102000720,0,Rosy papiers serviettes 30*30,1.194,1.5,-1,-14774017,1,0,0.0,183,0,1,2.0,0,1.034,3.0,0.0,19.0,25.65,1.003,1.26,83224.0
3225,6192102001086,0,Rosy papiers serviettes 24*24,0.783,1.0,-1,-14774017,1,0,0.0,183,0,1,2.0,0,0.678,3.0,0.0,19.0,27.7,0.658,0.84,83225.0
3226,6192102000324,0,Kotis papiers serviettes 40*40,1.692,2.0,-1,-14774017,1,0,0.0,135,0,1,2.0,0,1.466,3.0,0.0,19.0,18.19,1.422,1.681,83226.0
3227,6192102001376,0,Kotis essuie-tout color *2,2.425,2.9,-1,-14774017,1,0,0.0,135,0,1,2.0,0,2.101,3.0,0.0,19.0,19.58,2.038,2.437,83227.0
3228,6192102001161,0,Kotis PH ultra doux jaune *4,2.134,2.5,-1,-14774017,1,0,0.0,135,0,1,2.0,0,1.849,3.0,0.0,19.0,17.12,1.794,2.101,83228.0
3229,6192102000638,0,Rosy PH ultra doux *4,1.747,2.2,-1,-14774017,1,0,0.0,183,0,1,2.0,0,1.513,3.0,0.0,19.0,25.92,1.468,1.849,83229.0
3230,6192102000676,0,Rosy ultra doux essuie-tout *2,1.747,2.0,-1,-14774017,1,0,0.0,183,0,1,2.0,0,1.513,3.0,0.0,19.0,14.5,1.468,1.681,83230.0
3231,6192102001178,0,Kotis PH ultrax doux *12,6.159,7.2,-1,-14774017,1,0,0.0,135,0,1,2.0,0,5.336,3.0,0.0,19.0,16.9,5.176,6.051,83231.0
3232,6192102001307,0,Kotis couche bébé taille 3 28pc,13.0,13.0,-1,-14774017,1,0,10.0,135,0,1,2.0,0,10.924,0.0,0.0,19.0,0.0,10.924,10.924,83232.0
3233,6192102001291,0,Kotis couche bébé taille 2 32pc,13.0,13.0,-1,-14774017,1,0,2.0,135,0,1,2.0,0,10.924,0.0,0.0,19.0,0.0,10.924,10.924,83233.0
3234,6192102001338,0,Kotis couche bébé taille 5 20pc,13.0,13.0,-1,-14774017,1,0,0.0,0,0,1,2.0,0,10.924,0.0,0.0,19.0,0.0,10.924,10.924,83234.0
3235,6192102001352,0,Kotis couche bébé taille 6 16pc,13.0,13.0,-1,-14774017,1,0,1.0,135,0,1,2.0,0,10.924,0.0,0.0,19.0,0.0,10.924,10.924,83235.0
3236,6192102001314,0,Kotis couche bébé taille 4 24pc,13.0,13.0,-1,-14774017,1,0,9.0,135,0,1,2.0,0,10.924,0.0,0.0,19.0,0.0,10.924,10.924,83236.0
3237,6192102001321,0,Kotis jumbo couche bébé taille 4 40pc,23.13,27.3,-1,-14774017,1,0,3.0,135,0,1,2.0,0,20.038,3.0,0.0,19.0,18.03,19.437,22.941,83237.0
3238,6192102001345,0,Kotis jumbo couche bébé taille 5 40pc,27.802,27.802,-1,-14774017,1,0,0.0,135,0,1,2.0,0,24.086,3.0,0.0,19.0,0.0,23.363,23.363,83238.0
3239,6192102001369,0,Kotis jumbo couche bébé taille 6 35pc,30.372,30.3,-1,-14774017,1,0,0.0,135,0,1,2.0,0,26.312,3.0,0.0,19.0,0.0,25.523,25.523,83239.0
3240,6224002782205,0,Bright scouring métal et fibre 2 pc,1.111,1.49985,-1,-14774017,1,0,8.0,0,0,1,2.0,0,1.111,0.0,0.0,0.0,35.0,1.111,1.49985,323240.0
3242,751667197878,0,Fham albadia charbon 10 pc,1.0,1.5,-1,-14774017,1,0,-1.0,0,0,1,2.0,0,1.0,0.0,0.0,0.0,50.0,1.0,1.5,323242.0
3243,6192409006623,0,Lavax caps parfum citron 30 capsules,19.517,23.801,-1,-14774017,1,0,3.0,0,0,1,2.0,0,16.908,3.0,0.0,19.0,21.95,16.401,20.001,83243.0
3244,6192409006791,0,Dex lot vaisselle citron 5L+600 ML,14.065,15.9,-1,-14774017,1,0,0.0,0,0,1,2.0,0,12.185,3.0,0.0,19.0,13.05,11.819,13.361,83244.0
3245,6192319101180,0,Lilas ex bille femme fruité 50 ml,3.372,3.899718,-1,-14774017,1,0,4.0,120,0,1,2.0,0,3.372,0.0,0.0,0.0,15.65,3.372,3.899718,283245.0
3246,6192319101197,0,Lilas ex bille femme floral 50 ml,3.372,3.899718,-1,-14774017,1,0,5.0,0,0,1,2.0,0,3.372,0.0,0.0,0.0,15.65,3.372,3.899718,283246.0
3247,6192319108172,0,Lilas ex bille femme exotique 50 ml,3.372,3.899718,-1,-14774017,1,0,2.0,0,0,1,2.0,0,3.372,0.0,0.0,0.0,15.65,3.372,3.899718,283247.0
3248,6192319101166,0,Lilas ex bille femme sensuel 50 ml,3.372,3.899718,-1,-14774017,1,0,4.0,0,0,1,2.0,0,3.372,0.0,0.0,0.0,15.65,3.372,3.899718,283248.0
3249,6192319101210,0,Lilas ex bille homme deep 50 ml,3.372,3.899718,-1,-14774017,1,0,4.0,120,0,1,2.0,0,3.372,0.0,0.0,0.0,15.65,3.372,3.899718,283249.0
3250,6192319101203,0,Lilas ex bille homme sport 50 ml,3.372,3.899718,-1,-14774017,1,0,3.0,120,0,1,2.0,0,3.372,0.0,0.0,0.0,15.65,3.372,3.899718,283250.0
3251,6192319101241,0,Lilas ex bille femme sensitive 50 ml,3.372,3.899718,-1,-14774017,1,0,3.0,0,0,1,2.0,0,3.372,0.0,0.0,0.0,15.65,3.372,3.899718,283251.0
3252,6192319101258,0,Lilas ex bille homme cool 50 ml,3.372,3.899718,-1,-14774017,1,0,3.0,120,0,1,2.0,0,3.372,0.0,0.0,0.0,15.65,3.372,3.899718,283252.0
3253,6192319101685,0,Lilas ex dentifrice blancheur micro calcium 75 ml,2.523,3.4996533,-1,-14774017,1,0,9.0,120,0,1,2.0,0,2.523,0.0,0.0,0.0,38.71,2.523,3.4996533,283253.0
3254,6192319101654,0,Lilas ex dentifrice multi protection fluoractif 75 ml,2.523,3.4996533,-1,-14774017,1,0,8.0,120,0,1,2.0,0,2.523,0.0,0.0,0.0,38.71,2.523,3.4996533,283254.0
3255,8690555518048,0,Lilas brosse a dents charbon moyenne,4.35,5.399655,-1,-14774017,1,0,5.0,120,0,1,2.0,0,4.35,0.0,0.0,0.0,24.13,4.35,5.399655,283255.0
3256,8690555518161,0,Lilas brosse a dents clean intense moyenne 2+1,4.1,5.20003,-1,-14774017,1,0,9.0,120,0,1,2.0,0,4.1,0.0,0.0,0.0,26.83,4.1,5.20003,283256.0
3257,8690555518116,0,Lilas brosse a dents blancheur intense 1+1,7.35,9.199995,-1,-14774017,1,0,9.0,120,0,1,2.0,0,7.35,0.0,0.0,0.0,25.17,7.35,9.199995,283257.0
3258,8690555518062,0,Lilas brosse a dents multi protection moyenne 1+1,2.85,3.59955,-1,-14774017,1,0,5.0,120,0,1,2.0,0,2.85,0.0,0.0,0.0,26.3,2.85,3.59955,283258.0
3259,8690555518024,0,Lilas brosse a dents soin complet moyenne,3.251,4.099511,-1,-14774017,1,0,10.0,120,0,1,2.0,0,3.251,0.0,0.0,0.0,26.1,3.251,4.099511,283259.0
3260,6192319101265,0,Lilas ex bille homme dark 50 ml,3.372,3.899718,-1,-14774017,1,0,6.0,0,0,1,2.0,0,3.372,0.0,0.0,0.0,15.65,3.372,3.899718,283260.0
3261,6192319105393,0,Lilas lave mains 500ml Extrème lavande,3.771,4.4995572,-1,-14774017,1,0,6.0,120,0,1,2.0,0,3.771,0.0,0.0,0.0,19.32,3.771,4.4995572,283261.0
3262,6192319101524,0,Lilas supreme deo homme dynamic 200 ml,6.541,7.9002198,-1,-14774017,1,0,1.0,43,0,1,2.0,0,6.541,0.0,0.0,0.0,20.78,6.541,7.9002198,283262.0
3263,6192319101531,0,Lilas supreme deo homme strong 200 ml,6.541,7.9,-1,-14774017,1,0,4.0,120,0,1,2.0,0,6.541,0.0,0.0,0.0,20.78,6.541,7.9,283263.0
3264,6130601006867,0,Signal dentifrice blancheur eclat brillance 75 ml,4.5,5.80005,-1,-14774017,1,0,18.0,58,0,1,2.0,0,4.5,0.0,0.0,0.0,28.89,4.5,5.80005,63264.0
3265,6130601006874,0,Signal dentifrice blancheur pure 75 ml,4.5,5.8,-1,-14774017,1,0,18.0,58,0,1,2.0,0,4.5,0.0,0.0,0.0,28.88,4.5,5.8,63265.0
3266,6194001800319,0,Sac congélation 2L,1.5,1.5,-1,-14774017,1,0,0.0,0,0,1,2.0,0,1.5,0.0,0.0,0.0,0.0,1.5,1.5,323266.0
3267,42164104,0,NIVEA creme 60ML ( 2em code),4.704,5.9,-1,-14774017,1,0,8.0,21,0,1,2.0,0,4.65,15.0,0.0,19.0,25.42,3.953,4.958,13267.0
3268,6192312800011,19,MBwaay super dégraissant cuisine 1 L,12.501,14.5,-1,-14774017,1,0,9.0,184,0,1,2.0,0,10.505,0.0,0.0,19.0,15.99,10.505,12.185,363268.0
3269,6192312800035,0,MBwaay vitres 1 L,12.501,14.5,-1,-14774017,1,0,4.0,0,0,1,2.0,0,10.505,0.0,0.0,19.0,15.99,10.505,12.185,363269.0
3270,6192312800042,0,MBwaay nettoyant express 1 L,12.501,14.5,-1,-14774017,1,0,4.0,184,0,1,2.0,0,10.505,0.0,0.0,19.0,15.99,10.505,12.185,363270.0
3271,6192312800080,0,MBwaay power clean dégraisant multi usage 1 L,12.501,14.5,-1,-14774017,1,0,6.0,184,0,1,2.0,0,10.505,0.0,0.0,19.0,15.99,10.505,12.185,363271.0
3272,6192312800059,0,MBwaay multi usage sanitaire 1 L,12.501,14.5,-1,-14774017,1,0,6.0,184,0,1,2.0,0,10.505,0.0,0.0,19.0,15.99,10.505,12.185,363272.0
3273,6192312800233,0,MBwaay anti calcaire décapant sol 1 L,12.501,14.5,-1,-14774017,1,0,6.0,184,0,1,2.0,0,10.505,0.0,0.0,19.0,15.99,10.505,12.185,363273.0
3274,6192477622626,0,Lilas gel machine active power 5L+2L gratuit,25.3,27.3,-1,-14774017,1,0,5.0,0,0,1,2.0,0,25.3,0.0,0.0,0.0,7.89,25.3,27.296,223274.0
3275,6192477622633,0,Lilas gel machine clean power 5L dont  2L Gratuit,25.3,27.299,-1,-14774017,1,0,3.0,0,0,1,2.0,0,25.3,0.0,0.0,0.0,7.9,25.3,27.299,223275.0
3276,6192102001109,34,kotis papier mouchoirs *1 packs,0.23,0.3,-1,-14774017,1,0,1.0,135,0,1,2.0,0,0.23,0.0,0.0,0.0,30.65,0.23,0.3,0.0
3277,6192011803672,34,Lilas Nett Classic *1 pactes,0.3,0.35,-1,-14774017,1,0,-1.0,120,0,1,2.0,0,0.3,0.0,0.0,0.0,16.8,0.3,0.35,0.0
3278,6192477620936,0,Lilas desorisant 3L fraicheur floral,3.551,4.2,-1,-14774017,1,0,5.0,120,0,1,2.0,0,3.551,0.0,0.0,0.0,18.28,3.551,4.2,223278.0
3279,6192477620950,0,Lilas desorisant 3L rose,3.551,4.2,-1,-14774017,1,0,6.0,0,0,1,2.0,0,3.551,0.0,0.0,0.0,18.28,3.551,4.2,223279.0
3280,6192477623913,0,Lilas vaisselle citron 2.4 L,11.439,12.4,-1,-14774017,1,0,4.0,0,0,1,2.0,0,11.439,0.0,0.0,0.0,8.4,11.439,12.4,223280.0
3281,8886467018343,0,Omo poudre main savon de marseille 1.2KG,7.5,8.7,-1,-14774017,1,0,12.0,0,0,1,2.0,0,7.5,0.0,0.0,0.0,16.0,7.5,8.7,13281.0
3282,6192409005947,19,Det liquide vaisselle Peau Sensible 600ml,2.975,3.9,-1,-14774017,1,0,0.0,18,0,1,2.0,0,2.5,0.0,0.0,19.0,31.08,2.5,3.277,0.0
3283,6130552013426,34,Cotex Essuie tout Basico de 2+1gratuits,2.543,2.9,-1,-14774017,1,0,2.0,56,0,1,2.0,0,2.137,0.0,0.0,19.0,14.02,2.137,2.437,33283.0
3284,6130552002017,0,Cotex Essuie tout plus de 2,2.65013,3.199766962,-1,-14774017,1,0,0.0,0,0,1,2.0,0,2.227,0.0,0.0,19.0,20.74,2.227,2.6888798,33284.0
3285,6192430018473,0,Dixan poudre machine savon de marseille 5 kg,25.866,28.199,-1,-14774017,1,0,3.0,0,0,1,2.0,0,23.626,8.0,0.0,19.0,9.02,21.736,23.697,173285.0
3286,6192430018466,0,Dixan poudre machine jasmin 5 kg,25.866,28.0,-1,-14774017,1,0,3.0,0,0,1,2.0,0,23.626,8.0,0.0,19.0,9.0,21.736,23.692,173286.0
3287,6192319101326,0,Lilas supreme deo homme control power 200 ml,8.309,10.499,-1,-14774017,1,0,7.0,120,0,1,2.0,0,8.309,0.0,0.0,0.0,26.36,8.309,10.499,283287.0
3288,6192319101371,0,Lilas supreme deo homme sport power 200 ml,8.309,10.499,-1,-14774017,1,0,2.0,0,0,1,2.0,0,8.309,0.0,0.0,0.0,26.36,8.309,10.499,283288.0
3289,6192319101357,0,Lilas supreme deo homme energy power 200 ml,8.309,10.499,-1,-14774017,1,0,5.0,0,0,1,2.0,0,8.309,0.0,0.0,0.0,26.36,8.309,10.499,283289.0
3290,6192319101340,0,Lilas supreme deo homme black power 200 ml,8.309,10.499,-1,-14774017,1,0,1.0,0,0,1,2.0,0,8.309,0.0,0.0,0.0,26.36,8.309,10.499,283290.0
3291,6192319101319,0,Lilas supreme deo femme fresh flowers 200 ml,8.309,10.499,-1,-14774017,1,0,4.0,0,0,1,2.0,0,8.309,0.0,0.0,0.0,26.36,8.309,10.499,283291.0
3292,6194013372378,0,Dar clean micro fibre roll-pro multi usage,2.38,2.499,-1,-14774017,1,0,5.0,142,0,1,2.0,0,2.0,0.0,0.0,19.0,5.0,2.0,2.1,233292.0
3293,6192440002615,0,Jet 7 sérum keratine de soie 50 ml,7.854,9.4,-1,-14774017,1,0,5.0,0,0,1,2.0,0,6.6,0.0,0.0,19.0,19.69,6.6,7.9,13293.0
3294,6192440002882,0,Jet 7 cire 70 gr,2.0,2.4,-1,-14774017,1,0,24.0,0,0,1,2.0,0,2.0,0.0,0.0,0.0,20.0,2.0,2.4,13294.0
3295,3154143244054,0,Bol teinture renée blanche,2.5,1.7,-1,-14774017,1,0,4.0,0,0,1,2.0,0,2.5,0.0,0.0,0.0,0.0,2.5,2.5,383295.0
3296,8050327687936,0,Bol teinture garnier,2.5,2.5,-1,-14774017,1,0,-1.0,0,0,1,2.0,0,2.5,0.0,0.0,0.0,0.0,2.5,2.5,0.0
3297,8000836149791,0,Palette teinture garnier,1.5,1.5,-1,-14774017,1,0,-9.0,0,0,1,2.0,0,1.5,0.0,0.0,0.0,0.0,1.5,1.5,0.0
3298,6192307200017,0,Sno bicarbonate de soude 1.5 kg,9.122,12.1,-1,-14774017,1,0,11.0,0,0,1,2.0,0,10.647,28.0,0.0,19.0,32.64,7.666,10.168,13298.0
3299,6192307200024,0,Sno bicarbonate de soude 750 gr,8.568,11.3,-1,-14774017,1,0,16.0,0,0,1,2.0,0,10.0,28.0,0.0,19.0,31.89,7.2,9.496,13299.0
3300,6192307200055,0,Sno vinaigre ménager 14° 1L,5.212,12.4,-1,-14774017,1,0,10.0,0,0,1,2.0,0,6.083,28.0,0.0,19.0,36.21,4.38,5.966,13300.0
3301,6192307200222,0,Sno lessive ecolos 1.2 kg,8.782,11.6,-1,-14774017,1,0,-1.0,0,0,1,2.0,0,10.25,28.0,0.0,19.0,32.09,7.38,9.748,
3302,6192000516002,0,SENSEA Cotons Tiges 90P,1.117,1.5,-1,-14774017,1,0,189.0,0,0,1,2.0,0,1.104,15.0,0.0,19.0,34.35,0.938,1.26,13302.0
3303,8001280413308,0,Felce azzurra assouplissant rose et lotus 2 L,8.0325,9.50003775,-1,-14774017,1,0,8.0,0,0,1,2.0,0,6.75,0.0,0.0,19.0,18.27,6.75,7.983225,13303.0
3304,8001280413292,0,Felce azzurra assouplissant lavender and lris 2 L,8.0325,9.50003775,-1,-14774017,1,0,6.0,0,0,1,2.0,0,6.75,0.0,0.0,19.0,18.27,6.75,7.983225,13304.0
3305,8001280413285,0,Felce azzurra assouplissant amber and vanilla 2 L,8.0325,9.50003775,-1,-14774017,1,0,9.0,0,0,1,2.0,0,6.75,0.0,0.0,19.0,18.27,6.75,7.983225,13305.0
3306,3346027013164,0,Ourgan gel canalisation menthe1 L,8.806,10.5,-1,-14774017,1,0,12.0,0,0,1,2.0,0,7.4,0.0,0.0,19.0,19.24,7.4,8.824,13306.0
3308,3346020030878,0,Carolin pistolet anti-calcaire au vinaigre 650ML,7.443,9.2,-1,-14774017,1,0,12.0,0,0,1,2.0,0,6.95,10.0,0.0,19.0,23.6,6.255,7.731,13308.0
3309,3346020030861,0,Carolin pistolet multi surfaces au bicarbonate 650ML,7.443,9.2,-1,-14774017,1,0,9.0,0,0,1,2.0,0,6.95,10.0,0.0,19.0,23.6,6.255,7.731,13309.0
3310,3346029995048,0,Carolin sol savon de marseille 1 L,7.319,8.5,-1,-14774017,1,0,5.0,0,0,1,2.0,0,6.15,0.0,0.0,19.0,16.15,6.15,7.143,13310.0
3311,3346025730001,0,Carolin sol lavant et brillant 1 L,7.3185,8.50043775,-1,-14774017,1,0,4.0,0,0,1,2.0,0,6.15,0.0,0.0,19.0,16.15,6.15,7.143225,53311.0
3312,3346029995062,0,Carolin sol huile de lin 1 L,7.319,8.5,-1,-14774017,1,0,5.0,0,0,1,2.0,0,6.15,0.0,0.0,19.0,16.15,6.15,7.143,13312.0
3313,3346029995055,0,Carolin sol savon noir 1 L,7.319,8.5,-1,-14774017,1,0,3.0,0,0,1,2.0,0,6.15,0.0,0.0,19.0,16.15,6.15,7.143,13313.0
3314,3346029995161,0,Carolin sol parquets modenes 1 L,7.319,8.5,-1,-14774017,1,0,6.0,0,0,1,2.0,0,6.15,0.0,0.0,19.0,16.15,6.15,7.143,13314.0
3315,3346025721009,0,Carolin sol lavande et savon de marseille 1 L,7.3185,8.50043775,-1,-14774017,1,0,4.0,0,0,1,2.0,0,6.15,0.0,0.0,19.0,16.15,6.15,7.143225,53315.0
3316,8003650030320,0,Omino bianco carpet et sofa 300 ml,9.52,10.9,-1,-14774017,1,0,4.0,0,0,1,2.0,0,8.0,0.0,0.0,19.0,14.5,8.0,9.16,13316.0
3317,6291069751598,0,Vatika henna coffe 10 gr,1.4875,1.799875,-1,-14774017,1,0,0.0,0,0,1,2.0,0,1.25,0.0,0.0,19.0,21.0,1.25,1.5125,13317.0
3318,6291069751581,0,Vatika henna almond 10 gr,1.4875,1.799875,-1,-14774017,1,0,13.0,0,0,1,2.0,0,1.25,0.0,0.0,19.0,21.0,1.25,1.5125,13318.0
3319,6291069751574,0,Vatika henna blackseed 10 gr,1.4875,1.799875,-1,-14774017,1,0,4.0,0,0,1,2.0,0,1.25,0.0,0.0,19.0,21.0,1.25,1.5125,13319.0
3320,6291069751604,0,Vatika henna karkade 10 gr,1.46965,1.799586425,-1,-14774017,1,0,0.0,0,0,1,2.0,0,1.235,0.0,0.0,19.0,22.45,1.235,1.5122575,13320.0
3322,6291069208245,0,Vatika shp cactus et gergir 200 ml,4.344,4.999,-1,-14774017,1,0,11.0,0,0,1,2.0,0,3.65,0.0,0.0,19.0,15.1,3.65,4.201,13322.0
3323,6291069208214,0,Vatika shp almond et honey 400 ml,8.271,9.9,-1,-14774017,1,0,3.0,0,0,1,2.0,0,6.95,0.0,0.0,19.0,19.7,6.95,8.319,13323.0
3324,6291069208283,0,Vatika a/shp almond et honey 200 ml,4.344,4.999,-1,-14774017,1,0,4.0,0,0,1,2.0,0,3.65,0.0,0.0,19.0,15.1,3.65,4.201,13324.0
3326,6291069701661,0,Vatika a/shp coconut et castor 200 ml,4.344,4.999,-1,-14774017,1,0,5.0,0,0,1,2.0,0,3.65,0.0,0.0,19.0,15.1,3.65,4.201,13326.0
3327,6291069208269,0,Vatika a/shp cactus et gergir  200 ml,4.344,4.999,-1,-14774017,1,0,6.0,0,0,1,2.0,0,3.65,0.0,0.0,19.0,15.1,3.65,4.201,13327.0
3328,6291069701265,0,Vatika shp coconut and castor 200 ml,4.344,9.999,-1,-14774017,1,0,1.0,0,0,1,2.0,0,3.65,0.0,0.0,19.0,130.2,3.65,8.402,13328.0
3329,5022496001946,0,Vatika shp olive et henna 200 ml,4.344,4.999,-1,-14774017,1,0,12.0,0,0,1,2.0,0,3.65,0.0,0.0,19.0,15.1,3.65,4.201,13329.0
3330,6291069706451,0,Vatika a/shp moroccan argan 200 ml,4.879,9.999,-1,-14774017,1,0,1.0,0,0,1,2.0,0,4.1,0.0,0.0,19.0,104.94,4.1,8.403,13330.0
3331,6291069007107,0,Dabur amla gold huil cheveux pomme 200 ml,7.438,10.502,-1,-14774017,1,0,6.0,0,0,1,2.0,0,6.25,0.0,0.0,19.0,41.2,6.25,8.825,13331.0
3332,5285001951604,0,Elegence gel violet 100 ml,1.904,2.2,-1,-14774017,1,0,23.0,0,0,1,2.0,0,1.6,0.0,0.0,19.0,15.52,1.6,1.848,13332.0
3333,5285001951567,0,Elegence gel jaune 100 ml,1.904,2.2,-1,-14774017,1,0,21.0,0,0,1,2.0,0,1.6,0.0,0.0,19.0,15.52,1.6,1.848,13333.0
3334,8001280029912,0,Felce azzurra savon muschio 100 gr,2.975,3.500385,-1,-14774017,1,0,33.0,0,0,1,2.0,0,2.5,0.0,0.0,19.0,17.66,2.5,2.9415,13334.0
3335,8001280307621,0,Felce azzurra savon fresco 100 gr,2.975,3.500385,-1,-14774017,1,0,30.0,0,0,1,2.0,0,2.5,0.0,0.0,19.0,17.66,2.5,2.9415,13335.0
3336,8001280307584,0,Felce azzurra savon classico 100 gr,2.975,3.500385,-1,-14774017,1,0,30.0,0,0,1,2.0,0,2.5,0.0,0.0,19.0,17.66,2.5,2.9415,13336.0
3337,6291069701685,0,Vatika a/shp olive et henna 200 ml,4.344,4.999,-1,-14774017,1,0,5.0,0,0,1,2.0,0,3.65,0.0,0.0,19.0,15.1,3.65,4.201,13337.0
3338,6291069744088,0,Vatika henna blueberry 10 gr,1.47,1.8,-1,-14774017,1,0,3.0,0,0,1,2.0,0,1.235,0.0,0.0,19.0,22.5,1.235,1.513,13338.0
3339,3838824426693,0,Schwarzkopf gliss shp total repair 400 ml,9.734,11.2,-1,-14774017,1,0,6.0,0,0,1,2.0,0,10.467,7.0,0.0,0.0,15.06,9.734,11.2,173339.0
3340,3838824427010,0,Schwarzkopf gliss shp oil nutritive 400 ml,9.734,11.2,-1,-14774017,1,0,1.0,0,0,1,2.0,0,10.467,7.0,0.0,0.0,15.06,9.734,11.2,173340.0
3341,6192430012884,0,Souplesse deo femme 200ML moments paradisiaques,5.16672,6.49973376,-1,-14774017,1,0,11.0,0,0,1,2.0,0,5.382,4.0,0.0,0.0,25.8,5.16672,6.49973376,173341.0
3342,6192430003646,0,Souplesse deo femme 200ML vanille,5.16672,6.49973376,-1,-14774017,1,0,12.0,0,0,1,2.0,0,5.382,4.0,0.0,0.0,25.8,5.16672,6.49973376,173342.0
3343,6192430012907,0,Souplesse bille femme paradisiaques 50 ml,3.47163,3.899681979,-1,-14774017,1,0,11.0,0,0,1,2.0,0,3.579,3.0,0.0,0.0,12.33,3.47163,3.899681979,173343.0
3344,3838824427072,0,Schwarzkopf gliss a/shp oil nutritive 400 ml,9.539,11.9,-1,-14774017,1,0,3.0,0,0,1,2.0,0,9.214,13.0,0.0,19.0,24.75,8.016,10.0,173344.0
3345,6281031286562,0,Schwarzkopf gliss a/shp ultimate repair400 ml,9.539,11.9,-1,-14774017,1,0,5.0,0,0,1,2.0,0,9.214,13.0,0.0,19.0,24.75,8.016,10.0,173345.0
3346,6192002010720,0,Sani brille vitre bleu 500 ml,2.134,2.6,-1,-14774017,1,0,6.0,0,0,1,2.0,0,1.849,3.0,0.0,19.0,21.78,1.794,2.185,83346.0
3347,6192000220107,0,Nassim air fraiche pin 300ML,4.178,5.8,-1,-14774017,1,0,12.0,0,0,1,2.0,0,3.62,3.0,0.0,19.0,38.81,3.511,4.874,83347.0
3348,5283022001117,0,Elegance wax gel hair argan oil 140gr,5.355,6.7,-1,-14774017,1,0,12.0,0,0,1,2.0,0,4.5,0.0,0.0,19.0,25.11,4.5,5.63,13348.0
3349,5283022001131,0,Elegance wax gel hair macadamia140gr,5.355,6.7,-1,-14774017,1,0,0.0,0,0,1,2.0,0,4.5,0.0,0.0,19.0,25.11,4.5,5.63,13349.0
3350,5283022001124,0,Elegance wax gel hair aloe vera 140gr,5.355,6.7,-1,-14774017,1,0,12.0,0,0,1,2.0,0,4.5,0.0,0.0,19.0,25.11,4.5,5.63,13350.0
3351,5283022001216,0,Elegance wax gel hair avocado oil 140gr,5.355,6.7,-1,-14774017,1,0,0.0,0,0,1,2.0,0,4.5,0.0,0.0,19.0,25.11,4.5,5.63,13351.0
3352,6192477610739,0,Lilas Poudre Main Clean citron 300GR,1.276,1.40041,-1,-14774017,1,0,32.0,0,0,1,2.0,0,1.276,0.0,0.0,0.0,9.75,1.276,1.40041,43352.0
3353,6192477610746,0,Lilas Poudre Main Clean savon de marseille 300GR,1.276,1.401686,-1,-14774017,1,0,10.0,0,0,1,2.0,0,1.276,0.0,0.0,0.0,9.85,1.276,1.401686,43353.0
3354,6192477623128,0,Lilas gel machine antibactérien  3L,17.251,19.901,-1,-14774017,1,0,0.0,0,0,1,2.0,0,17.251,0.0,0.0,0.0,15.36,17.251,19.901,43354.0
3355,6194001800722,0,Kitchen craft plumeau 40 cm,14.0,14.0,-1,-14774017,1,0,6.0,0,0,1,2.0,0,14.0,0.0,0.0,0.0,0.0,14.0,14.0,13355.0
3356,6281006453029,0,Sunsilk oil replacement coconut 300 ml,11.5,13.8,-1,-14774017,1,0,6.0,0,0,1,2.0,0,11.5,0.0,0.0,0.0,20.0,11.5,13.8,63356.0
3357,6281006618138,0,Sunsilk leave on cream soft et smooth 200 ml,7.5,8.8995,-1,-14774017,1,0,12.0,0,0,1,2.0,0,7.5,0.0,0.0,0.0,18.66,7.5,8.8995,63357.0
3358,6281006618145,0,Sunsilk leave on cream strength et shine 200 ml,7.5,8.8995,-1,-14774017,1,0,12.0,0,0,1,2.0,0,7.5,0.0,0.0,0.0,18.66,7.5,8.8995,63358.0
3359,000000700207,0,Jaspé EDP femme le beau le parfum 60 ml,20.0,20.0,-1,-14774017,1,0,0.0,0,0,1,2.0,0,20.0,0.0,0.0,0.0,0.0,20.0,20.0,
3360,000023415256,0,Jaspé EDP femme burberry goddess 60 ml,19.99914,25.000924914,-1,-14774017,1,0,11.0,0,0,1,2.0,0,16.806,0.0,0.0,19.0,25.01,16.806,21.0091806,13360.0
3361,000024005074,0,Jaspé EDP unisex kayali juicy apple 60 ml,19.99914,25.000924914,-1,-14774017,1,0,10.0,0,0,1,2.0,0,16.806,0.0,0.0,19.0,25.01,16.806,21.0091806,13361.0
3362,000024001694,0,Jaspé EDP unisex kayali déjà vu 60 ml,19.99914,25.000924914,-1,-14774017,1,0,10.0,0,0,1,2.0,0,16.806,0.0,0.0,19.0,25.01,16.806,21.0091806,13362.0
3363,000023024502,0,Jaspé EDP homme le male elixir 60 ml,19.99914,25.000924914,-1,-14774017,1,0,10.0,0,0,1,2.0,0,16.806,0.0,0.0,19.0,25.01,16.806,21.0091806,13363.0
3364,000024001793,0,Jaspé EDP homme devotion dolce and gabbana 60 ml,19.99914,25.000924914,-1,-14774017,1,0,10.0,0,0,1,2.0,0,16.806,0.0,0.0,19.0,25.01,16.806,21.0091806,13364.0
3365,8003510034697,0,Malizia Gel douche 1000ml bergamot et sage,10.3162885,12.6003147739,-1,-14774017,1,0,9.0,0,0,1,2.0,0,10.199,15.0,0.0,19.0,22.14,8.66915,10.58849981,13365.0
3366,8003510004218,0,Malizia Gel douche 1000ml pine et green tea,10.316,12.6,-1,-14774017,1,0,6.0,0,0,1,2.0,0,10.199,15.0,0.0,19.0,22.14,8.669,10.588,13366.0
3367,8003510026876,0,Malizia Gel douche 1000ml iris petals,10.316,12.6,-1,-14774017,1,0,5.0,0,0,1,2.0,0,10.199,15.0,0.0,19.0,22.14,8.669,10.588,13367.0
3368,4005808816057,0,Nivea Deo homme dry impact 200mL,12.138,12.502,-1,-14774017,1,0,10.0,0,0,1,2.0,0,10.2,0.0,0.0,19.0,3.0,10.2,10.506,13368.0
3369,4005900480347,0,Nivea Deo femme dry comfort 200mL,12.138,12.502,-1,-14774017,1,0,11.0,0,0,1,2.0,0,10.2,0.0,0.0,19.0,3.0,10.2,10.506,13369.0
3370,4005900034878,0,Nivea Deo femme black et white clear 200mL,12.138,12.502,-1,-14774017,1,0,10.0,0,0,1,2.0,0,10.2,0.0,0.0,19.0,3.0,10.2,10.506,13370.0
3371,8003510020492,0,Malizia Deo homme 150ml skyline,7.91945,8.89987791,-1,-14774017,1,0,16.0,0,0,1,2.0,0,6.655,0.0,0.0,19.0,12.38,6.655,7.478889,13371.0
3372,8003510002733,0,Intesa deo homme ylang-ylang 150 ml,7.8,8.9,-1,-14774017,1,0,11.0,0,0,1,2.0,0,6.555,0.0,0.0,19.0,14.1,6.555,7.479,13372.0
3373,8003510002740,0,Intesa deo homme woody 150 ml,7.8,8.9,-1,-14774017,1,0,11.0,0,0,1,2.0,0,6.555,0.0,0.0,19.0,14.1,6.555,7.479,13373.0
3374,6191731500410,0,Rita collant 15 d,1.649,2.5,-1,-14774017,1,0,7.0,0,0,1,2.0,0,1.386,0.0,0.0,19.0,51.6,1.386,2.101,13374.0
3375,6191731500373,0,Elena soquette en lycra,2.199,2.9,-1,-14774017,1,0,7.0,0,0,1,2.0,0,1.848,0.0,0.0,19.0,31.88,1.848,2.437,13375.0
3376,6191731500120,0,flora soquette en lycra mis bas guipé,2.199,2.9,-1,-14774017,1,0,5.0,0,0,1,2.0,0,1.848,0.0,0.0,19.0,31.85,1.848,2.437,13376.0
3377,6191731500359,0,Elena soquette en lycra mis bas,2.199,2.9,-1,-14774017,1,0,7.0,0,0,1,2.0,0,1.848,0.0,0.0,19.0,31.88,1.848,2.437,13377.0
3378,8004120905735,0,Milmil  masque cheuveux argan 500 ml,8.249,9.9,-1,-14774017,1,0,5.0,0,0,1,2.0,0,6.932,0.0,0.0,19.0,20.01,6.932,8.319,13378.0
3379,8004120060281,0,Milmil  masque cheuveux cocco 500 ml,8.249,9.9,-1,-14774017,1,0,4.0,0,0,1,2.0,0,6.932,0.0,0.0,19.0,20.01,6.932,8.319,13379.0
3380,8004120060359,0,Milmil  masque cheuveux  burro de karité 500 ml,8.249,9.9,-1,-14774017,1,0,5.0,0,0,1,2.0,0,6.932,0.0,0.0,19.0,20.01,6.932,8.319,13380.0
3381,8004120905124,0,Milmil  masque cheuveux argan 1 kg,13.749,15.9,-1,-14774017,1,0,4.0,0,0,1,2.0,0,11.554,0.0,0.0,19.0,15.64,11.554,13.361,13381.0
3382,8004120060274,0,Milmil  masque cheuveux cacco 1 kg,13.749,15.9,-1,-14774017,1,0,5.0,0,0,1,2.0,0,11.554,0.0,0.0,19.0,15.64,11.554,13.361,13382.0
3383,8004120060342,0,Milmil  masque cheuveux burro de karité1 kg,13.749,15.9,-1,-14774017,1,0,6.0,0,0,1,2.0,0,11.554,0.0,0.0,19.0,15.64,11.554,13.361,13383.0
3384,8004120904592,0,Milmil shp baby pures 750 ml,10.123,11.9,-1,-14774017,1,0,4.0,0,0,1,2.0,0,8.507,0.0,0.0,19.0,17.55,8.507,10.0,13384.0
3385,8004120010149,0,Milmil shp neutro 2000 ml,15.574,17.9,-1,-14774017,1,0,5.0,0,0,1,2.0,0,13.087,0.0,0.0,19.0,14.94,13.087,15.042,13385.0
3386,056594006225,0,Nivea prtect et care  aprés rasage 100 ml,19.04,23.8,-1,-14774017,1,0,5.0,0,0,1,2.0,0,16.0,0.0,0.0,19.0,25.0,16.0,20.0,13386.0
3387,6192002402129,0,Judy vitres fraicheur citron 5 L,14.561,16.8,-1,-14774017,1,0,3.0,0,0,1,2.0,0,12.236,0.0,0.0,19.0,15.38,12.236,14.118,33387.0
3388,6192002402242,0,Judy lustrant sol 5L,45.665,47.501,-1,-14774017,1,0,4.0,0,0,1,2.0,0,38.374,0.0,0.0,19.0,4.02,38.374,39.917,33388.0
3389,6192002402273,0,Judy décapant 5 L,20.956,23.1,-1,-14774017,1,0,4.0,0,0,1,2.0,0,17.61,0.0,0.0,19.0,10.23,17.61,19.412,33389.0
3390,6192002402150,0,judy dégraisasant 5 L,20.0,22.2,-1,-14774017,1,0,4.0,0,0,1,2.0,0,16.807,0.0,0.0,19.0,11.0,16.807,18.656,33390.0
3391,6192500400238,0,Lion super brosse cheveux,0.45,0.5,-1,-14774017,1,0,3.0,0,0,1,2.0,0,0.378,0.0,0.0,19.0,11.05,0.378,0.42,33391.0
3392,6192106800265,0,Caissettes n°7 blanc 250 PC,2.1,2.4,-1,-14774017,1,0,19.0,0,0,1,2.0,0,1.765,0.0,0.0,19.0,14.25,1.765,2.017,33392.0
3393,6192106801163,0,Caissettes n°5 blanc 250 PC,1.495,1.8,-1,-14774017,1,0,22.0,0,0,1,2.0,0,1.256,0.0,0.0,19.0,20.45,1.256,1.513,33393.0
3394,6192422601362,0,Fleur de printemps air fresh vanille 200 ml,3.0,3.7,-1,-14774017,1,0,1.0,185,0,1,2.0,0,2.496,0.0,1.0,19.0,23.32,2.521,3.109,403394.0
3395,6192422600969,0,Fleur de printemps air fresh chewing-gum 200 ml,3.0,3.7,-1,-14774017,1,0,9.0,185,0,1,2.0,0,2.496,0.0,1.0,19.0,23.32,2.521,3.109,403395.0
3396,6192422600471,0,Fleur de printemps air fresh vanille 200 ml,2.9999424,3.69952896768,-1,-14774017,1,0,24.0,185,0,1,2.0,0,2.496,0.0,1.0,19.0,23.32,2.52096,3.108847872,403396.0
3397,6192422600037,0,Fleur de printemps air fresh lavande 200 ml,3.0,3.7,-1,-14774017,1,0,10.0,185,0,1,2.0,0,2.496,0.0,1.0,19.0,23.32,2.521,3.109,403397.0
3398,6192422600921,0,Fleur de printemps air fresh cerise 200 ml,3.0,3.7,-1,-14774017,1,0,10.0,185,0,1,2.0,0,2.496,0.0,1.0,19.0,23.32,2.521,3.109,403398.0
3399,6192422600464,0,Fleur de printemps air fresh ocean 200 ml,3.0,3.7,-1,-14774017,1,0,6.0,0,0,1,2.0,0,2.496,0.0,1.0,19.0,23.32,2.521,3.109,403399.0
3400,6192422601058,0,Fleur de printemps air fresh lavande 500 ml,6.0,7.4,-1,-14774017,1,0,10.0,0,0,1,2.0,0,4.992,0.0,1.0,19.0,23.33,5.042,6.218,403400.0
3401,6192422601010,0,Fleur de printemps air fresh ocean 500 ml,6.0,7.4,-1,-14774017,1,0,7.0,0,0,1,2.0,0,4.992,0.0,1.0,19.0,23.33,5.042,6.218,403401.0
3402,6192422601133,0,Fleur de printemps air fresh chewing-gum 500 ml,6.0,7.4,-1,-14774017,1,0,11.0,185,0,1,2.0,0,4.992,0.0,1.0,19.0,23.33,5.042,6.218,403402.0
3403,6192422601027,0,Fleur de printemps air fresh vanille 500 ml,6.0,7.4,-1,-14774017,1,0,8.0,0,0,1,2.0,0,4.992,0.0,1.0,19.0,23.33,5.042,6.218,403403.0
3404,6192422601379,0,Fleur de printemps air fresh oud-vanille 500 ml,6.0,7.4,-1,-14774017,1,0,8.0,0,0,1,2.0,0,4.992,0.0,1.0,19.0,23.33,5.042,6.218,403404.0
3405,6192422601034,0,Fleur de printemps air fresh cerise 500 ml,6.0,7.4,-1,-14774017,1,0,10.0,185,0,1,2.0,0,4.992,0.0,1.0,19.0,23.33,5.042,6.218,403405.0
3406,123456789128,0,Every Green Traitement Loss Control (1 ampoule),6.5,6.5,-1,-14774017,1,0,-4.0,0,0,1,2.0,0,6.5,0.0,0.0,0.0,0.0,6.5,6.5,
3407,6192326800410,0,Fleur de printemps parfum de linge lavande 150 ml,3.5,4.2,-1,-14774017,1,0,13.0,0,0,1,2.0,0,3.5,0.0,0.0,0.0,20.0,3.5,4.2,403407.0
3408,6192326800434,0,Fleur de printemps parfum de linge tahiti 150 ml,3.5,4.2,-1,-14774017,1,0,10.0,0,0,1,2.0,0,3.5,0.0,0.0,0.0,20.0,3.5,4.2,403408.0
3409,6192326800427,0,Fleur de printemps parfum de linge white 150 ml,3.5,4.2,-1,-14774017,1,0,16.0,0,0,1,2.0,0,3.5,0.0,0.0,0.0,20.0,3.5,4.2,403409.0
3410,6192326800397,0,Fleur de printemps parfum de linge ocean  150 ml,3.5,4.2,-1,-14774017,1,0,12.0,0,0,1,2.0,0,3.5,0.0,0.0,0.0,20.0,3.5,4.2,403410.0
3411,6192326800403,0,Fleur de printemps parfum de linge jasmin 150 ml,3.5,4.2,-1,-14774017,1,0,16.0,0,0,1,2.0,0,3.5,0.0,0.0,0.0,20.0,3.5,4.2,403411.0
3412,6192326800441,0,Fleur de printemps parfum de linge rose 150 ml,3.5,4.2,-1,-14774017,1,0,13.0,0,0,1,2.0,0,3.5,0.0,0.0,0.0,20.0,3.5,4.2,403412.0
3413,6192488208901,0,R.B Teinture 9.11,5.263,6.9,-1,-14774017,1,0,6.0,0,0,1,2.0,0,4.914,10.0,0.0,19.0,31.1,4.423,5.799,13413.0
3414,6192488208918,0,R.B Teinture 10.11,5.263,6.9,-1,-14774017,1,0,6.0,0,0,1,2.0,0,4.914,10.0,0.0,19.0,31.1,4.423,5.799,13414.0
3415,6192488206297,0,H.Zone shp lalo max repair 800 ml,18.0,18.0,-1,-14774017,1,0,7.0,0,0,1,2.0,0,18.95,20.18,0.0,19.0,0.0,15.126,15.126,13415.0
3416,6192488206334,0,H.Zone shp lalo pro vitality  800 ml,18.0,18.0,-1,-14774017,1,0,5.0,0,0,1,2.0,0,18.95,20.18,0.0,19.0,0.0,15.126,15.126,13416.0
3417,6192488206211,0,H.Zone shp lalo unlimited blond 800 ml,18.0,18.0,-1,-14774017,1,0,16.0,0,0,1,2.0,0,18.95,20.18,0.0,19.0,0.0,15.126,15.126,13417.0
3418,6192488206259,0,H.Zone shp lalo color resist  800 ml,18.0,18.0,-1,-14774017,1,0,0.0,0,0,1,2.0,0,18.95,20.18,0.0,19.0,0.0,15.126,15.126,13418.0
3419,6192488208932,0,H.Zone teinture lalo 7.11,8.663,8.9,-1,-14774017,1,0,11.0,0,0,1,2.0,0,7.28,0.0,0.0,19.0,2.73,7.28,7.479,13419.0
3420,6192488200516,0,H.Zone teinture lalo 445T,8.663,8.9,-1,-14774017,1,0,12.0,0,0,1,2.0,0,7.28,0.0,0.0,19.0,2.73,7.28,7.479,13420.0
3421,6192488200318,0,H.Zone teinture lalo 65,8.663,8.9,-1,-14774017,1,0,10.0,0,0,1,2.0,0,7.28,0.0,0.0,19.0,2.73,7.28,7.479,13421.0
3422,6192488200974,0,H.Zone teinture lalo 7.00,8.663,8.9,-1,-14774017,1,0,16.0,0,0,1,2.0,0,7.28,0.0,0.0,19.0,2.73,7.28,7.479,13422.0
3423,6192488201001,0,H.Zone teinture lalo 9.00,8.663,8.9,-1,-14774017,1,0,11.0,0,0,1,2.0,0,7.28,0.0,0.0,19.0,2.73,7.28,7.479,13423.0
3424,6192488200301,0,H.Zone teinture lalo 55,8.663,8.9,-1,-14774017,1,0,10.0,0,0,1,2.0,0,7.28,0.0,0.0,19.0,2.73,7.28,7.479,13424.0
3425,6192488200028,0,H.Zone teinture lalo 64,8.663,8.9,-1,-14774017,1,0,11.0,0,0,1,2.0,0,7.28,0.0,0.0,19.0,2.73,7.28,7.479,13425.0
3426,6192488200981,0,H.Zone teinture lalo 8.00,8.663,8.9,-1,-14774017,1,0,22.0,0,0,1,2.0,0,7.28,0.0,0.0,19.0,2.73,7.28,7.479,13426.0
3427,6192488200967,0,H.Zone teinture lalo 6.00,8.663,8.9,-1,-14774017,1,0,20.0,0,0,1,2.0,0,7.28,0.0,0.0,19.0,2.73,7.28,7.479,13427.0
3428,6192488200936,0,H.Zone teinture lalo 10.31,8.663,8.9,-1,-14774017,1,0,11.0,0,0,1,2.0,0,7.28,0.0,0.0,19.0,2.73,7.28,7.479,13428.0
3429,6192488200080,0,H.Zone teinture lalo 608,8.663,8.9,-1,-14774017,1,0,11.0,0,0,1,2.0,0,7.28,0.0,0.0,19.0,2.73,7.28,7.479,13429.0
3430,6192488200073,0,H.Zone teinture lalo 508,8.663,8.9,-1,-14774017,1,0,12.0,0,0,1,2.0,0,7.28,0.0,0.0,19.0,2.73,7.28,7.479,13430.0
3431,6192488200455,0,H.Zone teinture lalo MIEL HONEY MIEL,8.663,8.9,-1,-14774017,1,0,11.0,0,0,1,2.0,0,7.28,0.0,0.0,19.0,2.73,7.28,7.479,13431.0
3432,6192488200271,0,H.Zone teinture lalo 73,8.663,8.9,-1,-14774017,1,0,11.0,0,0,1,2.0,0,7.28,0.0,0.0,19.0,2.73,7.28,7.479,13432.0
3433,6192488200103,0,H.Zone teinture lalo 555,8.663,8.9,-1,-14774017,1,0,11.0,0,0,1,2.0,0,7.28,0.0,0.0,19.0,2.73,7.28,7.479,13433.0
3434,6192488200257,0,H.Zone teinture lalo 53,8.663,8.9,-1,-14774017,1,0,11.0,0,0,1,2.0,0,7.28,0.0,0.0,19.0,2.73,7.28,7.479,13434.0
3435,6192488200646,0,H.Zone teinture lalo 666,8.663,8.9,-1,-14774017,1,0,22.0,0,0,1,2.0,0,7.28,0.0,0.0,19.0,2.73,7.28,7.479,13435.0
3436,6192488200585,0,H.Zone teinture lalo 612,8.663,8.9,-1,-14774017,1,0,11.0,0,0,1,2.0,0,7.28,0.0,0.0,19.0,2.73,7.28,7.479,13436.0
3438,6192488208925,0,H.Zone teinture lalo 6.11,8.663,8.9,-1,-14774017,1,0,11.0,0,0,1,2.0,0,7.28,0.0,0.0,19.0,2.73,7.28,7.479,13438.0
3439,6192488208949,0,H.Zone teinture lalo 8.11,8.663,8.9,-1,-14774017,1,0,10.0,0,0,1,2.0,0,7.28,0.0,0.0,19.0,2.73,7.28,7.479,13439.0
3440,6192488200523,0,H.Zone teinture lalo 453,8.663,8.9,-1,-14774017,1,0,12.0,0,0,1,2.0,0,7.28,0.0,0.0,19.0,2.73,7.28,7.479,13440.0
3441,6192488200561,0,H.Zone teinture lalo 554,8.663,8.9,-1,-14774017,1,0,12.0,0,0,1,2.0,0,7.28,0.0,0.0,19.0,2.73,7.28,7.479,13441.0
3442,6192488200097,0,H.Zone teinture lalo 708,8.663,8.9,-1,-14774017,1,0,12.0,0,0,1,2.0,0,7.28,0.0,0.0,19.0,2.73,7.28,7.479,13442.0
3443,3600520920917,0,L'oréal STUDIO LINE GEL 9 150ML,14.8512,17.60015712,-1,-14774017,1,0,5.0,0,0,1,2.0,0,15.6,20.0,0.0,19.0,18.51,12.48,14.790048,13443.0
3444,3600521137888,0,L'oréal STUDIO LINE GEL 6 OUT OF BED 150ML,14.3752,17.39974208,-1,-14774017,1,0,4.0,0,0,1,2.0,0,15.1,20.0,0.0,19.0,21.04,12.08,14.621632,13444.0
3445,3610340671258,0,Garnier U.D CRÈME SANS RINÇAGE RICE WATER 200ML,17.055675,19.4997532275,-1,-14774017,1,0,5.0,0,0,1,2.0,0,15.75,9.0,0.0,19.0,14.33,14.3325,16.38634725,13445.0
3446,3600542571951,0,Garnier U.D SHP 600ML AVOCAT -KARITÉ,20.9,23.7,-1,-14774017,1,0,5.0,0,0,1,2.0,0,19.3,9.0,0.0,19.0,13.4,17.563,19.916,13446.0
3447,3600551145983,0,Narta Bille femme invisible 50ML,11.733,13.901,-1,-14774017,1,0,4.0,0,0,1,2.0,0,10.955,10.0,0.0,19.0,18.47,9.86,11.681,13447.0
3448,3600550942385,0,Narta Bille femme magnesuim protect 50ML,11.733,13.901,-1,-14774017,1,0,5.0,0,0,1,2.0,0,10.955,10.0,0.0,19.0,18.47,9.86,11.681,13448.0
3449,3600551146423,0,Narta Bille Homme invisimax 50ML,11.733,13.901,-1,-14774017,1,0,6.0,0,0,1,2.0,0,10.955,10.0,0.0,19.0,18.47,9.86,11.681,13449.0
3450,3600551146218,0,Narta deo femme invisible 200 ml,13.0662,15.79964904,-1,-14774017,1,0,11.0,0,0,1,2.0,0,12.2,10.0,0.0,19.0,20.92,10.98,13.277016,13450.0
3451,3600551146317,0,Narta deo femme magneusuim protect 150 ml,12.7449,15.30025245,-1,-14774017,1,0,10.0,0,0,1,2.0,0,11.9,10.0,0.0,19.0,20.05,10.71,12.857355,13451.0
3452,3600541177741,0,Garnier U.D SHP 400ML AVOCAT -KARITÉ,15.106455,16.8995912085,-1,-14774017,1,0,8.0,0,0,1,2.0,0,13.95,9.0,0.0,19.0,11.87,12.6945,14.20133715,13452.0
3453,3061375125016,0,EXCELLENCE 7 BLOND,26.805,29.901,-1,-14774017,1,0,3.0,0,0,1,2.0,0,26.5,15.0,0.0,19.0,11.55,22.525,25.127,13453.0
3454,3600522832010,0,EXCELLENCE 7.7 MARRON MIEL,26.805,29.901,-1,-14774017,1,0,2.0,0,0,1,2.0,0,26.5,15.0,0.0,19.0,11.55,22.525,25.127,13454.0
3455,6192011814463,0,Lilas couche bébé taille 2,14.21,16.8,-1,-14774017,1,0,12.0,0,0,1,2.0,0,14.21,0.0,0.0,0.0,18.23,14.21,16.8,43455.0
3456,6192488200950,0,H.Zone teinture lalo 5.00,8.663,8.9,-1,-14774017,1,0,0.0,0,0,1,2.0,0,7.28,0.0,0.0,19.0,2.73,7.28,7.479,13456.0
3457,6192409006807,0,Dexel gel machine blue flowers 5 L +500 ML GRATUIT,15.083,19.899,-1,-14774017,1,0,0.0,0,0,1,2.0,0,13.067,3.0,0.0,19.0,31.93,12.675,16.722,83457.0
3458,6192409006814,0,Dexel gel machine purple flowers 5 L +500 ML GRATUIT,15.083,19.899,-1,-14774017,1,0,0.0,0,0,1,2.0,0,13.067,3.0,0.0,19.0,31.93,12.675,16.722,83458.0
3459,6192508100031,0,Sac de congelations 1 kg,1.25,1.4,-1,-14774017,1,0,1.0,0,0,1,2.0,0,1.25,0.0,0.0,0.0,12.0,1.25,1.4,433459.0
3460,6956726822843,8,goho lame sourcil + brosse eyebrow shaver,3.0,3.504,-1,-14774017,1,0,1.0,0,0,1,2.0,0,3.0,0.0,0.0,0.0,16.8,3.0,3.504,443460.0
3461,8801038123622,0,tincke lame soucil eyebrow razor de 1,1.5,1.8,-1,-14774017,1,0,2.0,0,0,1,2.0,0,1.5,0.0,0.0,0.0,20.0,1.5,1.8,443461.0
3462,8801038123097,0,myic lame soucil eyebrow razor de 3,4.0,4.8,-1,-14774017,1,0,1.0,0,0,1,2.0,0,4.0,0.0,0.0,0.0,20.0,4.0,4.8,443462.0
3463,8888021200140,0,Energizer R20,20.111,21.899,-1,-14774017,1,0,6.0,0,0,1,2.0,0,16.9,0.0,0.0,19.0,8.89,16.9,18.402,13463.0
3464,3610340027130,0,Garnier U.D SHP 400ML OLIVE MYTHIQUE,15.107,16.9,-1,-14774017,1,0,6.0,0,0,1,2.0,0,13.95,9.0,0.0,19.0,11.87,12.695,14.202,13464.0
3465,5283022000011,0,Elegance gel wax 140 gr,5.355,7.0,-1,-14774017,1,0,1.0,0,0,1,2.0,0,4.5,0.0,0.0,19.0,30.71,4.5,5.882,13465.0
3466,6192457502634,53,DUMAX MANCHE 1.40 M SILVE,2.506,3.007,-1,-14774017,1,1,12.0,0,0,1,2.0,0,2.171,3.0,0.0,19.0,20.0,2.106,2.527,83466.0
3467,6193001358264,0,FAWANIS LED LUMIERE BLANCHE 20W,7.731,10.0,-1,-14774017,1,0,7.0,0,0,1,2.0,0,7.97,3.0,0.0,0.0,29.5,7.731,10.012,83467.0
3468,6192502704976,19,SOFPINCE VENTOUSE WC PM,2.231,2.9,-1,-14774017,1,0,12.0,186,0,1,2.0,0,1.933,3.0,0.0,19.0,29.99,1.875,2.437,83468.0
3469,8681725022861,52,EVISSA SAVON BEAUTY VISAGE LAVANDE 5*55G,3.905,4.9,-1,-14774017,1,0,7.0,187,0,1,2.0,0,3.383,3.0,0.0,19.0,25.48,3.282,4.118,83469.0
3470,8681725021802,52,EVISSA SAVON BEAUTY VISAGE OLIVE 5*55GR,3.905,4.9,-1,-14774017,1,0,19.0,187,0,1,2.0,0,3.383,3.0,0.0,19.0,25.48,3.282,4.118,83470.0
3471,8681725022779,52,EVISSA SAVON BEAUTY VISAGE ALOE VERA 5*55GR,3.905,4.9,-1,-14774017,1,0,8.0,187,0,1,2.0,0,3.383,3.0,0.0,19.0,25.48,3.282,4.118,83471.0
3472,6192002080105,19,CHOC NET DESODORISE WC LAVANDE 3PC,4.654,5.9,-1,-14774017,1,0,2.0,108,0,1,2.0,0,4.032,3.0,0.0,19.0,26.77,3.911,4.958,83472.0
3473,6192002080099,19,CHOC NET DESODORISE WC ROSE 3PC,4.6541376,5.90005023552,-1,-14774017,1,0,4.0,108,0,1,2.0,0,4.032,3.0,0.0,19.0,26.77,3.91104,4.958025408,83473.0
3474,6192002020309,53,CHOC ROBINETTERIE 500ML,3.8946082,5.49957623922,-1,-14774017,1,0,6.0,108,0,1,2.0,0,3.374,3.0,0.0,19.0,41.21,3.27278,4.621492638,83474.0
3475,789554569101,53,WHITE SHARK JEX FER STEEL SCOURER,0.97,1.2,-1,-14774017,1,0,22.0,129,0,1,2.0,0,0.84,3.0,0.0,19.0,23.71,0.815,1.008,83475.0
3476,9555417100139,53,ZONY HANDCARE GANT DE MENAGE TAILLE L OU M,1.9403783,2.4992072504,-1,-14774017,1,0,22.0,188,0,1,2.0,0,1.681,3.0,0.0,19.0,28.8,1.63057,2.10017416,83476.0
3478,8601658002051,53,AN QUAN GANT DE MENAGE,2.424,2.9,-1,-14774017,1,0,12.0,0,0,1,2.0,0,2.1,3.0,0.0,19.0,19.64,2.037,2.437,83478.0
3479,6192507800208,53,BSP BALAI STORM,2.038,2.7,-1,-14774017,1,0,11.0,189,0,1,2.0,0,2.101,3.0,0.0,0.0,32.48,2.038,2.7,83479.0
3480,8681725024148,52,EVISSA SAVON BEAUTY VISAGE OCEAN 4*110GR,7.419,8.9,-1,-14774017,1,0,8.0,187,0,1,2.0,0,6.427,3.0,0.0,19.0,19.97,6.234,7.479,83480.0
3481,1001202505,54,RLX SAC CONGELATIONS 0.5 L,0.776,0.9,-1,-14774017,1,1,44.0,0,0,1,2.0,0,0.672,3.0,0.0,19.0,15.98,0.652,0.756,83481.0
3482,100420251,54,RLX SAC CONGELATION 1L,1.067,1.4,-1,-14774017,1,1,37.0,0,0,1,2.0,0,0.924,3.0,0.0,19.0,31.33,0.896,1.177,83482.0
3483,6975960492261,55,VESTEL PILE AAA R03 1.5V,0.344,1.0,-1,-14774017,1,0,190.0,190,0,1,2.0,0,0.298,3.0,0.0,19.0,190.69,0.289,0.84,83483.0
3484,6192502700824,53,SOFPINCE VENTOUSE WC GM,3.157,3.9,-1,-14774017,1,0,12.0,186,0,1,2.0,0,2.735,3.0,0.0,19.0,23.54,2.653,3.278,83484.0
3485,6192026301224,56,JMAL CLASS LESSIVE LIQUIDE Bleu 5L,27.0,29.5,-1,-14774017,1,0,10.0,128,0,1,2.0,0,22.689,0.0,0.0,19.0,9.26,22.689,24.79,83485.0
3486,8683143500518,53,SILLGECH MANCHE FLAT BROOM SET,23.28,27.0,-1,-14774017,1,0,1.0,191,0,1,2.0,0,20.168,3.0,0.0,19.0,15.98,19.563,22.689,83486.0
3487,6192502701289,0,SOFPINCE GLACIERE 15L,18.777,23.0,-1,-14774017,1,0,1.0,0,0,1,2.0,0,16.267,3.0,0.0,19.0,22.54,15.779,19.336,83487.0
3488,000000000765,57,sac poubelle trabondo super noir  20ps,2.23,3.4,-1,-14774017,1,1,0.0,0,0,1,2.0,0,1.932,3.0,0.0,19.0,52.47,1.874,2.857,83488.0
3489,5010287379008,0,Dr Beckmann pistolet anti tache 500 ml,7.497,8.999,-1,-14774017,1,0,5.0,69,0,1,2.0,0,7.0,10.0,0.0,19.0,20.03,6.3,7.562,133489.0
3490,4008455571812,0,Dr Beckmann détachant textil 80 gr,2.678,3.2,-1,-14774017,1,0,12.0,69,0,1,2.0,0,2.5,10.0,0.0,19.0,19.5,2.25,2.689,133490.0
3491,4008455583716,0,Dr Beckmann nettoyant pour machine à laver 100 gr,3.213,3.9,-1,-14774017,1,0,7.0,69,0,1,2.0,0,3.0,10.0,0.0,19.0,21.39,2.7,3.278,133491.0
3492,4008455571713,0,Dr Beckmann blanchissant  super blanc 80 gr,3.213,3.9,-1,-14774017,1,0,13.0,69,0,1,2.0,0,3.0,10.0,0.0,19.0,21.37,2.7,3.277,133492.0
3493,5010287365933,0,Dr Beckmann detacheur a sec stylo 9 ml,7.497,8.997,-1,-14774017,1,0,6.0,0,0,1,2.0,0,7.0,10.0,0.0,19.0,20.01,6.3,7.561,133493.0
3494,5010287483507,0,Dr Beckmann pour machine 250 ml,7.497,13.59932,-1,-14774017,1,0,5.0,69,0,1,2.0,0,7.0,10.0,0.0,19.0,21.39,6.3,7.64757,133494.0
3495,001100110,57,sac boubelle b1,0.727,1.0,-1,-14774017,1,0,20.0,0,0,1,2.0,0,0.63,3.0,0.0,19.0,37.55,0.611,0.84,83495.0
3496,6192465803198,0,Zynia lave main ambre vanille  370 ML,3.191,3.5,-1,-14774017,1,0,8.0,0,0,1,2.0,0,2.95,10.0,1.0,19.0,9.66,2.682,2.941,143496.0
3500,000000000123,57,Sac poubelle 70/40,3.111,3.7,-1,-14774017,1,1,86.0,0,0,1,2.0,0,3.111,0.0,0.0,0.0,18.92,3.111,3.7,193500.0
3501,6224002782045,0,Shark jex inox bingo,1.466,2.0,-1,-14774017,1,0,34.0,0,0,1,2.0,0,1.466,0.0,0.0,0.0,36.45,1.466,2.0,193501.0
3502,613345678249,0,Shark fleur de douche kids,1.5,2.1,-1,-14774017,1,0,8.0,0,0,1,2.0,0,1.5,0.0,0.0,0.0,40.0,1.5,2.1,193502.0
3503,6224002782168,0,Shark eponge avec fibre,1.25,1.5,-1,-14774017,1,0,72.0,0,0,1,2.0,0,1.25,0.0,0.0,0.0,20.0,1.25,1.5,193503.0
3504,6192441600100,0,Bingo inox spiral *3,2.7,3.5,-1,-14774017,1,0,23.0,0,0,1,2.0,0,2.7,0.0,0.0,0.0,29.62,2.7,3.5,193504.0
3505,6956288663205,0,Safoud en bois,1.7,2.2,-1,-14774017,1,0,26.0,0,0,1,2.0,0,1.7,0.0,0.0,0.0,29.44,1.7,2.2,193505.0
3506,6192026301408,56,Jmal class lessive liquide 2 L,11.00036,10.89921,-1,-14774017,1,0,11.0,128,0,1,2.0,0,9.244,0.0,0.0,19.0,17.27,9.244,10.8404388,193506.0
3507,6192002020057,0,Choc deboucheur liquide 1 L,6.4,7.5,-1,-14774017,1,0,6.0,0,0,1,2.0,0,5.378,0.0,0.0,19.0,17.19,5.378,6.302,193507.0
3508,6192002402204,0,judy shp tapis et moquette 1 L,4.601,5.3,-1,-14774017,1,0,3.0,17,0,1,2.0,0,3.866,0.0,0.0,19.0,15.2,3.866,4.454,193508.0
3509,6192002010430,0,Sani brille nettoyant meuble 250 ml,4.75,5.7,-1,-14774017,1,0,11.0,109,0,1,2.0,0,3.992,0.0,0.0,19.0,19.99,3.992,4.79,193509.0
3510,6192401700093,0,Hilac killer insectes 250 ml,5.2,6.4,-1,-14774017,1,0,11.0,0,0,1,2.0,0,4.37,0.0,0.0,19.0,23.07,4.37,5.378,193510.0
3511,6192466700090,0,Killer insectes 250 ml,9.5,11.4,-1,-14774017,1,0,5.0,0,0,1,2.0,0,7.983,0.0,0.0,19.0,20.0,7.983,9.58,193511.0
3512,6192466700199,0,Toxilic killer insectes 100 gr,3.2,3.9,-1,-14774017,1,0,6.0,0,0,1,2.0,0,2.689,0.0,0.0,19.0,21.89,2.689,3.278,193512.0
3513,6192003206078,0,Vita brosse MM,1.299,2.5,-1,-14774017,1,0,1.0,0,0,1,2.0,0,1.092,0.0,0.0,19.0,92.41,1.092,2.101,193513.0
3514,6192003206023,0,Vita brosse a barbe GM,10.299,11.8,-1,-14774017,1,0,3.0,0,0,1,2.0,0,8.655,0.0,0.0,19.0,14.57,8.655,9.916,193514.0
3515,6192466700168,0,P-methrine  killer insectes 100 ml,5.0,5.9,-1,-14774017,1,0,5.0,0,0,1,2.0,0,4.202,0.0,0.0,19.0,18.0,4.202,4.958,193515.0
3516,6192466700106,0,killer first insectes 100 ml,4.0,4.8,-1,-14774017,1,0,5.0,0,0,1,2.0,0,3.361,0.0,0.0,19.0,20.0,3.361,4.033,193516.0
3517,6936805400995,0,Bamboo curedon GM,1.501,1.8,-1,-14774017,1,0,19.0,0,0,1,2.0,0,1.261,0.0,0.0,19.0,19.98,1.261,1.513,193517.0
3518,6192009700648,0,Hycot coton 25 gr,0.8,1.2,-1,-14774017,1,0,77.0,0,0,1,2.0,0,0.748,0.0,0.0,7.0,49.9,0.748,1.121,193518.0
3519,6192009700655,0,Hycot coton 50 gr,1.55,2.0,-1,-14774017,1,0,36.0,0,0,1,2.0,0,1.449,0.0,0.0,7.0,29.0,1.449,1.869,193519.0
3520,6192435100166,0,Tanit naphtaline 100 gr,4.0,4.8,-1,-14774017,1,0,23.0,0,0,1,2.0,0,3.361,0.0,0.0,19.0,20.0,3.361,4.033,193520.0
3521,6192026302696,0,JMAL CLASS LESSIVE LIQUIDE vert 5L,27.0,29.5,-1,-14774017,1,0,4.0,0,0,1,2.0,0,22.689,0.0,0.0,19.0,9.26,22.689,24.79,193521.0
3522,6192003206061,0,Vitta brosse PM,1.0,2.0,-1,-14774017,1,0,2.0,0,0,1,2.0,0,0.84,0.0,0.0,19.0,100.1,0.84,1.681,193522.0
3523,6192466701141,0,Toumort pistolet killer insectes 500 ml,5.3,7.0,-1,-14774017,1,0,5.0,0,0,1,2.0,0,4.454,0.0,0.0,19.0,32.07,4.454,5.882,193523.0
3524,9745760468158,0,Swift lite Charbon,1.1,1.5,-1,-14774017,1,0,54.0,0,0,1,2.0,0,0.924,0.0,0.0,19.0,36.45,0.924,1.261,193524.0
3526,8691858081260,0,Corde a linge,2.3,2.8,-1,-14774017,1,0,3.0,0,0,1,2.0,0,1.933,0.0,0.0,19.0,21.72,1.933,2.353,193526.0
3527,4033032016417,0,Hardenburg coup angle,8.8,9.9,-1,-14774017,1,0,2.0,0,0,1,2.0,0,8.8,0.0,0.0,0.0,12.5,8.8,9.9,193527.0
3528,6192000718208,0,Sunsilk SHP 180ml nourrissant beure de karite,3.059,3.5,-1,-14774017,1,0,23.0,57,0,1,2.0,0,2.571,0.0,0.0,19.0,14.4,2.571,2.941,
3529,5283009711459,0,Genereal Power Active Lavande 1 piéces,3.361,3.901,-1,-14774017,1,0,8.0,0,0,1,2.0,0,3.323,15.0,0.0,19.0,16.04,2.825,3.278,173529.0
3530,3838824426839,0,Schwarzkopf gliss shp aqua revive 400 ml,9.106,11.2,-1,-14774017,1,0,6.0,0,0,1,2.0,0,8.795,13.0,0.0,19.0,23.0,7.652,9.412,173530.0
3531,4015100813050,1,Schwarzkopf gliss shp aqua revive 250 ml,5.58,6.9,-1,-14774017,1,0,3.0,182,0,1,2.0,0,5.649,17.0,0.0,19.0,23.66,4.689,5.798,173531.0
3532,4015100813753,1,Schwarzkopf gliss masque nourishement 400 ml,15.237,17.9,-1,-14774017,1,0,2.0,182,0,1,2.0,0,15.615,18.0,0.0,19.0,17.48,12.804,15.042,173532.0
3533,3838824421858,1,Schwarzkopf gliss masque regeneration 400 ml,15.237,17.9,-1,-14774017,1,0,3.0,182,0,1,2.0,0,15.615,18.0,0.0,19.0,17.48,12.804,15.042,173533.0
3534,3838824426891,0,Schwarzkopf gliss a/shp aqua revive 400 ml,9.539,11.9,-1,-14774017,1,0,3.0,0,0,1,2.0,0,9.214,13.0,0.0,19.0,24.75,8.016,10.0,173534.0
3535,3610340647697,1,Garnier U.D SHP 600ML mythic olive,20.89997,23.70056598,-1,-14774017,1,0,9.0,9,0,1,2.0,0,19.3,9.0,0.0,19.0,13.4,17.563,19.916442,13535.0
3536,3600542571937,1,Garnier U.D SHP 600ML tresors de miel,20.89997,23.70056598,-1,-14774017,1,0,9.0,9,0,1,2.0,0,19.3,9.0,0.0,19.0,13.4,17.563,19.916442,13536.0
3537,3600542571920,1,Garnier U.D SHP 600ML CAMOMILLE ET %IEL DE FLEURS,20.89997,23.70056598,-1,-14774017,1,0,6.0,9,0,1,2.0,0,19.3,9.0,0.0,19.0,13.4,17.563,19.916442,13537.0
3538,3600551146065,58,NARTA BILLE HOMME INVISMAX 0%,11.733,13.9,-1,-14774017,1,0,3.0,10,0,1,2.0,0,10.955,10.0,0.0,19.0,18.47,9.86,11.681,13538.0
3539,6192400661661,0,NANA Clip Protection Confort 20 7mm maxi Normal,4.720016,5.7999556608,-1,-14774017,1,0,12.0,52,0,1,2.0,0,4.958,20.0,0.0,19.0,22.88,3.9664,4.87391232,13539.0
3540,6192319101555,58,Lilas déo Body Spray Homme Suprème PERFECT 200mL,6.54024,7.899955896,-1,-14774017,1,0,4.0,43,0,1,2.0,0,5.496,0.0,0.0,19.0,20.79,5.496,6.6386184,43540.0
3541,6192319103061,0,Lilas créme de soin 200ml expert SUBLIMATRICE,8.84527,10.900026221,-1,-14774017,1,0,3.0,120,0,1,2.0,0,7.433,0.0,0.0,19.0,23.23,7.433,9.1596859,43541.0
3542,6192319101609,51,Lilas dentifrice ANTI-CARIES MENTHE  120 ml,3.7009,4.80080748,-1,-14774017,1,0,11.0,120,0,1,2.0,0,3.11,0.0,0.0,19.0,29.72,3.11,4.034292,43542.0
3543,6192319101692,51,Lilas dentifrice MISWAK 50 ML,1.9992,2.80027944,-1,-14774017,1,0,12.0,120,0,1,2.0,0,1.68,0.0,0.0,19.0,40.07,1.68,2.353176,43543.0
3544,6192319106147,0,Lilas Gel douche PECHE DELICIEUSE 250mL,5.23005,6.49990614,-1,-14774017,1,0,2.0,120,0,1,2.0,0,4.395,0.0,0.0,19.0,24.28,4.395,5.462106,43544.0
3545,6192319102682,0,Lilas G.Douche Extrème NOIX DE COCO 500mL,4.19475,5.1998121,-1,-14774017,1,0,1.0,0,0,1,2.0,0,3.525,0.0,0.0,19.0,23.96,3.525,4.36959,43545.0
3546,6192002401924,0,Judy Sol Surface citron 1.2 L,6.227,7.5,-1,-14774017,1,0,3.0,17,0,1,2.0,0,5.233,0.0,0.0,19.0,20.44,5.233,6.303,33546.0
3547,8022297154763,0,Semi dilino cristal liquide the original 50ml,27.04,27.04,-1,-14774017,1,0,0.0,0,0,1,2.0,0,24.699,8.0,0.0,19.0,0.0,22.723,22.723,0.0
3548,8022297095912,1,Semi dilino low shampoo balancing 250ml,18.764,18.764,-1,-14774017,1,0,0.0,180,0,1,2.0,0,17.139,8.0,0.0,19.0,0.0,15.768,15.768,0.0
3549,6192017345060,1,Solyss shp cheveux bouclee 500 ml,10.948,10.948,-1,-14774017,1,0,0.0,63,0,1,2.0,0,10.0,8.0,0.0,19.0,0.0,9.2,9.2,0.0
3550,6192017345077,0,solyss a.sh cheveaux boucles 500ml,10.401,10.401,-1,-14774017,1,0,0.0,0,0,1,2.0,0,9.5,8.0,0.0,19.0,0.0,8.74,8.74,0.0
3551,6221155202499,0,camay gel douche oud 1 litre,7.63266,9.599596482,-1,-14774017,1,0,6.0,192,0,1,2.0,0,6.414,0.0,0.0,19.0,25.77,6.414,8.0668878,63551.0
3552,6221155202475,0,camay gel douche noix de coco 1 litre,7.63266,9.599596482,-1,-14774017,1,0,6.0,192,0,1,2.0,0,6.414,0.0,0.0,19.0,25.77,6.414,8.0668878,63552.0
3553,6221155202482,0,camay gel douche jasmin 1 litre,7.63266,9.599596482,-1,-14774017,1,0,6.0,192,0,1,2.0,0,6.414,0.0,0.0,19.0,25.77,6.414,8.0668878,63553.0
3554,6221155202505,0,camay gel douche lavande 1 litre,7.633,9.6,-1,-14774017,1,0,6.0,192,0,1,2.0,0,6.414,0.0,0.0,19.0,25.77,6.414,8.067,63554.0
3555,6281006612907,1,sunsilk shp sans sulfate bye bye hairfall 350 ml,6.05353,7.499718317,-1,-14774017,1,0,12.0,57,0,1,2.0,0,5.087,0.0,0.0,19.0,23.89,5.087,6.3022843,63555.0
3556,6281006612938,1,sunsilk shp sans sulfate out with damage 350 ml,6.05353,7.499718317,-1,-14774017,1,0,12.0,57,0,1,2.0,0,5.087,0.0,0.0,19.0,23.89,5.087,6.3022843,63556.0
3557,6281006612921,1,sunsilk shp sans sulfate moisture 350 ml,6.05353,7.499718317,-1,-14774017,1,0,12.0,57,0,1,2.0,0,5.087,0.0,0.0,19.0,23.89,5.087,6.3022843,63557.0
3559,6192326800632,0,Fleur de printemps max bacticid remp.javel 1 litre,3.19991,4.199881875,-1,-14774017,1,0,24.0,185,0,1,2.0,0,2.689,0.0,0.0,19.0,31.25,2.689,3.5293125,403559.0
3560,6192422600075,0,Fleur de printemps max bacticid degraissant four-gaz 1 litre,9.996,11.9,-1,-14774017,1,0,6.0,185,0,1,2.0,0,8.4,0.0,0.0,19.0,19.05,8.4,10.0,403560.0
3562,6192422600006,0,Fleur de printemps max bacticid nettoyant table 1 litre,9.996,12.5,-1,-14774017,1,0,4.0,185,0,1,2.0,0,8.4,0.0,0.0,19.0,25.05,8.4,10.504,403562.0
3563,6192326800618,0,Fleur de printemps max bacticid lave vitres 1 litre,3.59975,4.899619725,-1,-14774017,1,0,8.0,0,0,1,2.0,0,3.025,0.0,0.0,19.0,36.11,3.025,4.1173275,403563.0
3564,6192422600044,0,Fleur de printemps virucide desinfectant-multi usage 1 litre,7.497,10.5002982,-1,-14774017,1,0,3.0,185,0,1,2.0,0,6.3,0.0,0.0,19.0,40.06,6.3,8.82378,403564.0
3565,6192422600594,0,Fleur de printemps pets clean parfum antiparasite 300 ml,7.497,10.8998883,-1,-14774017,1,0,5.0,185,0,1,2.0,0,6.3,0.0,0.0,19.0,45.39,6.3,9.15957,403565.0
3567,6192422600617,0,Fleur de printemps pets clean shp antiparasite 150 ml,7.497,10.8998883,-1,-14774017,1,0,5.0,0,0,1,2.0,0,6.3,0.0,0.0,19.0,45.39,6.3,9.15957,403567.0
3568,6192422600396,0,Fleur de printemps max bacticid lave vitres 5 litre,9.49977,12.899737683,-1,-14774017,1,0,6.0,0,0,1,2.0,0,7.983,0.0,0.0,19.0,35.79,7.983,10.8401157,403568.0
3569,6192326800465,0,Fleur de printemps parfum de linge jasmin 500 ml,10.799,12.5,-1,-14774017,1,0,3.0,185,0,1,2.0,0,9.075,0.0,0.0,19.0,15.75,9.075,10.504,403569.0
3570,6192326800458,0,Fleur de printemps parfum de linge ocean 500 ml,10.799,12.5,-1,-14774017,1,0,1.0,0,0,1,2.0,0,9.075,0.0,0.0,19.0,15.75,9.075,10.504,403570.0
3571,6192326800496,0,Fleur de printemps parfum de linge tahiti 500 ml,10.799,12.5,-1,-14774017,1,0,2.0,185,0,1,2.0,0,9.075,0.0,0.0,19.0,15.75,9.075,10.504,403571.0
3572,6192326800502,0,Fleur de printemps parfum de linge rose 500 ml,10.799,12.5,-1,-14774017,1,0,1.0,0,0,1,2.0,0,9.075,0.0,0.0,19.0,15.75,9.075,10.504,403572.0
3573,6192326800472,0,Fleur de printemps parfum de linge lavande 500 ml,10.799,12.5,-1,-14774017,1,0,3.0,0,0,1,2.0,0,9.075,0.0,0.0,19.0,15.75,9.075,10.504,403573.0
3574,6192326800489,0,Fleur de printemps parfum de linge white flower 500 ml,10.799,12.5,-1,-14774017,1,0,2.0,0,0,1,2.0,0,9.075,0.0,0.0,19.0,15.75,9.075,10.504,403574.0
3575,6192422601171,0,fleur de printemps max auto nettoyant tableau de board citron 150 ml,3.6,4.9,-1,-14774017,1,0,3.0,0,0,1,2.0,0,3.6,0.0,0.0,0.0,36.11,3.6,4.9,403575.0
3576,6192422601157,0,fleur de printemps max auto nettoyant tableau de board cerise 150 ml,3.6,4.9,-1,-14774017,1,0,0.0,0,0,1,2.0,0,3.6,0.0,0.0,0.0,36.11,3.6,4.9,403576.0
3577,6192422601164,0,fleur de printemps max auto nettoyant tableau de board ocean 150 ml,3.6,4.9,-1,-14774017,1,0,1.0,0,0,1,2.0,0,3.6,0.0,0.0,0.0,36.11,3.6,4.9,403577.0
3578,6192422601140,0,fleur de printemps max auto nettoyant tableau de board vanille 150 ml,3.6,4.9,-1,-14774017,1,0,3.0,0,0,1,2.0,0,3.6,0.0,0.0,0.0,36.11,3.6,4.9,403578.0
3579,6192002408602,0,Judy Linge Flower auto 120 ml,1.09956,1.799539896,-1,-14774017,1,0,35.0,17,0,1,2.0,0,0.924,0.0,0.0,19.0,63.66,0.924,1.5122184,33579.0
3580,6192002408732,0,Judy Linge lavande auto 120 ml,1.09956,1.799539896,-1,-14774017,1,0,35.0,0,0,1,2.0,0,0.924,0.0,0.0,19.0,63.66,0.924,1.5122184,33580.0
3581,8718951606555,51,colgate brosse a dents kids batman,6.0086075,6.0086075,-1,-14774017,1,0,12.0,16,0,1,2.0,0,5.315,5.0,0.0,19.0,0.0,5.04925,5.04925,253581.0
3582,8718951606616,0,colgate brosse a dents kids barbie,6.0086075,6.0086075,-1,-14774017,1,0,12.0,0,0,1,2.0,0,5.315,5.0,0.0,19.0,0.0,5.04925,5.04925,253582.0
3583,8718951237773,0,soupline adoucissant textile lavende 47 litre,15.917,18.9,-1,-14774017,1,0,3.0,147,0,1,2.0,0,14.08,5.0,0.0,19.0,18.74,13.376,15.883,253583.0
3584,8718951237742,0,soupline adoucissant textile lavende 4 litre,15.917,18.9,-1,-14774017,1,0,4.0,147,0,1,2.0,0,14.08,5.0,0.0,19.0,18.74,13.376,15.883,253584.0
3585,6281006617063,0,Sunsilk mask cheuveux bye bye hair fall 220 ml,6.44,7.899948,-1,-14774017,1,0,16.0,57,0,1,2.0,0,6.44,0.0,0.0,0.0,22.67,6.44,7.899948,63585.0
3586,6281006617070,0,Sunsilk mask cheuveux moisture bomb 220 ml,6.44,7.899948,-1,-14774017,1,0,15.0,57,0,1,2.0,0,6.44,0.0,0.0,0.0,22.67,6.44,7.899948,63586.0
3587,6221155058485,0,Clear shp men anti-hairfall zanjabil 360ml,7.5,10.9,-1,-14774017,1,0,0.0,0,0,1,2.0,0,7.5,0.0,0.0,0.0,45.33,7.5,10.9,
3588,5011417567050,0,Air wic recharge FM mediterranen sun 250 ml,13.899,15.8003832,-1,-14774017,1,0,8.0,0,0,1,2.0,0,13.899,0.0,0.0,0.0,13.68,13.899,15.8003832,133588.0
3589,3059943009080,0,Air wic recharge FM lavende 250 ml,13.899,15.8003832,-1,-14774017,1,0,8.0,0,0,1,2.0,0,13.899,0.0,0.0,0.0,13.68,13.899,15.8003832,133589.0
3590,5011417558140,0,Air wic recharge FM vanille 250 ml,13.899,15.8,-1,-14774017,1,0,7.0,0,0,1,2.0,0,13.899,0.0,0.0,0.0,13.68,13.899,15.8,133590.0
3591,3701209301079,0,Polhop boul inox *3,3.005,3.7,-1,-14774017,1,0,24.0,0,0,1,2.0,0,3.005,0.0,0.0,0.0,23.12,3.005,3.7,133591.0
3592,5901718431900,0,Nicols domus eponge *3,3.682,4.2,-1,-14774017,1,0,24.0,0,0,1,2.0,0,3.682,0.0,0.0,0.0,14.08,3.682,4.2,133592.0
3593,6192477610548,0,lilas poudre machine clean rose 4 kg,17.15,19.5,-1,-14774017,1,0,3.0,0,0,1,2.0,0,17.15,0.0,0.0,0.0,13.7,17.15,19.5,223593.0
3594,6192477624484,0,Lilas gel machine orchidee 2.5L,14.501,16.901,-1,-14774017,1,0,4.0,0,0,1,2.0,0,14.501,0.0,0.0,0.0,16.55,14.501,16.901,223594.0
3595,6192477624163,0,Lilas Extra mouatter 1L,1.93,2.4,-1,-14774017,1,0,11.0,0,0,1,2.0,0,1.93,0.0,0.0,0.0,24.35,1.93,2.4,223595.0
3596,6192400661012,0,Lotus Papier essui-tout extra long 2 rouleaux,3.49979,4.699867991,-1,-14774017,1,0,9.0,0,0,1,2.0,0,2.941,0.0,0.0,19.0,34.29,2.941,3.9494689,433596.0
